code,group_en,date,cpi_index,reported_pct_change,pct_change
01,FOOD AND NON-ALCOHOLIC BEVERAGES,2022-12-01,105.674266163,,
01,FOOD AND NON-ALCOHOLIC BEVERAGES,2023-01-01,103.224577047,-2.31815105519,-2.31815105519
01,FOOD AND NON-ALCOHOLIC BEVERAGES,2023-02-01,105.05823249,1.77637486668,1.77637486668
01,FOOD AND NON-ALCOHOLIC BEVERAGES,2023-03-01,106.843701833,1.69950445666,1.69950445666
01,FOOD AND NON-ALCOHOLIC BEVERAGES,2023-04-01,107.415249679,0.534938265684,0.534938265684
01,FOOD AND NON-ALCOHOLIC BEVERAGES,2023-05-01,106.260643085,-1.07490006925,-1.07490006925
01,FOOD AND NON-ALCOHOLIC BEVERAGES,2023-06-01,105.109592016,-1.08323367552,-1.08323367552
01,FOOD AND NON-ALCOHOLIC BEVERAGES,2023-07-01,104.769193776,-0.323850785515,-0.323850785515
01,FOOD AND NON-ALCOHOLIC BEVERAGES,2023-08-01,106.483868143,1.63662075177,1.63662075177
01,FOOD AND NON-ALCOHOLIC BEVERAGES,2023-09-01,109.822066415,3.13493332803,3.13493332803
01,FOOD AND NON-ALCOHOLIC BEVERAGES,2023-10-01,120.593324641,9.8079180058,9.8079180058
01,FOOD AND NON-ALCOHOLIC BEVERAGES,2023-11-01,133.290480139,10.5289040966,10.5289040966
01,FOOD AND NON-ALCOHOLIC BEVERAGES,2023-12-01,192.740525089,44.6018687064,44.6018687064
01,FOOD AND NON-ALCOHOLIC BEVERAGES,2024-01-01,224.693661152,16.5783174289,16.5783174289
01,FOOD AND NON-ALCOHOLIC BEVERAGES,2024-02-01,288.244257221,28.2832171337,28.2832171337
01,FOOD AND NON-ALCOHOLIC BEVERAGES,2024-03-01,322.763237392,11.9756003131,11.9756003131
01,FOOD AND NON-ALCOHOLIC BEVERAGES,2024-04-01,255.998235352,-20.6854419293,-20.6854419293
01,FOOD AND NON-ALCOHOLIC BEVERAGES,2024-05-01,263.505707935,2.93262669296,2.93262669296
01,FOOD AND NON-ALCOHOLIC BEVERAGES,2024-06-01,243.828073957,-7.46763101748,-7.46763101748
01,FOOD AND NON-ALCOHOLIC BEVERAGES,2024-07-01,233.509369047,-4.23195932385,-4.23195932386
01,FOOD AND NON-ALCOHOLIC BEVERAGES,2024-08-01,255.822767047,9.55567568496,9.55567568496
01,FOOD AND NON-ALCOHOLIC BEVERAGES,2024-09-01,452.845896912,77.0154791693,77.0154791693
01,FOOD AND NON-ALCOHOLIC BEVERAGES,2024-10-01,660.53911048,45.8639936862,45.8639936862
01,FOOD AND NON-ALCOHOLIC BEVERAGES,2024-11-01,710.980377606,7.63637857711,7.63637857711
01,FOOD AND NON-ALCOHOLIC BEVERAGES,2024-12-01,638.124753965,-10.2472059617,-10.2472059617
01,FOOD AND NON-ALCOHOLIC BEVERAGES,2025-01-01,359.024583643,-43.7375557974,-43.7375557974
01,FOOD AND NON-ALCOHOLIC BEVERAGES,2025-02-01,213.25509122,-40.6015351215,-40.6015351215
01,FOOD AND NON-ALCOHOLIC BEVERAGES,2025-03-01,304.900977571,42.9747706497,42.9747706497
01,FOOD AND NON-ALCOHOLIC BEVERAGES,2025-04-01,489.027314153,60.3888967655,60.3888967655
01,FOOD AND NON-ALCOHOLIC BEVERAGES,2025-05-01,726.379196413,48.5355061755,48.5355061755
01,FOOD AND NON-ALCOHOLIC BEVERAGES,2025-06-01,1388.37571311,91.1364917897,91.1364917897
01,FOOD AND NON-ALCOHOLIC BEVERAGES,2025-07-01,1468.46791466,5.76876999437,5.76876999437
01,FOOD AND NON-ALCOHOLIC BEVERAGES,2025-08-01,975.41806836,-33.5757997419,-33.5757997419
01,FOOD AND NON-ALCOHOLIC BEVERAGES,2025-09-01,823.875027298,-15.5362142631,-15.5362142631
01,FOOD AND NON-ALCOHOLIC BEVERAGES,2025-10-01,573.889846596,-30.342609306,-30.342609306
01,FOOD AND NON-ALCOHOLIC BEVERAGES,2025-11-01,256.901169567,-55.2351080803,-55.2351080803
01,FOOD AND NON-ALCOHOLIC BEVERAGES,2025-12-01,202.777756537,-21.0677954955,-21.0677954955
01,FOOD AND NON-ALCOHOLIC BEVERAGES,2026-01-01,190.638622033,-5.98642312208,-5.98642312208
01,FOOD AND NON-ALCOHOLIC BEVERAGES,2026-02-01,180.277212376,-5.43510519882,-5.43510519882
011,FOOD,2022-12-01,106.329866633,,
011,FOOD,2023-01-01,103.6868294,-2.48569599209,-2.48569599209
011,FOOD,2023-02-01,105.688601196,1.93059408579,1.93059408579
011,FOOD,2023-03-01,107.616314983,1.82395619374,1.82395619374
011,FOOD,2023-04-01,108.222884849,0.563641178002,0.563641178002
011,FOOD,2023-05-01,107.008782396,-1.12185371366,-1.12185371366
011,FOOD,2023-06-01,105.780502717,-1.14783072172,-1.14783072172
011,FOOD,2023-07-01,105.402450256,-0.357393330055,-0.357393330055
011,FOOD,2023-08-01,107.098054279,1.60869507243,1.60869507243
011,FOOD,2023-09-01,110.655447198,3.32162236085,3.32162236085
011,FOOD,2023-10-01,122.147824688,10.3857313675,10.3857313675
011,FOOD,2023-11-01,135.338127498,10.7986391441,10.7986391441
011,FOOD,2023-12-01,198.219187272,46.4621913546,46.4621913546
011,FOOD,2024-01-01,231.407643528,16.7433116408,16.7433116408
011,FOOD,2024-02-01,298.734876126,29.0946450906,29.0946450906
011,FOOD,2024-03-01,332.703171774,11.3707164322,11.3707164322
011,FOOD,2024-04-01,262.986425986,-20.9546381587,-20.9546381587
011,FOOD,2024-05-01,271.509936885,3.24104594649,3.24104594649
011,FOOD,2024-06-01,251.13812491,-7.50315520999,-7.50315520999
011,FOOD,2024-07-01,240.00782451,-4.43194373784,-4.43194373784
011,FOOD,2024-08-01,263.972797819,9.9850800104,9.9850800104
011,FOOD,2024-09-01,475.253968429,80.0389935463,80.0389935463
011,FOOD,2024-10-01,696.716167146,46.5987058351,46.5987058351
011,FOOD,2024-11-01,749.360632229,7.55608489735,7.55608489735
011,FOOD,2024-12-01,665.169343919,-11.2350829079,-11.2350829079
011,FOOD,2025-01-01,371.530308305,-44.1450043208,-44.1450043208
011,FOOD,2025-02-01,218.544339631,-41.1772512914,-41.1772512914
011,FOOD,2025-03-01,314.778580365,44.0341950274,44.0341950274
011,FOOD,2025-04-01,510.435405104,62.1569690392,62.1569690392
011,FOOD,2025-05-01,763.109458309,49.5016706676,49.5016706676
011,FOOD,2025-06-01,1468.09571477,92.3833728941,92.3833728941
011,FOOD,2025-07-01,1551.94579537,5.71148595798,5.71148595798
011,FOOD,2025-08-01,1026.86242445,-33.833873096,-33.833873096
011,FOOD,2025-09-01,850.129007882,-17.211012143,-17.211012143
011,FOOD,2025-10-01,585.130099082,-31.1716111724,-31.1716111724
011,FOOD,2025-11-01,264.469386288,-54.8016096416,-54.8016096416
011,FOOD,2025-12-01,207.013265975,-21.7250552585,-21.7250552585
011,FOOD,2026-01-01,190.17356603,-8.13459942546,-8.13459942546
011,FOOD,2026-02-01,182.22335521,-4.1805025726,-4.1805025726
0111,Cereals and cereal products,2022-12-01,107.407509035,,
0111,Cereals and cereal products,2023-01-01,108.34958833,0.87710747914,0.87710747914
0111,Cereals and cereal products,2023-02-01,108.577931752,0.210746921346,0.210746921346
0111,Cereals and cereal products,2023-03-01,109.879126162,1.19839675484,1.19839675484
0111,Cereals and cereal products,2023-04-01,111.832781788,1.77800433441,1.77800433441
0111,Cereals and cereal products,2023-05-01,109.828153276,-1.79252315809,-1.79252315809
0111,Cereals and cereal products,2023-06-01,107.16175441,-2.42779177018,-2.42779177018
0111,Cereals and cereal products,2023-07-01,105.728348103,-1.33760996552,-1.33760996552
0111,Cereals and cereal products,2023-08-01,105.23731339,-0.46443051681,-0.46443051681
0111,Cereals and cereal products,2023-09-01,105.16888028,-0.0650274199608,-0.0650274199608
0111,Cereals and cereal products,2023-10-01,111.06507306,5.6064044458,5.6064044458
0111,Cereals and cereal products,2023-11-01,117.295665665,5.60985774738,5.60985774738
0111,Cereals and cereal products,2023-12-01,163.724706119,39.5829122841,39.5829122841
0111,Cereals and cereal products,2024-01-01,176.250626171,7.65059858674,7.65059858674
0111,Cereals and cereal products,2024-02-01,184.114129774,4.46154647683,4.46154647683
0111,Cereals and cereal products,2024-03-01,188.162522748,2.19884969134,2.19884969134
0111,Cereals and cereal products,2024-04-01,175.285690573,-6.84346276097,-6.84346276097
0111,Cereals and cereal products,2024-05-01,176.523990824,0.706446856246,0.706446856246
0111,Cereals and cereal products,2024-06-01,169.945573623,-3.72664201087,-3.72664201087
0111,Cereals and cereal products,2024-07-01,171.536898645,0.936373327191,0.936373327191
0111,Cereals and cereal products,2024-08-01,174.855519444,1.93463961724,1.93463961724
0111,Cereals and cereal products,2024-09-01,173.904114772,-0.544109031081,-0.544109031081
0111,Cereals and cereal products,2024-10-01,191.188335101,9.93893695485,9.93893695485
0111,Cereals and cereal products,2024-11-01,214.239726593,12.0569026765,12.0569026765
0111,Cereals and cereal products,2024-12-01,329.193040603,53.6563950292,53.6563950292
0111,Cereals and cereal products,2025-01-01,233.495719782,-29.0702745858,-29.0702745858
0111,Cereals and cereal products,2025-02-01,111.695859724,-52.1636371629,-52.1636371629
0111,Cereals and cereal products,2025-03-01,139.955884409,25.3008703762,25.3008703762
0111,Cereals and cereal products,2025-04-01,248.539340571,77.5840591639,77.5840591639
0111,Cereals and cereal products,2025-05-01,660.628218017,165.804285349,165.804285349
0111,Cereals and cereal products,2025-06-01,679.139304016,2.80204288807,2.80204288807
0111,Cereals and cereal products,2025-07-01,919.229832317,35.3521769217,35.3521769217
0111,Cereals and cereal products,2025-08-01,594.537741297,-35.3221881628,-35.3221881628
0111,Cereals and cereal products,2025-09-01,230.434989954,-61.2413184315,-61.2413184315
0111,Cereals and cereal products,2025-10-01,110.879046695,-51.8827211454,-51.8827211454
0111,Cereals and cereal products,2025-11-01,120.42482694,8.60918318593,8.60918318593
0111,Cereals and cereal products,2025-12-01,104.107590409,-13.5497280301,-13.5497280301
0111,Cereals and cereal products,2026-01-01,102.058065719,-1.9686601922,-1.9686601922
0111,Cereals and cereal products,2026-02-01,98.1498692432,-3.82938521156,-3.82938521156
01111,Cereals,2022-12-01,110.036320132,,
01111,Cereals,2023-01-01,110.342576294,0.278322795876,0.278322795876
01111,Cereals,2023-02-01,110.775250835,0.392119302703,0.392119302703
01111,Cereals,2023-03-01,112.209179564,1.29444864071,1.29444864071
01111,Cereals,2023-04-01,113.722324828,1.34850399044,1.34850399044
01111,Cereals,2023-05-01,113.423319781,-0.262925549232,-0.262925549232
01111,Cereals,2023-06-01,114.0461467,0.549117166039,0.549117166039
01111,Cereals,2023-07-01,111.623807263,-2.12399936992,-2.12399936992
01111,Cereals,2023-08-01,111.83368504,0.188022413839,0.188022413839
01111,Cereals,2023-09-01,112.687764993,0.763705455563,0.763705455563
01111,Cereals,2023-10-01,120.446885022,6.88550352347,6.88550352347
01111,Cereals,2023-11-01,122.030303544,1.31461973566,1.31461973566
01111,Cereals,2023-12-01,162.204800533,32.9217381443,32.9217381443
01111,Cereals,2024-01-01,183.720794059,13.2647082302,13.2647082302
01111,Cereals,2024-02-01,185.100618335,0.751044149512,0.751044149512
01111,Cereals,2024-03-01,197.963951151,6.94937322845,6.94937322845
01111,Cereals,2024-04-01,173.045879137,-12.5871765386,-12.5871765386
01111,Cereals,2024-05-01,169.70087649,-1.93301491094,-1.93301491094
01111,Cereals,2024-06-01,166.688079163,-1.77535755265,-1.77535755265
01111,Cereals,2024-07-01,170.915577736,2.5361733094,2.5361733094
01111,Cereals,2024-08-01,168.498958701,-1.41392555719,-1.41392555719
01111,Cereals,2024-09-01,168.547978093,0.0290918067806,0.0290918067806
01111,Cereals,2024-10-01,204.217488223,21.1628229149,21.1628229149
01111,Cereals,2024-11-01,237.931097787,16.5086789856,16.5086789856
01111,Cereals,2024-12-01,255.691259402,7.46441376527,7.46441376527
01111,Cereals,2025-01-01,190.187448663,-25.6183222267,-25.6183222267
01111,Cereals,2025-02-01,154.544244271,-18.741091824,-18.741091824
01111,Cereals,2025-03-01,159.087413697,2.93972088501,2.93972088501
01111,Cereals,2025-04-01,202.736442105,27.4371349653,27.4371349653
01111,Cereals,2025-05-01,341.280055645,68.3368081736,68.3368081736
01111,Cereals,2025-06-01,451.422317591,32.2732782432,32.2732782432
01111,Cereals,2025-07-01,457.175264429,1.27440461251,1.27440461251
01111,Cereals,2025-08-01,264.402831901,-42.1659804295,-42.1659804295
01111,Cereals,2025-09-01,116.10203485,-56.088959405,-56.088959405
01111,Cereals,2025-10-01,84.3376576353,-27.3590185185,-27.3590185185
01111,Cereals,2025-11-01,55.9536604628,-33.6551879295,-33.6551879295
01111,Cereals,2025-12-01,51.513855498,-7.93478912387,-7.93478912387
01111,Cereals,2026-01-01,78.3781094376,52.1495696253,52.1495696253
01111,Cereals,2026-02-01,103.959007133,32.63780905,32.63780905
011112,Rice,2022-12-01,111.943095066,,
011112,Rice,2023-01-01,111.855409593,-0.0783303986746,-0.0783303986747
011112,Rice,2023-02-01,112.305277322,0.402186832968,0.402186832968
011112,Rice,2023-03-01,113.852314673,1.37752863251,1.37752863251
011112,Rice,2023-04-01,115.498040332,1.44549161153,1.44549161153
011112,Rice,2023-05-01,115.375612066,-0.106000296919,-0.106000296919
011112,Rice,2023-06-01,115.900926145,0.45530772874,0.45530772874
011112,Rice,2023-07-01,113.048455862,-2.46112811856,-2.46112811856
011112,Rice,2023-08-01,113.140384965,0.081318318153,0.081318318153
011112,Rice,2023-09-01,114.014019993,0.772169043611,0.772169043611
011112,Rice,2023-10-01,122.818533089,7.72230739399,7.72230739399
011112,Rice,2023-11-01,124.326457691,1.22776633424,1.22776633424
011112,Rice,2023-12-01,169.737389538,36.5255575446,36.5255575446
011112,Rice,2024-01-01,169.45266361,-0.167744967111,-0.167744967111
011112,Rice,2024-02-01,169.365727328,-0.0513041693412,-0.0513041693412
011112,Rice,2024-03-01,169.920666023,0.327657020042,0.327657020042
011112,Rice,2024-04-01,168.545455601,-0.809324995455,-0.809324995455
011112,Rice,2024-05-01,167.984751764,-0.332672177443,-0.332672177443
011112,Rice,2024-06-01,167.250377706,-0.437167093653,-0.437167093653
011112,Rice,2024-07-01,167.228359434,-0.0131648568374,-0.0131648568374
011112,Rice,2024-08-01,167.366175474,0.0824118831276,0.0824118831276
011112,Rice,2024-09-01,168.203715011,0.500423418743,0.500423418743
011112,Rice,2024-10-01,169.044760254,0.500015854818,0.500015854818
011112,Rice,2024-11-01,169.915038929,0.514821443522,0.514821443522
011112,Rice,2024-12-01,169.659142613,-0.150602511895,-0.150602511895
011112,Rice,2025-01-01,168.815367205,-0.49733565494,-0.49733565494
011112,Rice,2025-02-01,150.475964678,-10.8635859579,-10.8635859579
011112,Rice,2025-03-01,150.971136847,0.329070605852,0.329070605852
011112,Rice,2025-04-01,152.818577237,1.22370436423,1.22370436423
011112,Rice,2025-05-01,251.419628839,64.5216395706,64.5216395706
011112,Rice,2025-06-01,348.581010454,38.6451058194,38.6451058194
011112,Rice,2025-07-01,356.538051035,2.28269479471,2.28269479471
011112,Rice,2025-08-01,161.288811595,-54.7625250302,-54.7625250302
011112,Rice,2025-09-01,66.9090971439,-58.5159711438,-58.5159711438
011112,Rice,2025-10-01,60.7928960762,-9.14106052646,-9.14106052646
011112,Rice,2025-11-01,45.1461838906,-25.7377312079,-25.7377312079
011112,Rice,2025-12-01,42.7776985404,-5.2462581466,-5.2462581466
011112,Rice,2026-01-01,73.1435001357,70.9851222281,70.9851222281
011112,Rice,2026-02-01,102.337618755,39.9134831734,39.9134831734
011116,Maize (corn),2022-12-01,103.664024962,,
011116,Maize (corn),2023-01-01,103.664024962,0,0
011116,Maize (corn),2023-02-01,105.251066294,1.53094704997,1.53094704997
011116,Maize (corn),2023-03-01,102.10091403,-2.99298845542,-2.99298845542
011116,Maize (corn),2023-04-01,103.664024962,1.53094704997,1.53094704997
011116,Maize (corn),2023-05-01,104.686523422,0.986358055321,0.986358055321
011116,Maize (corn),2023-06-01,107.337610935,2.53240572484,2.53240572484
011116,Maize (corn),2023-07-01,102.10091403,-4.87871572575,-4.87871572575
011116,Maize (corn),2023-08-01,106.862404388,4.66351393921,4.66351393921
011116,Maize (corn),2023-09-01,107.916450322,0.986358055321,0.986358055321
011116,Maize (corn),2023-10-01,108.244002005,0.303523403739,0.303523403739
011116,Maize (corn),2023-11-01,108.244002005,0,0
011116,Maize (corn),2023-12-01,108.244002005,0,0
011116,Maize (corn),2024-01-01,108.244002005,0,0
011116,Maize (corn),2024-02-01,144.683176172,33.6639199323,33.6639199323
011116,Maize (corn),2024-03-01,180.983125895,25.0892679325,25.0892679325
011116,Maize (corn),2024-04-01,162.844891509,-10.0220582974,-10.0220582974
011116,Maize (corn),2024-05-01,144.683176172,-11.1527694661,-11.1527694661
011116,Maize (corn),2024-06-01,126.488245235,-12.5757060483,-12.5757060483
011116,Maize (corn),2024-07-01,162.844891509,28.7431027338,28.7431027338
011116,Maize (corn),2024-08-01,162.844891509,0,0
011116,Maize (corn),2024-09-01,162.844891509,0,0
011116,Maize (corn),2024-10-01,209.718758747,28.7843645594,28.7843645594
011116,Maize (corn),2024-11-01,475.061847771,126.523297491,126.523297491
011116,Maize (corn),2024-12-01,750.477450656,57.9746835443,57.9746835443
011116,Maize (corn),2025-01-01,288.645173329,-61.5384615385,-61.5384615385
011116,Maize (corn),2025-02-01,216.483879997,-25,-25
011116,Maize (corn),2025-03-01,204.456997775,-5.55555555556,-5.55555555556
011116,Maize (corn),2025-04-01,613.370993325,200,200
011116,Maize (corn),2025-05-01,721.612933324,17.6470588235,17.6470588235
011116,Maize (corn),2025-06-01,3247.25819996,350,350
011116,Maize (corn),2025-07-01,2209.9396083,-31.9444444444,-31.9444444444
011116,Maize (corn),2025-08-01,1315.55497834,-40.4709986917,-40.4709986917
011116,Maize (corn),2025-09-01,589.317228881,-55.2039072039,-55.2039072039
011116,Maize (corn),2025-10-01,448.43089428,-23.9067055394,-23.9067055394
011116,Maize (corn),2025-11-01,144.322586665,-67.816091954,-67.816091954
011116,Maize (corn),2025-12-01,144.322586665,0,0
011116,Maize (corn),2026-01-01,144.322586665,0,0
011116,Maize (corn),2026-02-01,144.322586665,0,0
011119,Other cereals,2022-12-01,94.5332188398,,
011119,Other cereals,2023-01-01,98.2142313515,3.89388254934,3.89388254934
011119,Other cereals,2023-02-01,98.378822897,0.167584211782,0.167584211782
011119,Other cereals,2023-03-01,99.3384061426,0.975396144544,0.975396144544
011119,Other cereals,2023-04-01,99.7214048739,0.385549503175,0.385549503175
011119,Other cereals,2023-05-01,97.7843582875,-1.94245818021,-1.94245818021
011119,Other cereals,2023-06-01,99.0197897032,1.26342437308,1.26342437308
011119,Other cereals,2023-07-01,100.544775057,1.54008139025,1.54008139025
011119,Other cereals,2023-08-01,101.273500304,0.724776843195,0.724776843195
011119,Other cereals,2023-09-01,101.940498465,0.658610751228,0.658610751229
011119,Other cereals,2023-10-01,101.616914336,-0.317424511161,-0.317424511161
011119,Other cereals,2023-11-01,104.008481652,2.35351302667,2.35351302667
011119,Other cereals,2023-12-01,104.008481652,0,0
011119,Other cereals,2024-01-01,312.766981427,200.712957693,200.712957693
011119,Other cereals,2024-02-01,322.879643431,3.23328951085,3.23328951085
011119,Other cereals,2024-03-01,437.690362183,35.5583639563,35.5583639563
011119,Other cereals,2024-04-01,212.308945698,-51.4933468859,-51.4933468859
011119,Other cereals,2024-05-01,186.90962448,-11.9633777722,-11.9633777722
011119,Other cereals,2024-06-01,166.173213558,-11.0943516041,-11.0943516041
011119,Other cereals,2024-07-01,203.053606652,22.1939458854,22.1939458854
011119,Other cereals,2024-08-01,178.708456902,-11.9895185075,-11.9895185075
011119,Other cereals,2024-09-01,172.07259499,-3.71323328904,-3.71323328904
011119,Other cereals,2024-10-01,502.052368707,191.767767399,191.767767399
011119,Other cereals,2024-11-01,789.897789565,57.3337442066,57.3337442066
011119,Other cereals,2024-12-01,933.234868305,18.1462817891,18.1462817891
011119,Other cereals,2025-01-01,361.091901164,-61.3075000274,-61.3075000274
011119,Other cereals,2025-02-01,182.503492302,-49.4578826848,-49.4578826848
011119,Other cereals,2025-03-01,223.145469444,22.2691503761,22.2691503761
011119,Other cereals,2025-04-01,582.783499315,161.167524829,161.167524829
011119,Other cereals,2025-05-01,1063.42124972,82.4727795092,82.4727795092
011119,Other cereals,2025-06-01,1027.97387473,-3.33333333333,-3.33333333333
011119,Other cereals,2025-07-01,1125.45415595,9.48275862069,9.48275862069
011119,Other cereals,2025-08-01,1027.97387473,-8.66141732283,-8.66141732283
011119,Other cereals,2025-09-01,483.373295328,-52.9780564263,-52.9780564263
011119,Other cereals,2025-10-01,245.553634026,-49.2,-49.2
011119,Other cereals,2025-11-01,138.29251991,-43.6813385156,-43.6813385156
011119,Other cereals,2025-12-01,115.808908657,-16.2580096647,-16.2580096647
011119,Other cereals,2026-01-01,115.808908657,0,0
011119,Other cereals,2026-02-01,113.442212736,-2.04362164255,-2.04362164255
011119.1,Semolina,2022-12-01,92.7711468404,,
011119.1,Semolina,2023-01-01,96.8111899723,4.35484875363,4.35484875363
011119.1,Semolina,2023-02-01,97.3707459295,0.577986860091,0.577986860091
011119.1,Semolina,2023-03-01,98.7248395765,1.39065756777,1.39065756777
011119.1,Semolina,2023-04-01,100.032339815,1.32438831456,1.32438831456
011119.1,Semolina,2023-05-01,97.127404855,-2.90399581357,-2.90399581357
011119.1,Semolina,2023-06-01,99.0688936404,1.99890935864,1.99890935864
011119.1,Semolina,2023-07-01,100.822822875,1.77041366868,1.77041366868
011119.1,Semolina,2023-08-01,101.674455579,0.844682463127,0.844682463127
011119.1,Semolina,2023-09-01,101.899265354,0.221107430062,0.221107430062
011119.1,Semolina,2023-10-01,101.601474693,-0.292240243469,-0.292240243469
011119.1,Semolina,2023-11-01,101.601474693,0,0
011119.1,Semolina,2023-12-01,101.601474693,0,0
011119.1,Semolina,2024-01-01,332.826671104,227.580551472,227.580551472
011119.1,Semolina,2024-02-01,345.506943835,3.80987277529,3.80987277529
011119.1,Semolina,2024-03-01,489.468170433,41.6666666667,41.6666666667
011119.1,Semolina,2024-04-01,221.700288961,-54.7058823529,-54.7058823529
011119.1,Semolina,2024-05-01,195.787268173,-11.6883116883,-11.6883116883
011119.1,Semolina,2024-06-01,172.753471917,-11.7647058824,-11.7647058824
011119.1,Semolina,2024-07-01,213.062615365,23.3333333333,23.3333333333
011119.1,Semolina,2024-08-01,182.536218024,-14.3274301261,-14.3274301261
011119.1,Semolina,2024-09-01,174.215506937,-4.55838911135,-4.55838911135
011119.1,Semolina,2024-10-01,587.977335912,237.5,237.5
011119.1,Semolina,2024-11-01,937.963845384,59.5238095238,59.5238095238
011119.1,Semolina,2024-12-01,1117.69429126,19.161766923,19.161766923
011119.1,Semolina,2025-01-01,384.518511739,-65.5971659919,-65.5971659919
011119.1,Semolina,2025-02-01,160.586402653,-58.2370164894,-58.2370164894
011119.1,Semolina,2025-03-01,211.547401281,31.7343173432,31.7343173432
011119.1,Semolina,2025-04-01,659.530133404,211.764705882,211.764705882
011119.1,Semolina,2025-05-01,1244.39647812,88.679245283,88.679245283
011119.1,Semolina,2025-06-01,1202.91659552,-3.33333333333,-3.33333333333
011119.1,Semolina,2025-07-01,1316.98627268,9.48275862069,9.48275862069
011119.1,Semolina,2025-08-01,1202.91659552,-8.66141732283,-8.66141732283
011119.1,Semolina,2025-09-01,565.634762782,-52.9780564263,-52.9780564263
011119.1,Semolina,2025-10-01,287.342459493,-49.2,-49.2
011119.1,Semolina,2025-11-01,124.439647812,-56.6929133858,-56.6929133858
011119.1,Semolina,2025-12-01,124.439647812,0,0
011119.1,Semolina,2026-01-01,124.439647812,0,0
011119.1,Semolina,2026-02-01,124.439647812,0,0
011119.2,Crushed green wheat,2022-12-01,101.473226671,,
011119.2,Crushed green wheat,2023-01-01,103.740179305,2.23404015868,2.23404015868
011119.2,Crushed green wheat,2023-02-01,102.349183956,-1.3408453299,-1.3408453299
011119.2,Crushed green wheat,2023-03-01,101.754968448,-0.580576693174,-0.580576693174
011119.2,Crushed green wheat,2023-04-01,98.4967722084,-3.20200211293,-3.20200211293
011119.2,Crushed green wheat,2023-05-01,100.371801915,1.90364584026,1.90364584026
011119.2,Crushed green wheat,2023-06-01,98.8263914145,-1.53968591912,-1.53968591912
011119.2,Crushed green wheat,2023-07-01,99.449669957,0.630680260212,0.630680260212
011119.2,Crushed green wheat,2023-08-01,99.6943180976,0.246001963316,0.246001963316
011119.2,Crushed green wheat,2023-09-01,102.102897113,2.41596418046,2.41596418046
011119.2,Crushed green wheat,2023-10-01,101.677724134,-0.416416175335,-0.416416175335
011119.2,Crushed green wheat,2023-11-01,113.488597761,11.61598937,11.61598937
011119.2,Crushed green wheat,2023-12-01,113.488597761,0,0
011119.2,Crushed green wheat,2024-01-01,233.760900235,105.977432841,105.977432841
011119.2,Crushed green wheat,2024-02-01,233.760900235,0,0
011119.2,Crushed green wheat,2024-03-01,233.760900235,0,0
011119.2,Crushed green wheat,2024-04-01,175.320675176,-25,-25
011119.2,Crushed green wheat,2024-05-01,151.944585153,-13.3333333333,-13.3333333333
011119.2,Crushed green wheat,2024-06-01,140.256540141,-7.69230769231,-7.69230769231
011119.2,Crushed green wheat,2024-07-01,163.632630165,16.6666666667,16.6666666667
011119.2,Crushed green wheat,2024-08-01,163.632630165,0,0
011119.2,Crushed green wheat,2024-09-01,163.632630165,0,0
011119.2,Crushed green wheat,2024-10-01,163.632630165,0,0
011119.2,Crushed green wheat,2024-11-01,206.732296145,26.3392857143,26.3392857143
011119.2,Crushed green wheat,2024-12-01,206.732296145,0,0
011119.2,Crushed green wheat,2025-01-01,268.82503527,30.035335689,30.035335689
011119.2,Crushed green wheat,2025-02-01,268.82503527,0,0
011119.2,Crushed green wheat,2025-03-01,268.82503527,0,0
011119.2,Crushed green wheat,2025-04-01,280.513080282,4.34782608696,4.34782608696
011119.2,Crushed green wheat,2025-05-01,350.641350353,25,25
011119.2,Crushed green wheat,2025-06-01,338.953305341,-3.33333333333,-3.33333333333
011119.2,Crushed green wheat,2025-07-01,371.095429123,9.48275862069,9.48275862069
011119.2,Crushed green wheat,2025-08-01,338.953305341,-8.66141732283,-8.66141732283
011119.2,Crushed green wheat,2025-09-01,159.382431979,-52.9780564263,-52.9780564263
011119.2,Crushed green wheat,2025-10-01,80.9662754451,-49.2,-49.2
011119.2,Crushed green wheat,2025-11-01,192.852742694,138.188976378,138.188976378
011119.2,Crushed green wheat,2025-12-01,81.8163150823,-57.5757575758,-57.5757575758
011119.2,Crushed green wheat,2026-01-01,81.8163150823,0,0
011119.2,Crushed green wheat,2026-02-01,70.1282700705,-14.2857142857,-14.2857142857
01112,Flour of cereals,2022-12-01,118.974537345,,
01112,Flour of cereals,2023-01-01,117.606225266,-1.15008816962,-1.15008816962
01112,Flour of cereals,2023-02-01,116.326455572,-1.08818193186,-1.08818193186
01112,Flour of cereals,2023-03-01,119.229549841,2.49564405193,2.49564405193
01112,Flour of cereals,2023-04-01,119.536473722,0.257422661813,0.257422661813
01112,Flour of cereals,2023-05-01,117.659330016,-1.5703522511,-1.5703522511
01112,Flour of cereals,2023-06-01,114.371798141,-2.7941106538,-2.7941106538
01112,Flour of cereals,2023-07-01,113.329714883,-0.911136552087,-0.911136552087
01112,Flour of cereals,2023-08-01,111.751551194,-1.39254183312,-1.39254183312
01112,Flour of cereals,2023-09-01,112.365417243,0.549313225073,0.549313225073
01112,Flour of cereals,2023-10-01,130.387068393,16.0384321008,16.0384321008
01112,Flour of cereals,2023-11-01,147.144850825,12.8523346975,12.8523346975
01112,Flour of cereals,2023-12-01,313.226330133,112.869378967,112.869378967
01112,Flour of cereals,2024-01-01,350.636458538,11.943481376,11.943481376
01112,Flour of cereals,2024-02-01,350.532756218,-0.0295754526915,-0.0295754526915
01112,Flour of cereals,2024-03-01,347.397735173,-0.894358940464,-0.894358940464
01112,Flour of cereals,2024-04-01,340.271884796,-2.05120806958,-2.05120806958
01112,Flour of cereals,2024-05-01,342.235553579,0.577088167072,0.577088167072
01112,Flour of cereals,2024-06-01,331.623452316,-3.10081788743,-3.10081788743
01112,Flour of cereals,2024-07-01,333.749205977,0.641014272777,0.641014272777
01112,Flour of cereals,2024-08-01,336.629831997,0.863110973214,0.863110973214
01112,Flour of cereals,2024-09-01,337.240809595,0.181498352191,0.181498352191
01112,Flour of cereals,2024-10-01,352.767341109,4.60398951498,4.60398951498
01112,Flour of cereals,2024-11-01,359.969888554,2.04172739512,2.04172739512
01112,Flour of cereals,2024-12-01,370.390722916,2.89491835101,2.89491835101
01112,Flour of cereals,2025-01-01,257.271119496,-30.5406146594,-30.5406146594
01112,Flour of cereals,2025-02-01,105.577273057,-58.9626409433,-58.9626409433
01112,Flour of cereals,2025-03-01,127.939099153,21.1805300982,21.1805300982
01112,Flour of cereals,2025-04-01,296.907844283,132.069669279,132.069669279
01112,Flour of cereals,2025-05-01,1442.81537063,385.947204969,385.947204969
01112,Flour of cereals,2025-06-01,1423.77404735,-1.31973388032,-1.31973388032
01112,Flour of cereals,2025-07-01,1673.67319243,17.5518823052,17.5518823052
01112,Flour of cereals,2025-08-01,494.000977077,-70.484024043,-70.484024043
01112,Flour of cereals,2025-09-01,172.297673866,-65.121997352,-65.121997352
01112,Flour of cereals,2025-10-01,164.314008452,-4.63364666185,-4.63364666185
01112,Flour of cereals,2025-11-01,112.248882251,-31.686358754,-31.686358754
01112,Flour of cereals,2025-12-01,64.4447760633,-42.5876010782,-42.5876010782
01112,Flour of cereals,2026-01-01,42.3965761092,-34.2125480154,-34.2125480154
01112,Flour of cereals,2026-02-01,43.3547292157,2.25997756051,2.25997756051
011121,Flour of wheat,2022-12-01,118.974537345,,
011121,Flour of wheat,2023-01-01,117.606225266,-1.15008816962,-1.15008816962
011121,Flour of wheat,2023-02-01,116.326455572,-1.08818193186,-1.08818193186
011121,Flour of wheat,2023-03-01,119.229549841,2.49564405193,2.49564405193
011121,Flour of wheat,2023-04-01,119.536473722,0.257422661813,0.257422661813
011121,Flour of wheat,2023-05-01,117.659330016,-1.5703522511,-1.5703522511
011121,Flour of wheat,2023-06-01,114.371798141,-2.7941106538,-2.7941106538
011121,Flour of wheat,2023-07-01,113.329714883,-0.911136552087,-0.911136552087
011121,Flour of wheat,2023-08-01,111.751551194,-1.39254183312,-1.39254183312
011121,Flour of wheat,2023-09-01,112.365417243,0.549313225073,0.549313225073
011121,Flour of wheat,2023-10-01,130.387068393,16.0384321008,16.0384321008
011121,Flour of wheat,2023-11-01,147.144850825,12.8523346975,12.8523346975
011121,Flour of wheat,2023-12-01,313.226330133,112.869378967,112.869378967
011121,Flour of wheat,2024-01-01,350.636458538,11.943481376,11.943481376
011121,Flour of wheat,2024-02-01,350.532756218,-0.0295754526915,-0.0295754526915
011121,Flour of wheat,2024-03-01,347.397735173,-0.894358940464,-0.894358940464
011121,Flour of wheat,2024-04-01,340.271884796,-2.05120806958,-2.05120806958
011121,Flour of wheat,2024-05-01,342.235553579,0.577088167072,0.577088167072
011121,Flour of wheat,2024-06-01,331.623452316,-3.10081788743,-3.10081788743
011121,Flour of wheat,2024-07-01,333.749205977,0.641014272777,0.641014272777
011121,Flour of wheat,2024-08-01,336.629831997,0.863110973214,0.863110973214
011121,Flour of wheat,2024-09-01,337.240809595,0.181498352191,0.181498352191
011121,Flour of wheat,2024-10-01,352.767341109,4.60398951498,4.60398951498
011121,Flour of wheat,2024-11-01,359.969888554,2.04172739512,2.04172739512
011121,Flour of wheat,2024-12-01,370.390722916,2.89491835101,2.89491835101
011121,Flour of wheat,2025-01-01,257.271119496,-30.5406146594,-30.5406146594
011121,Flour of wheat,2025-02-01,105.577273057,-58.9626409433,-58.9626409433
011121,Flour of wheat,2025-03-01,127.939099153,21.1805300982,21.1805300982
011121,Flour of wheat,2025-04-01,296.907844283,132.069669279,132.069669279
011121,Flour of wheat,2025-05-01,1442.81537063,385.947204969,385.947204969
011121,Flour of wheat,2025-06-01,1423.77404735,-1.31973388032,-1.31973388032
011121,Flour of wheat,2025-07-01,1673.67319243,17.5518823052,17.5518823052
011121,Flour of wheat,2025-08-01,494.000977077,-70.484024043,-70.484024043
011121,Flour of wheat,2025-09-01,172.297673866,-65.121997352,-65.121997352
011121,Flour of wheat,2025-10-01,164.314008452,-4.63364666185,-4.63364666185
011121,Flour of wheat,2025-11-01,112.248882251,-31.686358754,-31.686358754
011121,Flour of wheat,2025-12-01,64.4447760633,-42.5876010782,-42.5876010782
011121,Flour of wheat,2026-01-01,42.3965761092,-34.2125480154,-34.2125480154
011121,Flour of wheat,2026-02-01,43.3547292157,2.25997756051,2.25997756051
011121.2,White flour,2022-12-01,119.564835726,,
011121.2,White flour,2023-01-01,118.17861123,-1.1593914612,-1.1593914612
011121.2,White flour,2023-02-01,116.882088217,-1.09708770435,-1.09708770435
011121.2,White flour,2023-03-01,119.823186562,2.51629517376,2.51629517376
011121.2,White flour,2023-04-01,120.134128349,0.259500515099,0.259500515099
011121.2,White flour,2023-05-01,118.232411169,-1.58299494571,-1.58299494571
011121.2,White flour,2023-06-01,114.996300568,-2.73707570416,-2.73707570416
011121.2,White flour,2023-07-01,113.940575517,-0.91805131629,-0.91805131629
011121.2,White flour,2023-08-01,112.341752268,-1.40320798139,-1.40320798139
011121.2,White flour,2023-09-01,112.963654368,0.553580559075,0.553580559075
011121.2,White flour,2023-10-01,131.221224894,16.1623405585,16.1623405585
011121.2,White flour,2023-11-01,148.198381542,12.9378129656,12.9378129656
011121.2,White flour,2023-12-01,316.454014527,113.534055659,113.534055659
011121.2,White flour,2024-01-01,354.35387465,11.9764194425,11.9764194425
011121.2,White flour,2024-02-01,354.248814774,-0.0296482930357,-0.0296482930357
011121.2,White flour,2024-03-01,351.072753527,-0.896562278956,-0.896562278956
011121.2,White flour,2024-04-01,343.853619457,-2.05630713244,-2.05630713244
011121.2,White flour,2024-05-01,345.842994403,0.578552859188,0.578552859188
011121.2,White flour,2024-06-01,335.091971335,-3.10864271998,-3.10864271998
011121.2,White flour,2024-07-01,337.245552995,0.642683753666,0.642683753666
011121.2,White flour,2024-08-01,340.163888961,0.865344536082,0.865344536082
011121.2,White flour,2024-09-01,340.782864797,0.181964005028,0.181964005028
011121.2,White flour,2024-10-01,356.512652362,4.61578007277,4.61578007277
011121.2,White flour,2024-11-01,363.809487532,2.04672544497,2.04672544497
011121.2,White flour,2024-12-01,374.366739846,2.90186283647,2.90186283647
011121.2,White flour,2025-01-01,259.766300618,-30.6118111014,-30.6118111014
011121.2,White flour,2025-02-01,106.086647361,-59.1607352038,-59.1607352038
011121.2,White flour,2025-03-01,128.741209569,21.3547725106,21.3547725106
011121.2,White flour,2025-04-01,299.921905242,132.964958343,132.964958343
011121.2,White flour,2025-05-01,1457.46211561,385.947204969,385.947204969
011121.2,White flour,2025-06-01,1439.08037386,-1.26121574992,-1.26121574992
011121.2,White flour,2025-07-01,1691.65635595,17.5512074709,17.5512074709
011121.2,White flour,2025-08-01,499.308883298,-70.484024043,-70.484024043
011121.2,White flour,2025-09-01,174.148965538,-65.121997352,-65.121997352
011121.2,White flour,2025-10-01,166.07951781,-4.63364666185,-4.63364666185
011121.2,White flour,2025-11-01,113.45496598,-31.686358754,-31.686358754
011121.2,White flour,2025-12-01,65.1372176649,-42.5876010782,-42.5876010782
011121.2,White flour,2026-01-01,42.8521157955,-34.2125480154,-34.2125480154
011121.2,White flour,2026-02-01,43.8205639966,2.25997756051,2.25997756051
01113,Bread and bakery products,2022-12-01,103.138242025,,
01113,Bread and bakery products,2023-01-01,106.089487789,2.86144664282,2.86144664282
01113,Bread and bakery products,2023-02-01,107.30812541,1.14868838203,1.14868838203
01113,Bread and bakery products,2023-03-01,109.279942882,1.83752857921,1.83752857921
01113,Bread and bakery products,2023-04-01,111.142323575,1.70422919716,1.70422919716
01113,Bread and bakery products,2023-05-01,110.476251413,-0.599296596087,-0.599296596087
01113,Bread and bakery products,2023-06-01,109.508953596,-0.875570817253,-0.875570817253
01113,Bread and bakery products,2023-07-01,109.278524491,-0.210420332934,-0.210420332934
01113,Bread and bakery products,2023-08-01,109.28987544,0.0103871725151,0.0103871725152
01113,Bread and bakery products,2023-09-01,108.383132837,-0.829667523099,-0.829667523099
01113,Bread and bakery products,2023-10-01,109.356663922,0.898231172783,0.898231172783
01113,Bread and bakery products,2023-11-01,110.421047864,0.973314203013,0.973314203013
01113,Bread and bakery products,2023-12-01,111.640561473,1.10442133283,1.10442133283
01113,Bread and bakery products,2024-01-01,101.560717076,-9.02883706765,-9.02883706765
01113,Bread and bakery products,2024-02-01,121.72040587,19.8498881989,19.8498881989
01113,Bread and bakery products,2024-03-01,121.72040587,0,0
01113,Bread and bakery products,2024-04-01,113.11906759,-7.06647190187,-7.06647190187
01113,Bread and bakery products,2024-05-01,116.989007849,3.42112107351,3.42112107351
01113,Bread and bakery products,2024-06-01,108.709135666,-7.07747876085,-7.07747876085
01113,Bread and bakery products,2024-07-01,111.85908704,2.89759582273,2.89759582273
01113,Bread and bakery products,2024-08-01,120.048960613,7.32159879817,7.32159879817
01113,Bread and bakery products,2024-09-01,120.048960613,0,0
01113,Bread and bakery products,2024-10-01,135.57527641,12.9333196369,12.9333196369
01113,Bread and bakery products,2024-11-01,162.945205861,20.1879945782,20.1879945782
01113,Bread and bakery products,2024-12-01,420.359232144,157.975820721,157.975820721
01113,Bread and bakery products,2025-01-01,289.95124526,-31.0229862726,-31.0229862726
01113,Bread and bakery products,2025-02-01,106.380061567,-63.311052011,-63.311052011
01113,Bread and bakery products,2025-03-01,157.96828269,48.4942576294,48.4942576294
01113,Bread and bakery products,2025-04-01,296.967977139,87.9921539203,87.9921539203
01113,Bread and bakery products,2025-05-01,548.964087059,84.8563243577,84.8563243577
01113,Bread and bakery products,2025-06-01,548.964087059,0,0
01113,Bread and bakery products,2025-07-01,1002.55708491,82.62708045,82.62708045
01113,Bread and bakery products,2025-08-01,1002.55708491,0,0
01113,Bread and bakery products,2025-09-01,367.526887917,-63.3410512532,-63.3410512532
01113,Bread and bakery products,2025-10-01,91.7505324949,-75.0356952072,-75.0356952072
01113,Bread and bakery products,2025-11-01,148.377955254,61.7189036606,61.7189036606
01113,Bread and bakery products,2025-12-01,143.198304858,-3.49084901888,-3.49084901888
01113,Bread and bakery products,2026-01-01,145.725077737,1.76452708771,1.76452708771
01113,Bread and bakery products,2026-02-01,132.114487114,-9.33990966703,-9.33990966703
011131.1,Bread - kmaj,2022-12-01,114.700540822,,
011131.1,Bread - kmaj,2023-01-01,123.922681665,8.04018950303,8.04018950303
011131.1,Bread - kmaj,2023-02-01,120.714801389,-2.58861431381,-2.58861431382
011131.1,Bread - kmaj,2023-03-01,120.714801389,0,0
011131.1,Bread - kmaj,2023-04-01,120.714801389,0,0
011131.1,Bread - kmaj,2023-05-01,118.234380897,-2.05477742845,-2.05477742845
011131.1,Bread - kmaj,2023-06-01,114.700540822,-2.9888430496,-2.9888430496
011131.1,Bread - kmaj,2023-07-01,114.700540822,0,0
011131.1,Bread - kmaj,2023-08-01,114.700540822,0,0
011131.1,Bread - kmaj,2023-09-01,110.834230457,-3.37078651685,-3.37078651685
011131.1,Bread - kmaj,2023-10-01,113.615001872,2.50894638215,2.50894638215
011131.1,Bread - kmaj,2023-11-01,114.557344142,0.829417113792,0.829417113792
011131.1,Bread - kmaj,2023-12-01,114.557344142,0,0
011131.1,Bread - kmaj,2024-01-01,85.9180081062,-25,-25
011131.1,Bread - kmaj,2024-02-01,143.196680177,66.6666666667,66.6666666667
011131.1,Bread - kmaj,2024-03-01,143.196680177,0,0
011131.1,Bread - kmaj,2024-04-01,119.927219648,-16.25,-16.25
011131.1,Bread - kmaj,2024-05-01,130.922679019,9.1684434968,9.1684434968
011131.1,Bread - kmaj,2024-06-01,107.397510133,-17.96875,-17.96875
011131.1,Bread - kmaj,2024-07-01,116.347302644,8.33333333333,8.33333333333
011131.1,Bread - kmaj,2024-08-01,139.616763173,20,20
011131.1,Bread - kmaj,2024-09-01,139.616763173,0,0
011131.1,Bread - kmaj,2024-10-01,118.137261146,-15.3846153846,-15.3846153846
011131.1,Bread - kmaj,2024-11-01,197.611418644,67.2727272727,67.2727272727
011131.1,Bread - kmaj,2024-12-01,928.988462648,370.108695652,370.108695652
011131.1,Bread - kmaj,2025-01-01,558.46705269,-39.8843930636,-39.8843930636
011131.1,Bread - kmaj,2025-02-01,55.2330052111,-90.1098901099,-90.1098901099
011131.1,Bread - kmaj,2025-03-01,183.470746477,232.175925926,232.175925926
011131.1,Bread - kmaj,2025-04-01,572.786720708,212.195121951,212.195121951
011131.1,Bread - kmaj,2025-05-01,1288.77012159,125,125
011131.1,Bread - kmaj,2025-06-01,1288.77012159,0,0
011131.1,Bread - kmaj,2025-07-01,2577.54024319,100,100
011131.1,Bread - kmaj,2025-08-01,2577.54024319,0,0
011131.1,Bread - kmaj,2025-09-01,773.262072956,-70,-70
011131.1,Bread - kmaj,2025-10-01,59.068630573,-92.3611111111,-92.3611111111
011131.1,Bread - kmaj,2025-11-01,86.4549956568,46.3636363636,46.3636363636
011131.1,Bread - kmaj,2025-12-01,71.5983400885,-17.1842650104,-17.1842650104
011131.1,Bread - kmaj,2026-01-01,85.9180081062,20,20
011131.1,Bread - kmaj,2026-02-01,64.4385060796,-25,-25
011139,Other bakery products,2022-12-01,95.1283883536,,
011139,Other bakery products,2023-01-01,94.585192649,-0.571013252748,-0.571013252748
011139,Other bakery products,2023-02-01,98.51881272,4.15881171342,4.15881171342
011139,Other bakery products,2023-03-01,101.519095977,3.04539120439,3.04539120439
011139,Other bakery products,2023-04-01,104.612782528,3.04739371542,3.04739371542
011139,Other bakery products,2023-05-01,104.96987142,0.341343460548,0.341343460548
011139,Other bakery products,2023-06-01,105.396369256,0.406304999386,0.406304999386
011139,Other bakery products,2023-07-01,105.037667984,-0.340335510258,-0.340335510258
011139,Other bakery products,2023-08-01,104.995127104,-0.040500595042,-0.040500595042
011139,Other bakery products,2023-09-01,105.80750067,0.773725017628,0.773725017628
011139,Other bakery products,2023-10-01,105.769683378,-0.0357415976095,-0.0357415976095
011139,Other bakery products,2023-11-01,107.034089689,1.19543357814,1.19543357814
011139,Other bakery products,2023-12-01,107.034089689,0,0
011139,Other bakery products,2024-01-01,107.034089689,0,0
011139,Other bakery products,2024-02-01,107.034089689,0,0
011139,Other bakery products,2024-03-01,107.034089689,0,0
011139,Other bakery products,2024-04-01,107.034089689,0,0
011139,Other bakery products,2024-05-01,107.034089689,0,0
011139,Other bakery products,2024-06-01,107.034089689,0,0
011139,Other bakery products,2024-07-01,107.034089689,0,0
011139,Other bakery products,2024-08-01,107.034089689,0,0
011139,Other bakery products,2024-09-01,107.034089689,0,0
011139,Other bakery products,2024-10-01,146.87246625,37.2202694268,37.2202694268
011139,Other bakery products,2024-11-01,145.834256756,-0.70687823291,-0.70687823291
011139,Other bakery products,2024-12-01,145.834256756,0,0
011139,Other bakery products,2025-01-01,145.834256756,0,0
011139,Other bakery products,2025-02-01,134.697143665,-7.63682919121,-7.63682919121
011139,Other bakery products,2025-03-01,145.834256756,8.26826225684,8.26826225684
011139,Other bakery products,2025-04-01,145.834256756,0,0
011139,Other bakery products,2025-05-01,145.834256756,0,0
011139,Other bakery products,2025-06-01,145.834256756,0,0
011139,Other bakery products,2025-07-01,145.834256756,0,0
011139,Other bakery products,2025-08-01,145.834256756,0,0
011139,Other bakery products,2025-09-01,145.834256756,0,0
011139,Other bakery products,2025-10-01,109.594111474,-24.8502279834,-24.8502279834
011139,Other bakery products,2025-11-01,180.450130816,64.6531263301,64.6531263301
011139,Other bakery products,2025-12-01,181.401731767,0.527348440688,0.527348440688
011139,Other bakery products,2026-01-01,176.227538262,-2.85233964097,-2.85233964097
011139,Other bakery products,2026-02-01,167.093621537,-5.18302463694,-5.18302463694
011139.4,Biscuits,2022-12-01,87.0035820919,,
011139.4,Biscuits,2023-01-01,86.0016034969,-1.15165211707,-1.15165211707
011139.4,Biscuits,2023-02-01,92.4933882571,7.54844618738,7.54844618738
011139.4,Biscuits,2023-03-01,99.0126260137,7.04832840427,7.04832840427
011139.4,Biscuits,2023-04-01,105.24551956,6.29504922474,6.29504922474
011139.4,Biscuits,2023-05-01,106.514040452,1.20529681175,1.20529681175
011139.4,Biscuits,2023-06-01,107.727194224,1.13896136834,1.13896136834
011139.4,Biscuits,2023-07-01,107.47056146,-0.238224680674,-0.238224680674
011139.4,Biscuits,2023-08-01,107.412908253,-0.0536455808734,-0.0536455808734
011139.4,Biscuits,2023-09-01,107.718509298,0.28451053981,0.28451053981
011139.4,Biscuits,2023-10-01,107.718509298,0,0
011139.4,Biscuits,2023-11-01,110.764537074,2.8277663663,2.8277663663
011139.4,Biscuits,2023-12-01,110.764537074,0,0
011139.4,Biscuits,2024-01-01,110.764537074,0,0
011139.4,Biscuits,2024-02-01,110.764537074,0,0
011139.4,Biscuits,2024-03-01,110.764537074,0,0
011139.4,Biscuits,2024-04-01,110.764537074,0,0
011139.4,Biscuits,2024-05-01,110.764537074,0,0
011139.4,Biscuits,2024-06-01,110.764537074,0,0
011139.4,Biscuits,2024-07-01,110.764537074,0,0
011139.4,Biscuits,2024-08-01,110.764537074,0,0
011139.4,Biscuits,2024-09-01,110.764537074,0,0
011139.4,Biscuits,2024-10-01,110.764537074,0,0
011139.4,Biscuits,2024-11-01,110.764537074,0,0
011139.4,Biscuits,2024-12-01,110.764537074,0,0
011139.4,Biscuits,2025-01-01,110.764537074,0,0
011139.4,Biscuits,2025-02-01,110.764537074,0,0
011139.4,Biscuits,2025-03-01,110.764537074,0,0
011139.4,Biscuits,2025-04-01,110.764537074,0,0
011139.4,Biscuits,2025-05-01,110.764537074,0,0
011139.4,Biscuits,2025-06-01,110.764537074,0,0
011139.4,Biscuits,2025-07-01,110.764537074,0,0
011139.4,Biscuits,2025-08-01,110.764537074,0,0
011139.4,Biscuits,2025-09-01,110.764537074,0,0
011139.4,Biscuits,2025-10-01,110.764537074,0,0
011139.4,Biscuits,2025-11-01,221.529074148,100,100
011139.4,Biscuits,2025-12-01,236.805805621,6.89603905538,6.89603905538
011139.4,Biscuits,2026-01-01,229.326751461,-3.15830692597,-3.15830692597
011139.4,Biscuits,2026-02-01,187.746812264,-18.1313078093,-18.1313078093
01115,"Macaroni, noodles, couscous and similar pasta products",2022-12-01,102.295869271,,
01115,"Macaroni, noodles, couscous and similar pasta products",2023-01-01,102.541789791,0.240401222285,0.240401222285
01115,"Macaroni, noodles, couscous and similar pasta products",2023-02-01,101.864877309,-0.660133281899,-0.660133281899
01115,"Macaroni, noodles, couscous and similar pasta products",2023-03-01,102.234963051,0.363310447947,0.363310447947
01115,"Macaroni, noodles, couscous and similar pasta products",2023-04-01,102.977794863,0.726592732745,0.726592732745
01115,"Macaroni, noodles, couscous and similar pasta products",2023-05-01,102.60671599,-0.360348434914,-0.360348434914
01115,"Macaroni, noodles, couscous and similar pasta products",2023-06-01,102.174542823,-0.421193840239,-0.421193840239
01115,"Macaroni, noodles, couscous and similar pasta products",2023-07-01,101.697230196,-0.467154159867,-0.467154159867
01115,"Macaroni, noodles, couscous and similar pasta products",2023-08-01,101.396056908,-0.296146991988,-0.296146991988
01115,"Macaroni, noodles, couscous and similar pasta products",2023-09-01,101.819633131,0.417744275891,0.417744275891
01115,"Macaroni, noodles, couscous and similar pasta products",2023-10-01,101.430726388,-0.381956535443,-0.381956535443
01115,"Macaroni, noodles, couscous and similar pasta products",2023-11-01,131.838158497,29.9785214907,29.9785214907
01115,"Macaroni, noodles, couscous and similar pasta products",2023-12-01,131.838158497,0,0
01115,"Macaroni, noodles, couscous and similar pasta products",2024-01-01,217.155253917,64.7135066152,64.7135066152
01115,"Macaroni, noodles, couscous and similar pasta products",2024-02-01,205.877560783,-5.19337797771,-5.19337797771
01115,"Macaroni, noodles, couscous and similar pasta products",2024-03-01,260.388399261,26.4773092665,26.4773092665
01115,"Macaroni, noodles, couscous and similar pasta products",2024-04-01,186.845661281,-28.2434771246,-28.2434771246
01115,"Macaroni, noodles, couscous and similar pasta products",2024-05-01,181.194449135,-3.02453485238,-3.02453485238
01115,"Macaroni, noodles, couscous and similar pasta products",2024-06-01,177.525283048,-2.02498812979,-2.02498812979
01115,"Macaroni, noodles, couscous and similar pasta products",2024-07-01,160.481313057,-9.60086907018,-9.60086907018
01115,"Macaroni, noodles, couscous and similar pasta products",2024-08-01,153.824583797,-4.14797781307,-4.14797781307
01115,"Macaroni, noodles, couscous and similar pasta products",2024-09-01,132.131873005,-14.1022392237,-14.1022392237
01115,"Macaroni, noodles, couscous and similar pasta products",2024-10-01,162.932953684,23.3108635928,23.3108635928
01115,"Macaroni, noodles, couscous and similar pasta products",2024-11-01,258.036189314,58.3695523099,58.3695523099
01115,"Macaroni, noodles, couscous and similar pasta products",2024-12-01,341.753953122,32.4441947581,32.4441947581
01115,"Macaroni, noodles, couscous and similar pasta products",2025-01-01,241.945640001,-29.2047281997,-29.2047281997
01115,"Macaroni, noodles, couscous and similar pasta products",2025-02-01,112.408161656,-53.5399101816,-53.5399101816
01115,"Macaroni, noodles, couscous and similar pasta products",2025-03-01,134.212550025,19.3975135322,19.3975135322
01115,"Macaroni, noodles, couscous and similar pasta products",2025-04-01,223.810264926,66.7580750723,66.7580750723
01115,"Macaroni, noodles, couscous and similar pasta products",2025-05-01,496.382530953,121.787204941,121.787204941
01115,"Macaroni, noodles, couscous and similar pasta products",2025-06-01,609.43427841,22.7751261192,22.7751261192
01115,"Macaroni, noodles, couscous and similar pasta products",2025-07-01,492.320549844,-19.2167937897,-19.2167937897
01115,"Macaroni, noodles, couscous and similar pasta products",2025-08-01,237.279778047,-51.8038038179,-51.8038038179
01115,"Macaroni, noodles, couscous and similar pasta products",2025-09-01,152.478890503,-35.7387756524,-35.7387756524
01115,"Macaroni, noodles, couscous and similar pasta products",2025-10-01,183.666005287,20.453398291,20.453398291
01115,"Macaroni, noodles, couscous and similar pasta products",2025-11-01,153.898838484,-16.2072272201,-16.2072272201
01115,"Macaroni, noodles, couscous and similar pasta products",2025-12-01,146.991255742,-4.4883917319,-4.4883917319
01115,"Macaroni, noodles, couscous and similar pasta products",2026-01-01,111.222320449,-24.3340565477,-24.3340565477
01115,"Macaroni, noodles, couscous and similar pasta products",2026-02-01,110.126814091,-0.984969882144,-0.984969882144
011150.1,Macaroni,2022-12-01,101.289327608,,
011150.1,Macaroni,2023-01-01,101.976559412,0.678483923485,0.678483923485
011150.1,Macaroni,2023-02-01,102.541528523,0.554018604274,0.554018604274
011150.1,Macaroni,2023-03-01,101.409782195,-1.10369559047,-1.10369559047
011150.1,Macaroni,2023-04-01,101.409782195,0,0
011150.1,Macaroni,2023-05-01,101.409782195,0,0
011150.1,Macaroni,2023-06-01,101.409782195,0,0
011150.1,Macaroni,2023-07-01,101.409782195,0,0
011150.1,Macaroni,2023-08-01,100.941706342,-0.461568738802,-0.461568738802
011150.1,Macaroni,2023-09-01,101.197986942,0.253889704422,0.253889704422
011150.1,Macaroni,2023-10-01,100.789326178,-0.403823016808,-0.403823016808
011150.1,Macaroni,2023-11-01,134.341500739,33.2894125131,33.2894125131
011150.1,Macaroni,2023-12-01,134.341500739,0,0
011150.1,Macaroni,2024-01-01,206.576626609,53.7697773755,53.7697773755
011150.1,Macaroni,2024-02-01,182.933685382,-11.4451192348,-11.4451192348
011150.1,Macaroni,2024-03-01,251.330112648,37.3886455757,37.3886455757
011150.1,Macaroni,2024-04-01,168.236969321,-33.0613560195,-33.0613560195
011150.1,Macaroni,2024-05-01,168.236969321,0,0
011150.1,Macaroni,2024-06-01,184.239592636,9.51195410836,9.51195410836
011150.1,Macaroni,2024-07-01,153.732015369,-16.5586434657,-16.5586434657
011150.1,Macaroni,2024-08-01,144.65528894,-5.90425254449,-5.90425254449
011150.1,Macaroni,2024-09-01,98.1310235088,-32.1621599681,-32.1621599681
011150.1,Macaroni,2024-10-01,126.460041331,28.8685645058,28.8685645058
011150.1,Macaroni,2024-11-01,196.50231463,55.3868815493,55.3868815494
011150.1,Macaroni,2024-12-01,293.03403057,49.1249765287,49.1249765287
011150.1,Macaroni,2025-01-01,219.662990658,-25.0384024578,-25.0384024578
011150.1,Macaroni,2025-02-01,64.3041541738,-70.7259953162,-70.7259953162
011150.1,Macaroni,2025-03-01,86.4247832096,34.4,34.4
011150.1,Macaroni,2025-04-01,144.041305349,66.6666666667,66.6666666667
011150.1,Macaroni,2025-05-01,519.989112311,261,261
011150.1,Macaroni,2025-06-01,588.38301069,13.1529481599,13.1529481599
011150.1,Macaroni,2025-07-01,596.090935304,1.31001821494,1.31001821494
011150.1,Macaroni,2025-08-01,289.683069647,-51.4028728688,-51.4028728688
011150.1,Macaroni,2025-09-01,102.138380157,-64.7413360121,-64.7413360121
011150.1,Macaroni,2025-10-01,115.233044279,12.8205128205,12.8205128205
011150.1,Macaroni,2025-11-01,100.828913745,-12.5,-12.5
011150.1,Macaroni,2025-12-01,102.429372693,1.5873015873,1.5873015873
011150.1,Macaroni,2026-01-01,48.6139405554,-52.5390625,-52.5390625
011150.1,Macaroni,2026-02-01,60.4973482467,24.4444444444,24.4444444444
011150.3,Burghul,2022-12-01,104.346508692,,
011150.3,Burghul,2023-01-01,103.97686398,-0.354247321775,-0.354247321775
011150.3,Burghul,2023-02-01,100.268209394,-3.56680750298,-3.56680750298
011150.3,Burghul,2023-03-01,104.375587752,4.09639145114,4.09639145114
011150.3,Burghul,2023-04-01,107.72869612,3.21254082517,3.21254082517
011150.3,Burghul,2023-05-01,106.053663291,-1.55486225051,-1.55486225051
011150.3,Burghul,2023-06-01,104.102853645,-1.83945522083,-1.83945522083
011150.3,Burghul,2023-07-01,101.94828657,-2.06965227148,-2.06965227148
011150.3,Burghul,2023-08-01,101.215081982,-0.719192654051,-0.719192654051
011150.3,Burghul,2023-09-01,101.976697298,0.752472162538,0.752472162538
011150.3,Burghul,2023-10-01,101.976697298,0,0
011150.3,Burghul,2023-11-01,153.055858131,50.0890518979,50.0890518979
011150.3,Burghul,2023-12-01,153.055858131,0,0
011150.3,Burghul,2024-01-01,382.639645328,150,150
011150.3,Burghul,2024-02-01,382.639645328,0,0
011150.3,Burghul,2024-03-01,446.412919549,16.6666666667,16.6666666667
011150.3,Burghul,2024-04-01,293.357061418,-34.2857142857,-34.2857142857
011150.3,Burghul,2024-05-01,267.84775173,-8.69565217391,-8.69565217391
011150.3,Burghul,2024-06-01,216.829132353,-19.0476190476,-19.0476190476
011150.3,Burghul,2024-07-01,184.942495242,-14.7058823529,-14.7058823529
011150.3,Burghul,2024-08-01,178.56516782,-3.44827586207,-3.44827586207
011150.3,Burghul,2024-09-01,172.187840398,-3.57142857143,-3.57142857143
011150.3,Burghul,2024-10-01,250.455040578,45.4545454545,45.4545454545
011150.3,Burghul,2024-11-01,524.53518047,109.43287037,109.43287037
011150.3,Burghul,2024-12-01,657.502457222,25.3495440729,25.3495440729
011150.3,Burghul,2025-01-01,401.771627594,-38.8942774006,-38.8942774006
011150.3,Burghul,2025-02-01,199.974767023,-50.2267573696,-50.2267573696
011150.3,Burghul,2025-03-01,204.074477508,2.05011389522,2.05011389522
011150.3,Burghul,2025-04-01,471.922229238,131.25,131.25
011150.3,Burghul,2025-05-01,892.825839099,89.1891891892,89.1891891892
011150.3,Burghul,2025-06-01,1179.80557309,32.1428571429,32.1428571429
011150.3,Burghul,2025-07-01,637.732742213,-45.9459459459,-45.9459459459
011150.3,Burghul,2025-08-01,301.009854325,-52.8,-52.8
011150.3,Burghul,2025-09-01,178.56516782,-40.6779661017,-40.6779661017
011150.3,Burghul,2025-10-01,287.890780771,61.2244897959,61.2244897959
011150.3,Burghul,2025-11-01,204.074477508,-29.1139240506,-29.1139240506
011150.3,Burghul,2025-12-01,178.56516782,-12.5,-12.5
011150.3,Burghul,2026-01-01,178.56516782,0,0
011150.3,Burghul,2026-02-01,163.988419426,-8.16326530612,-8.16326530612
0112,"Live animals, meat and other parts of slaughtered land animals",2022-12-01,108.878724151,,
0112,"Live animals, meat and other parts of slaughtered land animals",2023-01-01,105.94353507,-2.69583346427,-2.69583346427
0112,"Live animals, meat and other parts of slaughtered land animals",2023-02-01,107.782255585,1.73556651098,1.73556651098
0112,"Live animals, meat and other parts of slaughtered land animals",2023-03-01,109.672723852,1.75396985053,1.75396985053
0112,"Live animals, meat and other parts of slaughtered land animals",2023-04-01,112.64714865,2.71209166027,2.71209166027
0112,"Live animals, meat and other parts of slaughtered land animals",2023-05-01,119.109874326,5.73714093427,5.73714093427
0112,"Live animals, meat and other parts of slaughtered land animals",2023-06-01,118.729098787,-0.319684275432,-0.319684275432
0112,"Live animals, meat and other parts of slaughtered land animals",2023-07-01,108.331963186,-8.7570239373,-8.7570239373
0112,"Live animals, meat and other parts of slaughtered land animals",2023-08-01,107.830700054,-0.462710281934,-0.462710281934
0112,"Live animals, meat and other parts of slaughtered land animals",2023-09-01,113.585673137,5.33704509067,5.33704509067
0112,"Live animals, meat and other parts of slaughtered land animals",2023-10-01,117.206028516,3.18733452827,3.18733452827
0112,"Live animals, meat and other parts of slaughtered land animals",2023-11-01,142.284357801,21.396791276,21.396791276
0112,"Live animals, meat and other parts of slaughtered land animals",2023-12-01,196.312685363,37.9720781663,37.9720781663
0112,"Live animals, meat and other parts of slaughtered land animals",2024-01-01,225.691170677,14.9651487164,14.9651487164
0112,"Live animals, meat and other parts of slaughtered land animals",2024-02-01,261.821125047,16.0085812226,16.0085812226
0112,"Live animals, meat and other parts of slaughtered land animals",2024-03-01,270.897694584,3.46670633834,3.46670633834
0112,"Live animals, meat and other parts of slaughtered land animals",2024-04-01,273.165722713,0.837226810704,0.837226810704
0112,"Live animals, meat and other parts of slaughtered land animals",2024-05-01,293.440549142,7.42217077148,7.42217077148
0112,"Live animals, meat and other parts of slaughtered land animals",2024-06-01,293.440549142,0,0
0112,"Live animals, meat and other parts of slaughtered land animals",2024-07-01,281.520772045,-4.06207565109,-4.06207565109
0112,"Live animals, meat and other parts of slaughtered land animals",2024-08-01,274.07129063,-2.64615692868,-2.64615692868
0112,"Live animals, meat and other parts of slaughtered land animals",2024-09-01,491.361882543,79.2825076331,79.2825076331
0112,"Live animals, meat and other parts of slaughtered land animals",2024-10-01,822.872286158,67.4676680044,67.4676680044
0112,"Live animals, meat and other parts of slaughtered land animals",2024-11-01,798.376111124,-2.97691093081,-2.97691093081
0112,"Live animals, meat and other parts of slaughtered land animals",2024-12-01,806.470401,1.01384419728,1.01384419728
0112,"Live animals, meat and other parts of slaughtered land animals",2025-01-01,347.037919761,-56.9683004695,-56.9683004695
0112,"Live animals, meat and other parts of slaughtered land animals",2025-02-01,210.769861869,-39.2660427384,-39.2660427384
0112,"Live animals, meat and other parts of slaughtered land animals",2025-03-01,355.305637481,68.5751626585,68.5751626585
0112,"Live animals, meat and other parts of slaughtered land animals",2025-04-01,366.607477808,3.18087841419,3.18087841419
0112,"Live animals, meat and other parts of slaughtered land animals",2025-05-01,368.859644684,0.61432649713,0.61432649713
0112,"Live animals, meat and other parts of slaughtered land animals",2025-06-01,1743.94699377,372.794196628,372.794196628
0112,"Live animals, meat and other parts of slaughtered land animals",2025-07-01,1739.8655917,-0.234032460922,-0.234032460922
0112,"Live animals, meat and other parts of slaughtered land animals",2025-08-01,928.564869184,-46.6300802998,-46.6300802998
0112,"Live animals, meat and other parts of slaughtered land animals",2025-09-01,903.229870423,-2.72840375528,-2.72840375528
0112,"Live animals, meat and other parts of slaughtered land animals",2025-10-01,739.789362994,-18.0951176197,-18.0951176197
0112,"Live animals, meat and other parts of slaughtered land animals",2025-11-01,346.638716069,-53.1435928376,-53.1435928376
0112,"Live animals, meat and other parts of slaughtered land animals",2025-12-01,242.7122311,-29.981211028,-29.981211028
0112,"Live animals, meat and other parts of slaughtered land animals",2026-01-01,192.175903608,-20.8215001209,-20.8215001209
0112,"Live animals, meat and other parts of slaughtered land animals",2026-02-01,199.606880148,3.8667576947,3.8667576947
0112.1.1,Fresh meat,2022-12-01,104.977966652,,
0112.1.1,Fresh meat,2023-01-01,105.110327337,0.126084252935,0.126084252935
0112.1.1,Fresh meat,2023-02-01,102.06654086,-2.89580153921,-2.89580153921
0112.1.1,Fresh meat,2023-03-01,105.720498444,3.57997591923,3.57997591923
0112.1.1,Fresh meat,2023-04-01,110.421201179,4.4463493869,4.4463493869
0112.1.1,Fresh meat,2023-05-01,113.49539747,2.78406343919,2.78406343919
0112.1.1,Fresh meat,2023-06-01,117.491365361,3.52081932877,3.52081932877
0112.1.1,Fresh meat,2023-07-01,115.171159805,-1.97478814677,-1.97478814677
0112.1.1,Fresh meat,2023-08-01,113.371765843,-1.56236506133,-1.56236506133
0112.1.1,Fresh meat,2023-09-01,113.793605168,0.37208499125,0.372084991249
0112.1.1,Fresh meat,2023-10-01,113.756840755,-0.0323079784743,-0.0323079784743
0112.1.1,Fresh meat,2023-11-01,124.830432676,9.73444045044,9.73444045044
0112.1.1,Fresh meat,2023-12-01,149.532735779,19.7886865994,19.7886865994
0112.1.1,Fresh meat,2024-01-01,232.903008752,55.753860543,55.753860543
0112.1.1,Fresh meat,2024-02-01,318.818340869,36.8888888889,36.8888888889
0112.1.1,Fresh meat,2024-03-01,389.206805736,22.0779220779,22.0779220779
0112.1.1,Fresh meat,2024-04-01,440.963029903,13.2978723404,13.2978723404
0112.1.1,Fresh meat,2024-05-01,509.281245803,15.4929577465,15.4929577465
0112.1.1,Fresh meat,2024-06-01,509.281245803,0,2.22044604925e-14
0112.1.1,Fresh meat,2024-07-01,529.98373547,4.06504065041,4.06504065041
0112.1.1,Fresh meat,2024-08-01,529.98373547,0,2.22044604925e-14
0112.1.1,Fresh meat,2024-09-01,529.98373547,0,0
0112.1.1,Fresh meat,2024-10-01,529.98373547,0,0
0112.1.1,Fresh meat,2024-11-01,621.074690004,17.1875,17.1875
0112.1.1,Fresh meat,2024-12-01,621.074690004,0,0
0112.1.1,Fresh meat,2025-01-01,621.074690004,0,0
0112.1.1,Fresh meat,2025-02-01,348.033772519,-43.9626540704,-43.9626540704
0112.1.1,Fresh meat,2025-03-01,557.174910104,60.0921962463,60.0921962463
0112.1.1,Fresh meat,2025-04-01,557.174910104,0,2.22044604925e-14
0112.1.1,Fresh meat,2025-05-01,557.174910104,0,0
0112.1.1,Fresh meat,2025-06-01,841.818103921,51.0868649423,51.0868649423
0112.1.1,Fresh meat,2025-07-01,841.818103921,0,0
0112.1.1,Fresh meat,2025-08-01,1144.87262133,36,36
0112.1.1,Fresh meat,2025-09-01,1103.71706959,-3.59477124183,-3.59477124183
0112.1.1,Fresh meat,2025-10-01,1090.35487746,-1.21065375303,-1.21065375303
0112.1.1,Fresh meat,2025-11-01,493.115449085,-54.7747747748,-54.7747747748
0112.1.1,Fresh meat,2025-12-01,385.520670487,-21.8193891102,-21.8193891102
0112.1.1,Fresh meat,2026-01-01,299.798476217,-22.2354340071,-22.2354340071
0112.1.1,Fresh meat,2026-02-01,322.194954781,7.47051114024,7.47051114024
011221.1,Fresh bovine meat,2022-12-01,105.541438692,,
011221.1,Fresh bovine meat,2023-01-01,105.545101089,0.00347010377044,0.00347010377042
011221.1,Fresh bovine meat,2023-02-01,102.250171857,-3.12182109656,-3.12182109656
011221.1,Fresh bovine meat,2023-03-01,105.887735923,3.55751388967,3.55751388967
011221.1,Fresh bovine meat,2023-04-01,110.890693434,4.72477522313,4.72477522313
011221.1,Fresh bovine meat,2023-05-01,114.257819422,3.03643694806,3.03643694806
011221.1,Fresh bovine meat,2023-06-01,118.507735496,3.71958444112,3.71958444112
011221.1,Fresh bovine meat,2023-07-01,116.073332512,-2.05421441387,-2.05421441387
011221.1,Fresh bovine meat,2023-08-01,114.195896109,-1.61745713848,-1.61745713848
011221.1,Fresh bovine meat,2023-09-01,114.632260378,0.382119046108,0.382119046108
011221.1,Fresh bovine meat,2023-10-01,114.582869222,-0.0430866105798,-0.0430866105798
011221.1,Fresh bovine meat,2023-11-01,125.960465454,9.92957874869,9.92957874869
011221.1,Fresh bovine meat,2023-12-01,151.152558545,20,20
011221.1,Fresh bovine meat,2024-01-01,236.175872727,56.25,56.25
011221.1,Fresh bovine meat,2024-02-01,323.298527999,36.8888888889,36.8888888889
011221.1,Fresh bovine meat,2024-03-01,394.67612509,22.0779220779,22.0779220779
011221.1,Fresh bovine meat,2024-04-01,447.159652362,13.2978723404,13.2978723404
011221.1,Fresh bovine meat,2024-05-01,516.437908362,15.4929577465,15.4929577465
011221.1,Fresh bovine meat,2024-06-01,516.437908362,0,0
011221.1,Fresh bovine meat,2024-07-01,537.431319271,4.06504065041,4.06504065041
011221.1,Fresh bovine meat,2024-08-01,537.431319271,0,0
011221.1,Fresh bovine meat,2024-09-01,537.431319271,0,0
011221.1,Fresh bovine meat,2024-10-01,537.431319271,0,0
011221.1,Fresh bovine meat,2024-11-01,629.802327271,17.1875,17.1875
011221.1,Fresh bovine meat,2024-12-01,629.802327271,0,0
011221.1,Fresh bovine meat,2025-01-01,629.802327271,0,0
011221.1,Fresh bovine meat,2025-02-01,352.924508805,-43.9626540704,-43.9626540704
011221.1,Fresh bovine meat,2025-03-01,565.004597238,60.0921962463,60.0921962463
011221.1,Fresh bovine meat,2025-04-01,565.004597238,0,0
011221.1,Fresh bovine meat,2025-05-01,565.004597238,0,0
011221.1,Fresh bovine meat,2025-06-01,853.647732747,51.0868649423,51.0868649423
011221.1,Fresh bovine meat,2025-07-01,853.647732747,0,0
011221.1,Fresh bovine meat,2025-08-01,1160.96091654,36,36
011221.1,Fresh bovine meat,2025-09-01,1119.22702738,-3.59477124183,-3.59477124183
011221.1,Fresh bovine meat,2025-10-01,1105.67706337,-1.21065375303,-1.21065375303
011221.1,Fresh bovine meat,2025-11-01,500.044942171,-54.7747747748,-54.7747747748
011221.1,Fresh bovine meat,2025-12-01,390.938190513,-21.8193891102,-21.8193891102
011221.1,Fresh bovine meat,2026-01-01,304.011387153,-22.2354340071,-22.2354340071
011221.1,Fresh bovine meat,2026-02-01,326.722591698,7.47051114024,7.47051114024
011223.1,Fresh gat meat,2022-12-01,97.6932693025,,
011223.1,Fresh gat meat,2023-01-01,99.4894713279,1.83861389661,1.83861389661
011223.1,Fresh gat meat,2023-02-01,99.6925166975,0.204087293734,0.204087293734
011223.1,Fresh gat meat,2023-03-01,103.558413493,3.87782044598,3.87782044598
011223.1,Fresh gat meat,2023-04-01,104.351496301,0.765831361022,0.765831361022
011223.1,Fresh gat meat,2023-05-01,103.638629471,-0.683140016966,-0.683140016966
011223.1,Fresh gat meat,2023-06-01,104.351496301,0.68783891988,0.68783891988
011223.1,Fresh gat meat,2023-07-01,103.507661599,-0.808646480238,-0.808646480238
011223.1,Fresh gat meat,2023-08-01,102.717218434,-0.763656673089,-0.763656673089
011223.1,Fresh gat meat,2023-09-01,102.951275912,0.227865864974,0.227865864974
011223.1,Fresh gat meat,2023-10-01,103.077752953,0.122851358162,0.122851358162
011223.1,Fresh gat meat,2023-11-01,110.221106571,6.93006338808,6.93006338808
011223.1,Fresh gat meat,2023-12-01,128.591291,16.6666666667,16.6666666667
011223.1,Fresh gat meat,2024-01-01,190.590663446,48.2142857143,48.2142857143
011223.1,Fresh gat meat,2024-02-01,260.897441518,36.8888888889,36.8888888889
011223.1,Fresh gat meat,2024-03-01,318.498175359,22.0779220779,22.0779220779
011223.1,Fresh gat meat,2024-04-01,360.851656125,13.2978723404,13.2978723404
011223.1,Fresh gat meat,2024-05-01,416.758250736,15.4929577465,15.4929577465
011223.1,Fresh gat meat,2024-06-01,416.758250736,0,0
011223.1,Fresh gat meat,2024-07-01,433.699643042,4.06504065041,4.06504065041
011223.1,Fresh gat meat,2024-08-01,433.699643042,0,0
011223.1,Fresh gat meat,2024-09-01,433.699643042,0,0
011223.1,Fresh gat meat,2024-10-01,433.699643042,0,0
011223.1,Fresh gat meat,2024-11-01,508.24176919,17.1875,17.1875
011223.1,Fresh gat meat,2024-12-01,508.24176919,0,0
011223.1,Fresh gat meat,2025-01-01,508.24176919,0,0
011223.1,Fresh gat meat,2025-02-01,284.80519836,-43.9626540704,-43.9626540704
011223.1,Fresh gat meat,2025-03-01,455.950897078,60.0921962463,60.0921962463
011223.1,Fresh gat meat,2025-04-01,455.950897078,0,0
011223.1,Fresh gat meat,2025-05-01,455.950897078,0,0
011223.1,Fresh gat meat,2025-06-01,688.881916071,51.0868649423,51.0868649423
011223.1,Fresh gat meat,2025-07-01,688.881916071,0,0
011223.1,Fresh gat meat,2025-08-01,936.879405856,36,36
011223.1,Fresh gat meat,2025-09-01,903.200734404,-3.59477124183,-3.59477124183
011223.1,Fresh gat meat,2025-10-01,892.266100816,-1.21065375303,-1.21065375303
011223.1,Fresh gat meat,2025-11-01,403.529353702,-54.7747747748,-54.7747747748
011223.1,Fresh gat meat,2025-12-01,315.481713844,-21.8193891102,-21.8193891102
011223.1,Fresh gat meat,2026-01-01,245.332985558,-22.2354340071,-22.2354340071
011223.1,Fresh gat meat,2026-02-01,263.660613574,7.47051114024,7.47051114024
011224,"Meat of poultry, fresh, chilled or frozen",2022-12-01,111.265503904,,
011224,"Meat of poultry, fresh, chilled or frozen",2023-01-01,106.593610989,-4.19886914782,-4.19886914782
011224,"Meat of poultry, fresh, chilled or frozen",2023-02-01,110.768649366,3.91678107053,3.91678107053
011224,"Meat of poultry, fresh, chilled or frozen",2023-03-01,112.220850289,1.31102160303,1.31102160303
011224,"Meat of poultry, fresh, chilled or frozen",2023-04-01,114.808474022,2.30583151594,2.30583151594
011224,"Meat of poultry, fresh, chilled or frozen",2023-05-01,123.368106056,7.45557512791,7.45557512791
011224,"Meat of poultry, fresh, chilled or frozen",2023-06-01,121.966565934,-1.1360635798,-1.1360635798
011224,"Meat of poultry, fresh, chilled or frozen",2023-07-01,105.57861297,-13.4364305818,-13.4364305818
011224,"Meat of poultry, fresh, chilled or frozen",2023-08-01,105.317768885,-0.24706148041,-0.24706148041
011224,"Meat of poultry, fresh, chilled or frozen",2023-09-01,114.532499915,8.7494552223,8.7494552223
011224,"Meat of poultry, fresh, chilled or frozen",2023-10-01,120.253654289,4.99522351976,4.99522351976
011224,"Meat of poultry, fresh, chilled or frozen",2023-11-01,151.620696311,26.0840655595,26.0840655595
011224,"Meat of poultry, fresh, chilled or frozen",2023-12-01,223.052317342,47.1120518303,47.1120518303
011224,"Meat of poultry, fresh, chilled or frozen",2024-01-01,233.370559767,4.62592926519,4.62592926519
011224,"Meat of poultry, fresh, chilled or frozen",2024-02-01,233.370559767,0,0
011224,"Meat of poultry, fresh, chilled or frozen",2024-03-01,233.370559767,0,0
011224,"Meat of poultry, fresh, chilled or frozen",2024-04-01,233.370559767,0,0
011224,"Meat of poultry, fresh, chilled or frozen",2024-05-01,233.370559767,0,0
011224,"Meat of poultry, fresh, chilled or frozen",2024-06-01,233.370559767,0,0
011224,"Meat of poultry, fresh, chilled or frozen",2024-07-01,233.370559767,0,0
011224,"Meat of poultry, fresh, chilled or frozen",2024-08-01,216.505486577,-7.22673554326,-7.22673554326
011224,"Meat of poultry, fresh, chilled or frozen",2024-09-01,517.241418375,138.904531498,138.904531498
011224,"Meat of poultry, fresh, chilled or frozen",2024-10-01,1069.07998723,106.688781921,106.688781921
011224,"Meat of poultry, fresh, chilled or frozen",2024-11-01,927.071867929,-13.283208085,-13.283208085
011224,"Meat of poultry, fresh, chilled or frozen",2024-12-01,927.071867929,0,0
011224,"Meat of poultry, fresh, chilled or frozen",2025-01-01,272.23249257,-70.6352331478,-70.6352331478
011224,"Meat of poultry, fresh, chilled or frozen",2025-02-01,177.990606233,-34.6181623828,-34.6181623828
011224,"Meat of poultry, fresh, chilled or frozen",2025-03-01,314.008684735,76.4186837607,76.4186837607
011224,"Meat of poultry, fresh, chilled or frozen",2025-04-01,314.008684735,0,0
011224,"Meat of poultry, fresh, chilled or frozen",2025-05-01,314.008684735,0,0
011224,"Meat of poultry, fresh, chilled or frozen",2025-06-01,2316.45751034,637.704918033,637.704918033
011224,"Meat of poultry, fresh, chilled or frozen",2025-07-01,2316.45751034,0,0
011224,"Meat of poultry, fresh, chilled or frozen",2025-08-01,949.638478371,-59.0047098152,-59.0047098152
011224,"Meat of poultry, fresh, chilled or frozen",2025-09-01,863.872658895,-9.03141789528,-9.03141789528
011224,"Meat of poultry, fresh, chilled or frozen",2025-10-01,695.626276412,-19.4758313914,-19.4758313914
011224,"Meat of poultry, fresh, chilled or frozen",2025-11-01,327.264290218,-52.954006869,-52.954006869
011224,"Meat of poultry, fresh, chilled or frozen",2025-12-01,209.477732766,-35.9912648501,-35.9912648501
011224,"Meat of poultry, fresh, chilled or frozen",2026-01-01,167.18051527,-20.1917487542,-20.1917487542
011224,"Meat of poultry, fresh, chilled or frozen",2026-02-01,172.05783496,2.91739721125,2.91739721125
011224.1,Fresh chicken,2022-12-01,111.729314713,,
011224.1,Fresh chicken,2023-01-01,106.381221793,-4.78665150142,-4.78665150142
011224.1,Fresh chicken,2023-02-01,111.821914879,5.11433596496,5.11433596496
011224.1,Fresh chicken,2023-03-01,113.244441304,1.27213563326,1.27213563326
011224.1,Fresh chicken,2023-04-01,115.40937111,1.91173163219,1.91173163219
011224.1,Fresh chicken,2023-05-01,124.822804394,8.15655885985,8.15655885985
011224.1,Fresh chicken,2023-06-01,123.434396484,-1.11230309009,-1.11230309009
011224.1,Fresh chicken,2023-07-01,105.237509155,-14.7421527932,-14.7421527932
011224.1,Fresh chicken,2023-08-01,104.720329829,-0.491440105074,-0.491440105074
011224.1,Fresh chicken,2023-09-01,114.217540337,9.06911821533,9.06911821533
011224.1,Fresh chicken,2023-10-01,120.50007837,5.50050194953,5.50050194953
011224.1,Fresh chicken,2023-11-01,153.243269346,27.1727549221,27.1727549221
011224.1,Fresh chicken,2023-12-01,226.737033786,47.9588857334,47.9588857334
011224.1,Fresh chicken,2024-01-01,226.737033786,0,0
011224.1,Fresh chicken,2024-02-01,226.737033786,0,0
011224.1,Fresh chicken,2024-03-01,226.737033786,0,0
011224.1,Fresh chicken,2024-04-01,226.737033786,0,0
011224.1,Fresh chicken,2024-05-01,226.737033786,0,0
011224.1,Fresh chicken,2024-06-01,226.737033786,0,0
011224.1,Fresh chicken,2024-07-01,226.737033786,0,0
011224.1,Fresh chicken,2024-08-01,207.917714015,-8.30006437704,-8.30006437704
011224.1,Fresh chicken,2024-09-01,543.501532909,161.402226108,161.402226108
011224.1,Fresh chicken,2024-10-01,1159.28459961,113.299232737,113.299232737
011224.1,Fresh chicken,2024-11-01,1000.82123707,-13.6690647482,-13.6690647482
011224.1,Fresh chicken,2024-12-01,1000.82123707,0,0
011224.1,Fresh chicken,2025-01-01,270.865921932,-72.9356340674,-72.9356340674
011224.1,Fresh chicken,2025-02-01,174.566301616,-35.5525049549,-35.5525049549
011224.1,Fresh chicken,2025-03-01,305.673521682,75.1045412847,75.1045412847
011224.1,Fresh chicken,2025-04-01,305.673521682,0,0
011224.1,Fresh chicken,2025-05-01,305.673521682,0,0
011224.1,Fresh chicken,2025-06-01,2254.96860257,637.704918033,637.704918033
011224.1,Fresh chicken,2025-07-01,2254.96860257,0,0
011224.1,Fresh chicken,2025-08-01,929.842923799,-58.7647064027,-58.7647064027
011224.1,Fresh chicken,2025-09-01,855.778168961,-7.96529746493,-7.96529746493
011224.1,Fresh chicken,2025-10-01,671.282056404,-21.5588711244,-21.5588711244
011224.1,Fresh chicken,2025-11-01,337.813278903,-49.6764026865,-49.6764026865
011224.1,Fresh chicken,2025-12-01,210.418417524,-37.7116203936,-37.7116203936
011224.1,Fresh chicken,2026-01-01,166.770302547,-20.743485998,-20.743485998
011224.1,Fresh chicken,2026-02-01,171.517338763,2.84645176193,2.84645176193
011224.2,Fresh turkey,2022-12-01,107.26283438,,
011224.2,Fresh turkey,2023-01-01,108.426521622,1.08489324266,1.08489324266
011224.2,Fresh turkey,2023-02-01,101.67900831,-6.2231207011,-6.2231207011
011224.2,Fresh turkey,2023-03-01,103.387299011,1.68008198507,1.68008198507
011224.2,Fresh turkey,2023-04-01,109.622755158,6.03116263485,6.03116263485
011224.2,Fresh turkey,2023-05-01,110.814115081,1.08678159136,1.08678159136
011224.2,Fresh turkey,2023-06-01,109.299244476,-1.36703758731,-1.36703758731
011224.2,Fresh turkey,2023-07-01,108.522325836,-0.710817941485,-0.710817941485
011224.2,Fresh turkey,2023-08-01,110.473645074,1.79808092232,1.79808092232
011224.2,Fresh turkey,2023-09-01,117.250589021,6.13444405028,6.13444405028
011224.2,Fresh turkey,2023-10-01,118.127023901,0.747488680202,0.747488680202
011224.2,Fresh turkey,2023-11-01,137.617953124,16.4999748397,16.4999748397
011224.2,Fresh turkey,2023-12-01,191.253355472,38.9741317399,38.9741317399
011224.2,Fresh turkey,2024-01-01,290.61763508,51.9542673448,51.9542673448
011224.2,Fresh turkey,2024-02-01,290.61763508,0,0
011224.2,Fresh turkey,2024-03-01,290.61763508,0,0
011224.2,Fresh turkey,2024-04-01,290.61763508,0,0
011224.2,Fresh turkey,2024-05-01,290.61763508,0,0
011224.2,Fresh turkey,2024-06-01,290.61763508,0,0
011224.2,Fresh turkey,2024-07-01,290.61763508,0,0
011224.2,Fresh turkey,2024-08-01,290.61763508,0,0
011224.2,Fresh turkey,2024-09-01,290.61763508,0,0
011224.2,Fresh turkey,2024-10-01,290.61763508,0,0
011224.2,Fresh turkey,2024-11-01,290.61763508,0,0
011224.2,Fresh turkey,2024-12-01,290.61763508,0,0
011224.2,Fresh turkey,2025-01-01,284.025944869,-2.26816593866,-2.26816593866
011224.2,Fresh turkey,2025-02-01,207.542224013,-26.9284275743,-26.9284275743
011224.2,Fresh turkey,2025-03-01,385.940822841,85.957736878,85.957736878
011224.2,Fresh turkey,2025-04-01,385.940822841,0,0
011224.2,Fresh turkey,2025-05-01,385.940822841,0,0
011224.2,Fresh turkey,2025-06-01,2847.10443079,637.704918033,637.704918033
011224.2,Fresh turkey,2025-07-01,2847.10443079,0,0
011224.2,Fresh turkey,2025-08-01,1120.47335663,-60.6451612903,-60.6451612903
011224.2,Fresh turkey,2025-09-01,933.727797195,-16.6666666667,-16.6666666667
011224.2,Fresh turkey,2025-10-01,905.715963279,-3,-3
011224.2,Fresh turkey,2025-11-01,236.226921641,-73.9182115345,-73.9182115345
011224.2,Fresh turkey,2025-12-01,201.359659312,-14.7600714122,-14.7600714122
011224.2,Fresh turkey,2026-01-01,170.720635361,-15.2160686284,-15.2160686284
011224.2,Fresh turkey,2026-02-01,176.722296454,3.51548661939,3.51548661939
01131,"Fish, live, fresh, chilled, or frozen",2022-12-01,92.5341187316,,
01131,"Fish, live, fresh, chilled, or frozen",2023-01-01,101.929336178,10.1532467971,10.1532467971
01131,"Fish, live, fresh, chilled, or frozen",2023-02-01,106.66374435,4.6447944716,4.6447944716
01131,"Fish, live, fresh, chilled, or frozen",2023-03-01,107.627806087,0.903832640746,0.903832640746
01131,"Fish, live, fresh, chilled, or frozen",2023-04-01,105.89151905,-1.61323276966,-1.61323276966
01131,"Fish, live, fresh, chilled, or frozen",2023-05-01,99.30167986,-6.22319827776,-6.22319827776
01131,"Fish, live, fresh, chilled, or frozen",2023-06-01,100.633986663,1.34167599689,1.34167599689
01131,"Fish, live, fresh, chilled, or frozen",2023-07-01,106.268119836,5.59863855094,5.59863855094
01131,"Fish, live, fresh, chilled, or frozen",2023-08-01,105.859603516,-0.384420389424,-0.384420389424
01131,"Fish, live, fresh, chilled, or frozen",2023-09-01,104.143850762,-1.62078139019,-1.62078139019
01131,"Fish, live, fresh, chilled, or frozen",2023-10-01,106.493732721,2.25638090108,2.25638090108
01131,"Fish, live, fresh, chilled, or frozen",2023-11-01,106.493732721,0,0
01131,"Fish, live, fresh, chilled, or frozen",2023-12-01,106.493732721,0,0
01131,"Fish, live, fresh, chilled, or frozen",2024-01-01,106.493732721,0,0
01131,"Fish, live, fresh, chilled, or frozen",2024-02-01,302.183628038,183.757194267,183.757194267
01131,"Fish, live, fresh, chilled, or frozen",2024-03-01,362.620353645,20,20
01131,"Fish, live, fresh, chilled, or frozen",2024-04-01,393.036950366,8.38800040196,8.38800040196
01131,"Fish, live, fresh, chilled, or frozen",2024-05-01,393.036950366,0,0
01131,"Fish, live, fresh, chilled, or frozen",2024-06-01,432.820131014,10.1219950468,10.1219950468
01131,"Fish, live, fresh, chilled, or frozen",2024-07-01,369.753246691,-14.5711531892,-14.5711531892
01131,"Fish, live, fresh, chilled, or frozen",2024-08-01,398.782019738,7.85085007566,7.85085007566
01131,"Fish, live, fresh, chilled, or frozen",2024-09-01,441.730921209,10.7700195457,10.7700195457
01131,"Fish, live, fresh, chilled, or frozen",2024-10-01,584.210827148,32.2549088367,32.2549088367
01131,"Fish, live, fresh, chilled, or frozen",2024-11-01,810.96523705,38.8137979244,38.8137979244
01131,"Fish, live, fresh, chilled, or frozen",2024-12-01,810.96523705,0,0
01131,"Fish, live, fresh, chilled, or frozen",2025-01-01,754.48620003,-6.96442146223,-6.96442146223
01131,"Fish, live, fresh, chilled, or frozen",2025-02-01,640.08802043,-15.1623952294,-15.1623952294
01131,"Fish, live, fresh, chilled, or frozen",2025-03-01,597.409648788,-6.66757856409,-6.66757856409
01131,"Fish, live, fresh, chilled, or frozen",2025-04-01,597.409648788,0,0
01131,"Fish, live, fresh, chilled, or frozen",2025-05-01,597.409648788,0,0
01131,"Fish, live, fresh, chilled, or frozen",2025-06-01,597.409648788,0,0
01131,"Fish, live, fresh, chilled, or frozen",2025-07-01,825.655860119,38.2059800664,38.2059800664
01131,"Fish, live, fresh, chilled, or frozen",2025-08-01,1066.80294426,29.2067307692,29.2067307692
01131,"Fish, live, fresh, chilled, or frozen",2025-09-01,1066.80294426,0,0
01131,"Fish, live, fresh, chilled, or frozen",2025-10-01,576.05263213,-46.0019645403,-46.0019645403
01131,"Fish, live, fresh, chilled, or frozen",2025-11-01,343.578871582,-40.3563403031,-40.3563403031
01131,"Fish, live, fresh, chilled, or frozen",2025-12-01,289.084077509,-15.8609270186,-15.8609270186
01131,"Fish, live, fresh, chilled, or frozen",2026-01-01,225.993475671,-21.8243088246,-21.8243088246
01131,"Fish, live, fresh, chilled, or frozen",2026-02-01,130.292500274,-42.3467868321,-42.3467868321
011319,"Other fish, live, fresh, chilled, or frozen",2022-12-01,92.5341187316,,
011319,"Other fish, live, fresh, chilled, or frozen",2023-01-01,101.929336178,10.1532467971,10.1532467971
011319,"Other fish, live, fresh, chilled, or frozen",2023-02-01,106.66374435,4.6447944716,4.6447944716
011319,"Other fish, live, fresh, chilled, or frozen",2023-03-01,107.627806087,0.903832640746,0.903832640746
011319,"Other fish, live, fresh, chilled, or frozen",2023-04-01,105.89151905,-1.61323276966,-1.61323276966
011319,"Other fish, live, fresh, chilled, or frozen",2023-05-01,99.30167986,-6.22319827776,-6.22319827776
011319,"Other fish, live, fresh, chilled, or frozen",2023-06-01,100.633986663,1.34167599689,1.34167599689
011319,"Other fish, live, fresh, chilled, or frozen",2023-07-01,106.268119836,5.59863855094,5.59863855094
011319,"Other fish, live, fresh, chilled, or frozen",2023-08-01,105.859603516,-0.384420389424,-0.384420389424
011319,"Other fish, live, fresh, chilled, or frozen",2023-09-01,104.143850762,-1.62078139019,-1.62078139019
011319,"Other fish, live, fresh, chilled, or frozen",2023-10-01,106.493732721,2.25638090108,2.25638090108
011319,"Other fish, live, fresh, chilled, or frozen",2023-11-01,106.493732721,0,0
011319,"Other fish, live, fresh, chilled, or frozen",2023-12-01,106.493732721,0,0
011319,"Other fish, live, fresh, chilled, or frozen",2024-01-01,106.493732721,0,0
011319,"Other fish, live, fresh, chilled, or frozen",2024-02-01,302.183628038,183.757194267,183.757194267
011319,"Other fish, live, fresh, chilled, or frozen",2024-03-01,362.620353645,20,20
011319,"Other fish, live, fresh, chilled, or frozen",2024-04-01,393.036950366,8.38800040196,8.38800040196
011319,"Other fish, live, fresh, chilled, or frozen",2024-05-01,393.036950366,0,0
011319,"Other fish, live, fresh, chilled, or frozen",2024-06-01,432.820131014,10.1219950468,10.1219950468
011319,"Other fish, live, fresh, chilled, or frozen",2024-07-01,369.753246691,-14.5711531892,-14.5711531892
011319,"Other fish, live, fresh, chilled, or frozen",2024-08-01,398.782019738,7.85085007566,7.85085007566
011319,"Other fish, live, fresh, chilled, or frozen",2024-09-01,441.730921209,10.7700195457,10.7700195457
011319,"Other fish, live, fresh, chilled, or frozen",2024-10-01,584.210827148,32.2549088367,32.2549088367
011319,"Other fish, live, fresh, chilled, or frozen",2024-11-01,810.96523705,38.8137979244,38.8137979244
011319,"Other fish, live, fresh, chilled, or frozen",2024-12-01,810.96523705,0,0
011319,"Other fish, live, fresh, chilled, or frozen",2025-01-01,754.48620003,-6.96442146223,-6.96442146223
011319,"Other fish, live, fresh, chilled, or frozen",2025-02-01,640.08802043,-15.1623952294,-15.1623952294
011319,"Other fish, live, fresh, chilled, or frozen",2025-03-01,597.409648788,-6.66757856409,-6.66757856409
011319,"Other fish, live, fresh, chilled, or frozen",2025-04-01,597.409648788,0,0
011319,"Other fish, live, fresh, chilled, or frozen",2025-05-01,597.409648788,0,0
011319,"Other fish, live, fresh, chilled, or frozen",2025-06-01,597.409648788,0,0
011319,"Other fish, live, fresh, chilled, or frozen",2025-07-01,825.655860119,38.2059800664,38.2059800664
011319,"Other fish, live, fresh, chilled, or frozen",2025-08-01,1066.80294426,29.2067307692,29.2067307692
011319,"Other fish, live, fresh, chilled, or frozen",2025-09-01,1066.80294426,0,0
011319,"Other fish, live, fresh, chilled, or frozen",2025-10-01,576.05263213,-46.0019645403,-46.0019645403
011319,"Other fish, live, fresh, chilled, or frozen",2025-11-01,343.578871582,-40.3563403031,-40.3563403031
011319,"Other fish, live, fresh, chilled, or frozen",2025-12-01,289.084077509,-15.8609270186,-15.8609270186
011319,"Other fish, live, fresh, chilled, or frozen",2026-01-01,225.993475671,-21.8243088246,-21.8243088246
011319,"Other fish, live, fresh, chilled, or frozen",2026-02-01,130.292500274,-42.3467868321,-42.3467868321
01133,Fish preparations,2022-12-01,109.501964745,,
01133,Fish preparations,2023-01-01,109.501964745,0,0
01133,Fish preparations,2023-02-01,112.637432739,2.86338971261,2.86338971261
01133,Fish preparations,2023-03-01,112.637432739,0,0
01133,Fish preparations,2023-04-01,111.813643913,-0.731363283094,-0.731363283094
01133,Fish preparations,2023-05-01,110.995879976,-0.731363283094,-0.731363283094
01133,Fish preparations,2023-06-01,112.208925844,1.09287468062,1.09287468062
01133,Fish preparations,2023-07-01,112.208925844,0,0
01133,Fish preparations,2023-08-01,112.208925844,0,0
01133,Fish preparations,2023-09-01,111.089823376,-0.997338188163,-0.997338188163
01133,Fish preparations,2023-10-01,111.089823376,0,0
01133,Fish preparations,2023-11-01,111.089823376,0,0
01133,Fish preparations,2023-12-01,111.089823376,0,0
01133,Fish preparations,2024-01-01,111.089823376,0,0
01133,Fish preparations,2024-02-01,119.315297981,7.40434573992,7.40434573992
01133,Fish preparations,2024-03-01,119.315297981,0,0
01133,Fish preparations,2024-04-01,119.315297981,0,0
01133,Fish preparations,2024-05-01,119.315297981,0,0
01133,Fish preparations,2024-06-01,104.547383362,-12.3772180677,-12.3772180677
01133,Fish preparations,2024-07-01,89.4218248145,-14.4676586452,-14.4676586452
01133,Fish preparations,2024-08-01,89.4218248145,0,0
01133,Fish preparations,2024-09-01,89.4218248145,0,0
01133,Fish preparations,2024-10-01,161.128196522,80.1888933228,80.1888933228
01133,Fish preparations,2024-11-01,363.960161556,125.882352941,125.882352941
01133,Fish preparations,2024-12-01,162.600336006,-55.3246884739,-55.3246884739
01133,Fish preparations,2025-01-01,84.609457016,-47.9647711104,-47.9647711104
01133,Fish preparations,2025-02-01,31.1732525075,-63.1563023721,-63.1563023721
01133,Fish preparations,2025-03-01,31.1732525075,0,0
01133,Fish preparations,2025-04-01,31.1732525075,0,0
01133,Fish preparations,2025-05-01,31.1732525075,0,0
01133,Fish preparations,2025-06-01,307.295464226,885.766448821,885.766448821
01133,Fish preparations,2025-07-01,289.473798373,-5.79952128393,-5.79952128393
01133,Fish preparations,2025-08-01,433.081113723,49.6097802831,49.6097802831
01133,Fish preparations,2025-09-01,73.623789333,-83,-83
01133,Fish preparations,2025-10-01,79.1919750808,7.56302521008,7.56302521008
01133,Fish preparations,2025-11-01,41.2458203546,-47.9166666667,-47.9166666667
01133,Fish preparations,2025-12-01,37.1212383191,-10,-10
01133,Fish preparations,2026-01-01,36.7389972376,-1.02970994198,-1.02970994198
01133,Fish preparations,2026-02-01,27.1154572695,-26.1943457678,-26.1943457678
011331,"Tunas, skipjack or stripe-bellied bonito, prepared or preserved",2022-12-01,109.501964745,,
011331,"Tunas, skipjack or stripe-bellied bonito, prepared or preserved",2023-01-01,109.501964745,0,0
011331,"Tunas, skipjack or stripe-bellied bonito, prepared or preserved",2023-02-01,112.637432739,2.86338971261,2.86338971261
011331,"Tunas, skipjack or stripe-bellied bonito, prepared or preserved",2023-03-01,112.637432739,0,0
011331,"Tunas, skipjack or stripe-bellied bonito, prepared or preserved",2023-04-01,111.813643913,-0.731363283094,-0.731363283094
011331,"Tunas, skipjack or stripe-bellied bonito, prepared or preserved",2023-05-01,110.995879976,-0.731363283094,-0.731363283094
011331,"Tunas, skipjack or stripe-bellied bonito, prepared or preserved",2023-06-01,112.208925844,1.09287468062,1.09287468062
011331,"Tunas, skipjack or stripe-bellied bonito, prepared or preserved",2023-07-01,112.208925844,0,0
011331,"Tunas, skipjack or stripe-bellied bonito, prepared or preserved",2023-08-01,112.208925844,0,0
011331,"Tunas, skipjack or stripe-bellied bonito, prepared or preserved",2023-09-01,111.089823376,-0.997338188163,-0.997338188163
011331,"Tunas, skipjack or stripe-bellied bonito, prepared or preserved",2023-10-01,111.089823376,0,0
011331,"Tunas, skipjack or stripe-bellied bonito, prepared or preserved",2023-11-01,111.089823376,0,0
011331,"Tunas, skipjack or stripe-bellied bonito, prepared or preserved",2023-12-01,111.089823376,0,0
011331,"Tunas, skipjack or stripe-bellied bonito, prepared or preserved",2024-01-01,111.089823376,0,0
011331,"Tunas, skipjack or stripe-bellied bonito, prepared or preserved",2024-02-01,119.315297981,7.40434573992,7.40434573992
011331,"Tunas, skipjack or stripe-bellied bonito, prepared or preserved",2024-03-01,119.315297981,0,0
011331,"Tunas, skipjack or stripe-bellied bonito, prepared or preserved",2024-04-01,119.315297981,0,0
011331,"Tunas, skipjack or stripe-bellied bonito, prepared or preserved",2024-05-01,119.315297981,0,0
011331,"Tunas, skipjack or stripe-bellied bonito, prepared or preserved",2024-06-01,104.547383362,-12.3772180677,-12.3772180677
011331,"Tunas, skipjack or stripe-bellied bonito, prepared or preserved",2024-07-01,89.4218248145,-14.4676586452,-14.4676586452
011331,"Tunas, skipjack or stripe-bellied bonito, prepared or preserved",2024-08-01,89.4218248145,0,0
011331,"Tunas, skipjack or stripe-bellied bonito, prepared or preserved",2024-09-01,89.4218248145,0,0
011331,"Tunas, skipjack or stripe-bellied bonito, prepared or preserved",2024-10-01,161.128196522,80.1888933228,80.1888933228
011331,"Tunas, skipjack or stripe-bellied bonito, prepared or preserved",2024-11-01,363.960161556,125.882352941,125.882352941
011331,"Tunas, skipjack or stripe-bellied bonito, prepared or preserved",2024-12-01,162.600336006,-55.3246884739,-55.3246884739
011331,"Tunas, skipjack or stripe-bellied bonito, prepared or preserved",2025-01-01,84.609457016,-47.9647711104,-47.9647711104
011331,"Tunas, skipjack or stripe-bellied bonito, prepared or preserved",2025-02-01,31.1732525075,-63.1563023721,-63.1563023721
011331,"Tunas, skipjack or stripe-bellied bonito, prepared or preserved",2025-03-01,31.1732525075,0,0
011331,"Tunas, skipjack or stripe-bellied bonito, prepared or preserved",2025-04-01,31.1732525075,0,0
011331,"Tunas, skipjack or stripe-bellied bonito, prepared or preserved",2025-05-01,31.1732525075,0,0
011331,"Tunas, skipjack or stripe-bellied bonito, prepared or preserved",2025-06-01,307.295464226,885.766448821,885.766448821
011331,"Tunas, skipjack or stripe-bellied bonito, prepared or preserved",2025-07-01,289.473798373,-5.79952128393,-5.79952128393
011331,"Tunas, skipjack or stripe-bellied bonito, prepared or preserved",2025-08-01,433.081113723,49.6097802831,49.6097802831
011331,"Tunas, skipjack or stripe-bellied bonito, prepared or preserved",2025-09-01,73.623789333,-83,-83
011331,"Tunas, skipjack or stripe-bellied bonito, prepared or preserved",2025-10-01,79.1919750808,7.56302521008,7.56302521008
011331,"Tunas, skipjack or stripe-bellied bonito, prepared or preserved",2025-11-01,41.2458203546,-47.9166666667,-47.9166666667
011331,"Tunas, skipjack or stripe-bellied bonito, prepared or preserved",2025-12-01,37.1212383191,-10,-10
011331,"Tunas, skipjack or stripe-bellied bonito, prepared or preserved",2026-01-01,36.7389972376,-1.02970994198,-1.02970994198
011331,"Tunas, skipjack or stripe-bellied bonito, prepared or preserved",2026-02-01,27.1154572695,-26.1943457678,-26.1943457678
0114,"Milk, other dairy products and eggs",2022-12-01,103.181896235,,
0114,"Milk, other dairy products and eggs",2023-01-01,103.39533304,0.206854896653,0.206854896653
0114,"Milk, other dairy products and eggs",2023-02-01,104.576891932,1.14275843802,1.14275843802
0114,"Milk, other dairy products and eggs",2023-03-01,106.624099787,1.95761015318,1.95761015318
0114,"Milk, other dairy products and eggs",2023-04-01,105.076335606,-1.45160820481,-1.45160820481
0114,"Milk, other dairy products and eggs",2023-05-01,99.7372063561,-5.08119094466,-5.08119094466
0114,"Milk, other dairy products and eggs",2023-06-01,101.369476881,1.63657133068,1.63657133068
0114,"Milk, other dairy products and eggs",2023-07-01,97.3287958287,-3.98609243827,-3.98609243827
0114,"Milk, other dairy products and eggs",2023-08-01,102.694214954,5.51267390029,5.51267390029
0114,"Milk, other dairy products and eggs",2023-09-01,103.42874831,0.715262643219,0.715262643219
0114,"Milk, other dairy products and eggs",2023-10-01,110.071846476,6.4228739826,6.4228739826
0114,"Milk, other dairy products and eggs",2023-11-01,141.871552627,28.8899543063,28.8899543063
0114,"Milk, other dairy products and eggs",2023-12-01,207.664898797,46.375291559,46.375291559
0114,"Milk, other dairy products and eggs",2024-01-01,193.831019089,-6.66163602397,-6.66163602397
0114,"Milk, other dairy products and eggs",2024-02-01,291.956324501,50.6241497737,50.6241497737
0114,"Milk, other dairy products and eggs",2024-03-01,340.45239884,16.6107291637,16.6107291637
0114,"Milk, other dairy products and eggs",2024-04-01,216.030587768,-36.546022732,-36.546022732
0114,"Milk, other dairy products and eggs",2024-05-01,315.085311369,45.8521752053,45.8521752053
0114,"Milk, other dairy products and eggs",2024-06-01,216.851961209,-31.1767469367,-31.1767469367
0114,"Milk, other dairy products and eggs",2024-07-01,180.335994551,-16.8391221616,-16.8391221616
0114,"Milk, other dairy products and eggs",2024-08-01,207.884897647,15.2764306232,15.2764306232
0114,"Milk, other dairy products and eggs",2024-09-01,339.854852329,63.4822231797,63.4822231797
0114,"Milk, other dairy products and eggs",2024-10-01,538.304312972,58.3924164341,58.3924164341
0114,"Milk, other dairy products and eggs",2024-11-01,743.226255816,38.0680477392,38.0680477392
0114,"Milk, other dairy products and eggs",2024-12-01,439.419642412,-40.8767331652,-40.8767331652
0114,"Milk, other dairy products and eggs",2025-01-01,266.048777695,-39.4545095357,-39.4545095357
0114,"Milk, other dairy products and eggs",2025-02-01,191.463324215,-28.0345033439,-28.0345033439
0114,"Milk, other dairy products and eggs",2025-03-01,215.537421923,12.5737384987,12.5737384987
0114,"Milk, other dairy products and eggs",2025-04-01,543.001359287,151.929040647,151.929040647
0114,"Milk, other dairy products and eggs",2025-05-01,1002.3907013,84.6018769858,84.6018769858
0114,"Milk, other dairy products and eggs",2025-06-01,1035.2211683,3.27521663478,3.27521663478
0114,"Milk, other dairy products and eggs",2025-07-01,1035.2211683,0,0
0114,"Milk, other dairy products and eggs",2025-08-01,1133.53890866,9.4972691225,9.4972691225
0114,"Milk, other dairy products and eggs",2025-09-01,1397.4011461,23.277739778,23.277739778
0114,"Milk, other dairy products and eggs",2025-10-01,1571.90418234,12.4876837777,12.4876837777
0114,"Milk, other dairy products and eggs",2025-11-01,343.07121513,-78.1748010479,-78.1748010479
0114,"Milk, other dairy products and eggs",2025-12-01,235.106893505,-31.4699446833,-31.4699446833
0114,"Milk, other dairy products and eggs",2026-01-01,194.327266246,-17.3451431605,-17.3451431605
0114,"Milk, other dairy products and eggs",2026-02-01,194.256093297,-0.0366253026565,-0.0366253026565
01141,Raw and whole milk,2022-12-01,81.4343044328,,
01141,Raw and whole milk,2023-01-01,81.1402090001,-0.36114440315,-0.36114440315
01141,Raw and whole milk,2023-02-01,81.1402090001,0,0
01141,Raw and whole milk,2023-03-01,81.1402090001,0,0
01141,Raw and whole milk,2023-04-01,81.1402090001,0,0
01141,Raw and whole milk,2023-05-01,80.787220727,-0.435034956735,-0.435034956735
01141,Raw and whole milk,2023-06-01,83.5975529744,3.47868415594,3.47868415594
01141,Raw and whole milk,2023-07-01,86.0004279171,2.87433645749,2.87433645749
01141,Raw and whole milk,2023-08-01,86.8336799719,0.968892917117,0.968892917117
01141,Raw and whole milk,2023-09-01,88.4723695704,1.88715899058,1.88715899058
01141,Raw and whole milk,2023-10-01,88.4723695704,0,0
01141,Raw and whole milk,2023-11-01,88.4723695704,0,0
01141,Raw and whole milk,2023-12-01,162.758554156,83.9654063143,83.9654063143
01141,Raw and whole milk,2024-01-01,162.758554156,0,0
01141,Raw and whole milk,2024-02-01,147.706081809,-9.24834484099,-9.24834484099
01141,Raw and whole milk,2024-03-01,188.325254307,27.5,27.5
01141,Raw and whole milk,2024-04-01,188.325254307,0,0
01141,Raw and whole milk,2024-05-01,156.386638939,-16.9592843434,-16.9592843434
01141,Raw and whole milk,2024-06-01,156.386638939,0,0
01141,Raw and whole milk,2024-07-01,136.628125674,-12.6343998432,-12.6343998432
01141,Raw and whole milk,2024-08-01,129.807271125,-4.99227704022,-4.99227704022
01141,Raw and whole milk,2024-09-01,174.659761316,34.5531415937,34.5531415937
01141,Raw and whole milk,2024-10-01,150.742003492,-13.6939141814,-13.6939141814
01141,Raw and whole milk,2024-11-01,150.742003492,0,0
01141,Raw and whole milk,2024-12-01,150.742003492,0,0
01141,Raw and whole milk,2025-01-01,150.742003492,0,0
01141,Raw and whole milk,2025-02-01,111.536123227,-26.0085970443,-26.0085970443
01141,Raw and whole milk,2025-03-01,127.158613245,14.0066639992,14.0066639992
01141,Raw and whole milk,2025-04-01,127.158613245,0,0
01141,Raw and whole milk,2025-05-01,127.158613245,0,0
01141,Raw and whole milk,2025-06-01,127.158613245,0,0
01141,Raw and whole milk,2025-07-01,127.158613245,0,0
01141,Raw and whole milk,2025-08-01,423.862044151,233.333333333,233.333333333
01141,Raw and whole milk,2025-09-01,226.059756881,-46.6666666667,-46.6666666667
01141,Raw and whole milk,2025-10-01,197.802287271,-12.5,-12.5
01141,Raw and whole milk,2025-11-01,169.54481766,-14.2857142857,-14.2857142857
01141,Raw and whole milk,2025-12-01,137.43405674,-18.9393939394,-18.9393939394
01141,Raw and whole milk,2026-01-01,138.461601089,0.747663551402,0.747663551402
01141,Raw and whole milk,2026-02-01,113.02987844,-18.3673469388,-18.3673469388
011411,Raw and whole milk of cattle,2022-12-01,81.4343044328,,
011411,Raw and whole milk of cattle,2023-01-01,81.1402090001,-0.36114440315,-0.36114440315
011411,Raw and whole milk of cattle,2023-02-01,81.1402090001,0,0
011411,Raw and whole milk of cattle,2023-03-01,81.1402090001,0,0
011411,Raw and whole milk of cattle,2023-04-01,81.1402090001,0,0
011411,Raw and whole milk of cattle,2023-05-01,80.787220727,-0.435034956735,-0.435034956735
011411,Raw and whole milk of cattle,2023-06-01,83.5975529744,3.47868415594,3.47868415594
011411,Raw and whole milk of cattle,2023-07-01,86.0004279171,2.87433645749,2.87433645749
011411,Raw and whole milk of cattle,2023-08-01,86.8336799719,0.968892917117,0.968892917117
011411,Raw and whole milk of cattle,2023-09-01,88.4723695704,1.88715899058,1.88715899058
011411,Raw and whole milk of cattle,2023-10-01,88.4723695704,0,0
011411,Raw and whole milk of cattle,2023-11-01,88.4723695704,0,0
011411,Raw and whole milk of cattle,2023-12-01,162.758554156,83.9654063143,83.9654063143
011411,Raw and whole milk of cattle,2024-01-01,162.758554156,0,0
011411,Raw and whole milk of cattle,2024-02-01,147.706081809,-9.24834484099,-9.24834484099
011411,Raw and whole milk of cattle,2024-03-01,188.325254307,27.5,27.5
011411,Raw and whole milk of cattle,2024-04-01,188.325254307,0,0
011411,Raw and whole milk of cattle,2024-05-01,156.386638939,-16.9592843434,-16.9592843434
011411,Raw and whole milk of cattle,2024-06-01,156.386638939,0,0
011411,Raw and whole milk of cattle,2024-07-01,136.628125674,-12.6343998432,-12.6343998432
011411,Raw and whole milk of cattle,2024-08-01,129.807271125,-4.99227704022,-4.99227704022
011411,Raw and whole milk of cattle,2024-09-01,174.659761316,34.5531415937,34.5531415937
011411,Raw and whole milk of cattle,2024-10-01,150.742003492,-13.6939141814,-13.6939141814
011411,Raw and whole milk of cattle,2024-11-01,150.742003492,0,0
011411,Raw and whole milk of cattle,2024-12-01,150.742003492,0,0
011411,Raw and whole milk of cattle,2025-01-01,150.742003492,0,0
011411,Raw and whole milk of cattle,2025-02-01,111.536123227,-26.0085970443,-26.0085970443
011411,Raw and whole milk of cattle,2025-03-01,127.158613245,14.0066639992,14.0066639992
011411,Raw and whole milk of cattle,2025-04-01,127.158613245,0,0
011411,Raw and whole milk of cattle,2025-05-01,127.158613245,0,0
011411,Raw and whole milk of cattle,2025-06-01,127.158613245,0,0
011411,Raw and whole milk of cattle,2025-07-01,127.158613245,0,0
011411,Raw and whole milk of cattle,2025-08-01,423.862044151,233.333333333,233.333333333
011411,Raw and whole milk of cattle,2025-09-01,226.059756881,-46.6666666667,-46.6666666667
011411,Raw and whole milk of cattle,2025-10-01,197.802287271,-12.5,-12.5
011411,Raw and whole milk of cattle,2025-11-01,169.54481766,-14.2857142857,-14.2857142857
011411,Raw and whole milk of cattle,2025-12-01,137.43405674,-18.9393939394,-18.9393939394
011411,Raw and whole milk of cattle,2026-01-01,138.461601089,0.747663551402,0.747663551402
011411,Raw and whole milk of cattle,2026-02-01,113.02987844,-18.3673469388,-18.3673469388
01143,Other milk and cream,2022-12-01,103.497510885,,
01143,Other milk and cream,2023-01-01,103.429350476,-0.0658570521007,-0.0658570521007
01143,Other milk and cream,2023-02-01,104.310690949,0.85211834848,0.85211834848
01143,Other milk and cream,2023-03-01,105.162462182,0.816571365188,0.816571365188
01143,Other milk and cream,2023-04-01,104.586413131,-0.547770600843,-0.547770600843
01143,Other milk and cream,2023-05-01,104.518260281,-0.0651641524614,-0.0651641524615
01143,Other milk and cream,2023-06-01,104.452340736,-0.063069883741,-0.0630698837409
01143,Other milk and cream,2023-07-01,104.688862672,0.226440053129,0.226440053129
01143,Other milk and cream,2023-08-01,104.349649392,-0.324020407627,-0.324020407627
01143,Other milk and cream,2023-09-01,104.6191755,0.258291340193,0.258291340193
01143,Other milk and cream,2023-10-01,104.515274273,-0.0993137506821,-0.0993137506821
01143,Other milk and cream,2023-11-01,104.515274273,0,0
01143,Other milk and cream,2023-12-01,104.515274273,0,0
01143,Other milk and cream,2024-01-01,104.515274273,0,0
01143,Other milk and cream,2024-02-01,104.515274273,0,0
01143,Other milk and cream,2024-03-01,104.515274273,0,0
01143,Other milk and cream,2024-04-01,104.515274273,0,0
01143,Other milk and cream,2024-05-01,104.515274273,0,0
01143,Other milk and cream,2024-06-01,104.515274273,0,0
01143,Other milk and cream,2024-07-01,104.515274273,0,0
01143,Other milk and cream,2024-08-01,104.515274273,0,0
01143,Other milk and cream,2024-09-01,104.515274273,0,0
01143,Other milk and cream,2024-10-01,145.296204368,39.0191102487,39.0191102487
01143,Other milk and cream,2024-11-01,253.691785405,74.6031746032,74.6031746032
01143,Other milk and cream,2024-12-01,245.619774051,-3.18181818182,-3.18181818182
01143,Other milk and cream,2025-01-01,181.101340445,-26.2676056338,-26.2676056338
01143,Other milk and cream,2025-02-01,148.755637806,-17.8605539637,-17.8605539637
01143,Other milk and cream,2025-03-01,133.764759577,-10.0775193798,-10.0775193798
01143,Other milk and cream,2025-04-01,216.214589834,61.6379310345,61.6379310345
01143,Other milk and cream,2025-05-01,198.917422647,-8,-8
01143,Other milk and cream,2025-06-01,198.917422647,0,0
01143,Other milk and cream,2025-07-01,198.917422647,0,0
01143,Other milk and cream,2025-08-01,207.56600624,4.34782608696,4.34782608696
01143,Other milk and cream,2025-09-01,207.101369271,-0.22385022385,-0.22385022385
01143,Other milk and cream,2025-10-01,178.889457271,-13.6222720783,-13.6222720783
01143,Other milk and cream,2025-11-01,121.574375084,-32.0393851385,-32.0393851385
01143,Other milk and cream,2025-12-01,103.78300312,-14.6341463415,-14.6341463415
01143,Other milk and cream,2026-01-01,107.626818051,3.7037037037,3.7037037037
01143,Other milk and cream,2026-02-01,105.897101332,-1.60714285714,-1.60714285714
011432,Powdered milk,2022-12-01,103.497510885,,
011432,Powdered milk,2023-01-01,103.429350476,-0.0658570521007,-0.0658570521007
011432,Powdered milk,2023-02-01,104.310690949,0.85211834848,0.85211834848
011432,Powdered milk,2023-03-01,105.162462182,0.816571365188,0.816571365188
011432,Powdered milk,2023-04-01,104.586413131,-0.547770600843,-0.547770600843
011432,Powdered milk,2023-05-01,104.518260281,-0.0651641524614,-0.0651641524615
011432,Powdered milk,2023-06-01,104.452340736,-0.063069883741,-0.0630698837409
011432,Powdered milk,2023-07-01,104.688862672,0.226440053129,0.226440053129
011432,Powdered milk,2023-08-01,104.349649392,-0.324020407627,-0.324020407627
011432,Powdered milk,2023-09-01,104.6191755,0.258291340193,0.258291340193
011432,Powdered milk,2023-10-01,104.515274273,-0.0993137506821,-0.0993137506821
011432,Powdered milk,2023-11-01,104.515274273,0,0
011432,Powdered milk,2023-12-01,104.515274273,0,0
011432,Powdered milk,2024-01-01,104.515274273,0,0
011432,Powdered milk,2024-02-01,104.515274273,0,0
011432,Powdered milk,2024-03-01,104.515274273,0,0
011432,Powdered milk,2024-04-01,104.515274273,0,0
011432,Powdered milk,2024-05-01,104.515274273,0,0
011432,Powdered milk,2024-06-01,104.515274273,0,0
011432,Powdered milk,2024-07-01,104.515274273,0,0
011432,Powdered milk,2024-08-01,104.515274273,0,0
011432,Powdered milk,2024-09-01,104.515274273,0,0
011432,Powdered milk,2024-10-01,145.296204368,39.0191102487,39.0191102487
011432,Powdered milk,2024-11-01,253.691785405,74.6031746032,74.6031746032
011432,Powdered milk,2024-12-01,245.619774051,-3.18181818182,-3.18181818182
011432,Powdered milk,2025-01-01,181.101340445,-26.2676056338,-26.2676056338
011432,Powdered milk,2025-02-01,148.755637806,-17.8605539637,-17.8605539637
011432,Powdered milk,2025-03-01,133.764759577,-10.0775193798,-10.0775193798
011432,Powdered milk,2025-04-01,216.214589834,61.6379310345,61.6379310345
011432,Powdered milk,2025-05-01,198.917422647,-8,-8
011432,Powdered milk,2025-06-01,198.917422647,0,0
011432,Powdered milk,2025-07-01,198.917422647,0,0
011432,Powdered milk,2025-08-01,207.56600624,4.34782608696,4.34782608696
011432,Powdered milk,2025-09-01,207.101369271,-0.22385022385,-0.22385022385
011432,Powdered milk,2025-10-01,178.889457271,-13.6222720783,-13.6222720783
011432,Powdered milk,2025-11-01,121.574375084,-32.0393851385,-32.0393851385
011432,Powdered milk,2025-12-01,103.78300312,-14.6341463415,-14.6341463415
011432,Powdered milk,2026-01-01,107.626818051,3.7037037037,3.7037037037
011432,Powdered milk,2026-02-01,105.897101332,-1.60714285714,-1.60714285714
01145,Cheese,2022-12-01,91.0093601521,,
01145,Cheese,2023-01-01,90.9786110024,-0.0337867991831,-0.0337867991831
01145,Cheese,2023-02-01,92.0613048913,1.19005321913,1.19005321913
01145,Cheese,2023-03-01,92.7905154462,0.792092351656,0.792092351656
01145,Cheese,2023-04-01,91.8083413174,-1.05848547567,-1.05848547567
01145,Cheese,2023-05-01,92.8209804052,1.10299246592,1.10299246592
01145,Cheese,2023-06-01,93.8195073066,1.07575560725,1.07575560725
01145,Cheese,2023-07-01,94.4509446494,0.673034170465,0.673034170465
01145,Cheese,2023-08-01,94.9058223775,0.481602094941,0.481602094941
01145,Cheese,2023-09-01,96.2119445514,1.37622976255,1.37622976255
01145,Cheese,2023-10-01,96.4314785919,0.228177531855,0.228177531855
01145,Cheese,2023-11-01,102.022600369,5.79802556096,5.79802556096
01145,Cheese,2023-12-01,113.716932964,11.462492185,11.462492185
01145,Cheese,2024-01-01,111.489039026,-1.95915760281,-1.95915760281
01145,Cheese,2024-02-01,114.18280197,2.41616841195,2.41616841195
01145,Cheese,2024-03-01,114.18280197,0,0
01145,Cheese,2024-04-01,141.237594367,23.6942796382,23.6942796382
01145,Cheese,2024-05-01,184.961323854,30.9575716599,30.9575716599
01145,Cheese,2024-06-01,178.647380222,-3.4136561632,-3.4136561632
01145,Cheese,2024-07-01,159.948918145,-10.4666869754,-10.4666869754
01145,Cheese,2024-08-01,176.954109075,10.6316386051,10.6316386051
01145,Cheese,2024-09-01,168.68375599,-4.67372762798,-4.67372762798
01145,Cheese,2024-10-01,191.980987025,13.8111882189,13.8111882189
01145,Cheese,2024-11-01,244.172644059,27.1858468089,27.1858468089
01145,Cheese,2024-12-01,302.496557186,23.8863421214,23.8863421214
01145,Cheese,2025-01-01,152.583022621,-49.5587572829,-49.5587572829
01145,Cheese,2025-02-01,126.530949761,-17.0740311818,-17.0740311818
01145,Cheese,2025-03-01,141.013166613,11.4455924656,11.4455924656
01145,Cheese,2025-04-01,364.302085955,158.346149303,158.346149303
01145,Cheese,2025-05-01,430.097470776,18.0606665065,18.0606665065
01145,Cheese,2025-06-01,546.476796913,27.0588259742,27.0588259742
01145,Cheese,2025-07-01,546.476796913,0,0
01145,Cheese,2025-08-01,286.518767959,-47.5698200586,-47.5698200586
01145,Cheese,2025-09-01,288.734265,0.77324674277,0.77324674277
01145,Cheese,2025-10-01,237.527157528,-17.7350296377,-17.7350296377
01145,Cheese,2025-11-01,120.495359374,-49.2709125861,-49.2709125861
01145,Cheese,2025-12-01,153.130838206,27.0844279823,27.0844279823
01145,Cheese,2026-01-01,161.783562345,5.6505431826,5.6505431826
01145,Cheese,2026-02-01,152.271085178,-5.87975504354,-5.87975504354
011450.2,White cheese,2022-12-01,100.125256246,,
011450.2,White cheese,2023-01-01,100.125256246,0,0
011450.2,White cheese,2023-02-01,100.125256246,0,0
011450.2,White cheese,2023-03-01,100.125256246,0,0
011450.2,White cheese,2023-04-01,100.125256246,0,0
011450.2,White cheese,2023-05-01,100.125256246,0,0
011450.2,White cheese,2023-06-01,100.125256246,0,0
011450.2,White cheese,2023-07-01,100.125256246,0,0
011450.2,White cheese,2023-08-01,102.16135409,2.03355069415,2.03355069415
011450.2,White cheese,2023-09-01,104.116440689,1.91372424238,1.91372424238
011450.2,White cheese,2023-10-01,104.400213877,0.272553677065,0.272553677065
011450.2,White cheese,2023-11-01,104.400213877,0,0
011450.2,White cheese,2023-12-01,166.663001389,59.638563179,59.638563179
011450.2,White cheese,2024-01-01,154.801282412,-7.11718790474,-7.11718790474
011450.2,White cheese,2024-02-01,154.801282412,0,0
011450.2,White cheese,2024-03-01,154.801282412,0,0
011450.2,White cheese,2024-04-01,309.602564825,100,100
011450.2,White cheese,2024-05-01,309.602564825,0,0
011450.2,White cheese,2024-06-01,309.602564825,0,0
011450.2,White cheese,2024-07-01,309.602564825,0,0
011450.2,White cheese,2024-08-01,309.602564825,0,0
011450.2,White cheese,2024-09-01,309.602564825,0,0
011450.2,White cheese,2024-10-01,309.602564825,0,0
011450.2,White cheese,2024-11-01,309.602564825,0,0
011450.2,White cheese,2024-12-01,199.693654312,-35.5,-35.5
011450.2,White cheese,2025-01-01,132.509897745,-33.6434108527,-33.6434108527
011450.2,White cheese,2025-02-01,72.4946313328,-45.2911574407,-45.2911574407
011450.2,White cheese,2025-03-01,135.756033728,87.2635686696,87.2635686696
011450.2,White cheese,2025-04-01,261.614167277,92.7090532135,92.7090532135
011450.2,White cheese,2025-05-01,441.183654875,68.6390532544,68.6390532544
011450.2,White cheese,2025-06-01,1114.56923337,152.631578947,152.631578947
011450.2,White cheese,2025-07-01,1114.56923337,0,0
011450.2,White cheese,2025-08-01,251.810086057,-77.4074074074,-77.4074074074
011450.2,White cheese,2025-09-01,167.185385005,-33.606557377,-33.606557377
011450.2,White cheese,2025-10-01,77.0566383564,-53.9094650206,-53.9094650206
011450.2,White cheese,2025-11-01,50.2244160716,-34.8214285714,-34.8214285714
011450.2,White cheese,2025-12-01,145.567521707,189.834174477,189.834174477
011450.2,White cheese,2026-01-01,201.523124013,38.4396200814,38.4396200814
011450.2,White cheese,2026-02-01,151.318253558,-24.9127094972,-24.9127094972
011450.3,Triangles cheese,2022-12-01,93.3903937332,,
011450.3,Triangles cheese,2023-01-01,92.5713666921,-0.876992813032,-0.876992813032
011450.3,Triangles cheese,2023-02-01,91.3562741891,-1.31260080346,-1.31260080346
011450.3,Triangles cheese,2023-03-01,93.3903937332,2.22657892097,2.22657892097
011450.3,Triangles cheese,2023-04-01,92.1645506747,-1.31260080346,-1.31260080346
011450.3,Triangles cheese,2023-05-01,93.6921632628,1.65748389917,1.65748389917
011450.3,Triangles cheese,2023-06-01,98.0813014171,4.68463743542,4.68463743542
011450.3,Triangles cheese,2023-07-01,101.56738881,3.55428337798,3.55428337798
011450.3,Triangles cheese,2023-08-01,102.285073185,0.706609063706,0.706609063706
011450.3,Triangles cheese,2023-09-01,103.068530891,0.765955071467,0.765955071467
011450.3,Triangles cheese,2023-10-01,104.71516696,1.59761282641,1.59761282641
011450.3,Triangles cheese,2023-11-01,160.097817828,52.8888531391,52.8888531391
011450.3,Triangles cheese,2023-12-01,160.097817828,0,0
011450.3,Triangles cheese,2024-01-01,160.097817828,0,0
011450.3,Triangles cheese,2024-02-01,186.780787466,16.6666666667,16.6666666667
011450.3,Triangles cheese,2024-03-01,186.780787466,0,0
011450.3,Triangles cheese,2024-04-01,166.768560238,-10.7142857143,-10.7142857143
011450.3,Triangles cheese,2024-05-01,140.0855906,-16,-16
011450.3,Triangles cheese,2024-06-01,123.408734576,-11.9047619048,-11.9047619048
011450.3,Triangles cheese,2024-07-01,146.756333009,18.9189189189,18.9189189189
011450.3,Triangles cheese,2024-08-01,280.171181199,90.9090909091,90.9090909091
011450.3,Triangles cheese,2024-09-01,280.171181199,0,0
011450.3,Triangles cheese,2024-10-01,333.537120476,19.0476190476,19.0476190476
011450.3,Triangles cheese,2024-11-01,850.519657213,155,155
011450.3,Triangles cheese,2024-12-01,850.519657213,0,0
011450.3,Triangles cheese,2025-01-01,272.166290308,-68,-68
011450.3,Triangles cheese,2025-02-01,275.168124392,1.10294117647,1.10294117647
011450.3,Triangles cheese,2025-03-01,240.146726742,-12.7272727273,-12.7272727273
011450.3,Triangles cheese,2025-04-01,462.784483429,92.7090532135,92.7090532135
011450.3,Triangles cheese,2025-05-01,780.435371462,68.6390532544,68.6390532544
011450.3,Triangles cheese,2025-06-01,680.41572577,-12.815878079,-12.815878079
011450.3,Triangles cheese,2025-07-01,680.41572577,0,0
011450.3,Triangles cheese,2025-08-01,153.723552859,-77.4074074074,-77.4074074074
011450.3,Triangles cheese,2025-09-01,400.244544571,160.366441659,160.366441659
011450.3,Triangles cheese,2025-10-01,184.474851819,-53.9094650206,-53.9094650206
011450.3,Triangles cheese,2025-11-01,93.3903937332,-49.375,-49.375
011450.3,Triangles cheese,2025-12-01,138.266297215,48.0519480519,48.0519480519
011450.3,Triangles cheese,2026-01-01,144.088036045,4.21052631579,4.21052631579
011450.3,Triangles cheese,2026-02-01,141.197381001,-2.00617283951,-2.00617283951
01146,Yoghurt and similar products,2022-12-01,107.175852049,,
01146,Yoghurt and similar products,2023-01-01,106.703708671,-0.440531490214,-0.440531490214
01146,Yoghurt and similar products,2023-02-01,106.905554632,0.189164896759,0.189164896759
01146,Yoghurt and similar products,2023-03-01,106.914763776,0.00861428088746,0.00861428088748
01146,Yoghurt and similar products,2023-04-01,107.013072867,0.0919509029717,0.0919509029716
01146,Yoghurt and similar products,2023-05-01,106.82970843,-0.171347698539,-0.171347698539
01146,Yoghurt and similar products,2023-06-01,106.728819951,-0.0944385979539,-0.0944385979539
01146,Yoghurt and similar products,2023-07-01,106.73544559,0.00620791916874,0.00620791916874
01146,Yoghurt and similar products,2023-08-01,105.912227551,-0.771269594313,-0.771269594313
01146,Yoghurt and similar products,2023-09-01,106.060352019,0.139855870657,0.139855870657
01146,Yoghurt and similar products,2023-10-01,105.862148265,-0.186878272993,-0.186878272993
01146,Yoghurt and similar products,2023-11-01,105.862148265,0,0
01146,Yoghurt and similar products,2023-12-01,105.862148265,0,0
01146,Yoghurt and similar products,2024-01-01,105.862148265,0,0
01146,Yoghurt and similar products,2024-02-01,105.862148265,0,0
01146,Yoghurt and similar products,2024-03-01,105.862148265,0,0
01146,Yoghurt and similar products,2024-04-01,105.862148265,0,0
01146,Yoghurt and similar products,2024-05-01,105.862148265,0,0
01146,Yoghurt and similar products,2024-06-01,105.862148265,0,0
01146,Yoghurt and similar products,2024-07-01,180.814033623,70.8014021874,70.8014021874
01146,Yoghurt and similar products,2024-08-01,220.163265312,21.7622664021,21.7622664021
01146,Yoghurt and similar products,2024-09-01,224.034937591,1.75854599238,1.75854599238
01146,Yoghurt and similar products,2024-10-01,224.034937591,0,0
01146,Yoghurt and similar products,2024-11-01,224.034937591,0,0
01146,Yoghurt and similar products,2024-12-01,224.034937591,0,0
01146,Yoghurt and similar products,2025-01-01,218.217286243,-2.59676076,-2.59676076
01146,Yoghurt and similar products,2025-02-01,262.233427734,20.170785848,20.170785848
01146,Yoghurt and similar products,2025-03-01,297.281368409,13.3651689557,13.3651689557
01146,Yoghurt and similar products,2025-04-01,297.281368409,0,0
01146,Yoghurt and similar products,2025-05-01,297.281368409,0,0
01146,Yoghurt and similar products,2025-06-01,297.281368409,0,0
01146,Yoghurt and similar products,2025-07-01,297.281368409,0,0
01146,Yoghurt and similar products,2025-08-01,990.937894697,233.333333333,233.333333333
01146,Yoghurt and similar products,2025-09-01,918.960798714,-7.2635324946,-7.2635324946
01146,Yoghurt and similar products,2025-10-01,804.090698875,-12.5,-12.5
01146,Yoghurt and similar products,2025-11-01,385.687814357,-52.0342898013,-52.0342898013
01146,Yoghurt and similar products,2025-12-01,288.66533075,-25.1557036534,-25.1557036534
01146,Yoghurt and similar products,2026-01-01,310.69868094,7.63283562059,7.63283562059
01146,Yoghurt and similar products,2026-02-01,274.31125864,-11.7114827105,-11.7114827105
011460.1,yogurt,2022-12-01,107.48771099,,
011460.1,yogurt,2023-01-01,107.029015316,-0.42674243365,-0.42674243365
011460.1,yogurt,2023-02-01,107.123627193,0.088398343824,0.0883983438241
011460.1,yogurt,2023-03-01,107.083284254,-0.0376601695433,-0.0376601695433
011460.1,yogurt,2023-04-01,107.083284254,0,0
011460.1,yogurt,2023-05-01,106.876601337,-0.19301137295,-0.19301137295
011460.1,yogurt,2023-06-01,106.759421829,-0.109640001904,-0.109640001904
011460.1,yogurt,2023-07-01,106.818517905,0.0553544367827,0.0553544367826
011460.1,yogurt,2023-08-01,105.977485047,-0.78734743258,-0.78734743258
011460.1,yogurt,2023-09-01,106.138627571,0.152053546183,0.152053546183
011460.1,yogurt,2023-10-01,105.933767949,-0.19301137295,-0.19301137295
011460.1,yogurt,2023-11-01,105.933767949,0,0
011460.1,yogurt,2023-12-01,105.933767949,0,0
011460.1,yogurt,2024-01-01,105.933767949,0,0
011460.1,yogurt,2024-02-01,105.933767949,0,0
011460.1,yogurt,2024-03-01,105.933767949,0,0
011460.1,yogurt,2024-04-01,105.933767949,0,0
011460.1,yogurt,2024-05-01,105.933767949,0,0
011460.1,yogurt,2024-06-01,105.933767949,0,0
011460.1,yogurt,2024-07-01,186.754158655,76.2933220166,76.2933220166
011460.1,yogurt,2024-08-01,229.184315867,22.7197924364,22.7197924364
011460.1,yogurt,2024-09-01,233.359128346,1.82159606449,1.82159606449
011460.1,yogurt,2024-10-01,233.359128346,0,0
011460.1,yogurt,2024-11-01,233.359128346,0,0
011460.1,yogurt,2024-12-01,233.359128346,0,0
011460.1,yogurt,2025-01-01,227.085972538,-2.68819816577,-2.68819816577
011460.1,yogurt,2025-02-01,274.548444438,20.9006621458,20.9006621458
011460.1,yogurt,2025-03-01,312.340532593,13.765180215,13.765180215
011460.1,yogurt,2025-04-01,312.340532593,0,0
011460.1,yogurt,2025-05-01,312.340532593,0,0
011460.1,yogurt,2025-06-01,312.340532593,0,0
011460.1,yogurt,2025-07-01,312.340532593,0,0
011460.1,yogurt,2025-08-01,1041.13510864,233.333333333,233.333333333
011460.1,yogurt,2025-09-01,976.304526222,-6.2269134796,-6.2269134796
011460.1,yogurt,2025-10-01,854.266460445,-12.5,-12.5
011460.1,yogurt,2025-11-01,412.087890421,-51.7611998712,-51.7611998712
011460.1,yogurt,2025-12-01,308.832264752,-25.0566998131,-25.0566998131
011460.1,yogurt,2026-01-01,332.509603248,7.66673084323,7.66673084323
011460.1,yogurt,2026-02-01,293.848205784,-11.6271521444,-11.6271521444
01148,Eggs,2022-12-01,114.596461865,,
01148,Eggs,2023-01-01,115.921530569,1.15629111235,1.15629111235
01148,Eggs,2023-02-01,118.474797415,2.20258206868,2.20258206868
01148,Eggs,2023-03-01,124.837192602,5.3702520078,5.3702520078
01148,Eggs,2023-04-01,120.345578894,-3.59797718448,-3.59797718448
01148,Eggs,2023-05-01,99.5057693686,-17.316639063,-17.316639063
01148,Eggs,2023-06-01,104.279604442,4.79754601542,4.79754601542
01148,Eggs,2023-07-01,87.8387331215,-15.7661427741,-15.7661427741
01148,Eggs,2023-08-01,108.341557016,23.3414385276,23.3414385276
01148,Eggs,2023-09-01,109.26788505,0.855007126502,0.855007126502
01148,Eggs,2023-10-01,134.172767916,22.7925001518,22.7925001518
01148,Eggs,2023-11-01,247.427515814,84.4096381538,84.4096381538
01148,Eggs,2023-12-01,475.060830363,92,92
01148,Eggs,2024-01-01,425.575327201,-10.4166666667,-10.4166666667
01148,Eggs,2024-02-01,791.768050606,86.0465116279,86.0465116279
01148,Eggs,2024-03-01,969.915861992,22.5,22.5
01148,Eggs,2024-04-01,475.060830363,-51.0204081633,-51.0204081633
01148,Eggs,2024-05-01,802.852803314,69,69
01148,Eggs,2024-06-01,441.410688213,-45.0197238659,-45.0197238659
01148,Eggs,2024-07-01,253.365776194,-42.600896861,-42.600896861
01148,Eggs,2024-08-01,302.851279357,19.53125,19.53125
01148,Eggs,2024-09-01,798.696021049,163.725490196,163.725490196
01148,Eggs,2024-10-01,1494.46219552,87.1127633209,87.1127633209
01148,Eggs,2024-11-01,2137.77373664,43.0463576159,43.0463576159
01148,Eggs,2024-12-01,936.92552655,-56.1728395062,-56.1728395062
01148,Eggs,2025-01-01,498.813871882,-46.7605633803,-46.7605633803
01148,Eggs,2025-02-01,234.561284992,-52.9761904762,-52.9761904762
01148,Eggs,2025-03-01,285.916240497,21.8940459447,21.8940459447
01148,Eggs,2025-04-01,1187.65207591,315.384615385,315.384615385
01148,Eggs,2025-05-01,2850.36498218,140,140
01148,Eggs,2025-06-01,2850.36498218,0,0
01148,Eggs,2025-07-01,2850.36498218,0,0
01148,Eggs,2025-08-01,2850.36498218,0,0
01148,Eggs,2025-09-01,3919.2518505,37.5,37.5
01148,Eggs,2025-10-01,4750.60830363,21.2121212121,21.2121212121
01148,Eggs,2025-11-01,712.591245545,-85,-85
01148,Eggs,2025-12-01,374.839663958,-47.3976608187,-47.3976608187
01148,Eggs,2026-01-01,190.589880753,-49.154292067,-49.154292067
01148,Eggs,2026-02-01,237.530415182,24.6290801187,24.6290801187
011481,"Eggs of hen and other birds in shell, fresh",2022-12-01,114.596461865,,
011481,"Eggs of hen and other birds in shell, fresh",2023-01-01,115.921530569,1.15629111235,1.15629111235
011481,"Eggs of hen and other birds in shell, fresh",2023-02-01,118.474797415,2.20258206868,2.20258206868
011481,"Eggs of hen and other birds in shell, fresh",2023-03-01,124.837192602,5.3702520078,5.3702520078
011481,"Eggs of hen and other birds in shell, fresh",2023-04-01,120.345578894,-3.59797718448,-3.59797718448
011481,"Eggs of hen and other birds in shell, fresh",2023-05-01,99.5057693686,-17.316639063,-17.316639063
011481,"Eggs of hen and other birds in shell, fresh",2023-06-01,104.279604442,4.79754601542,4.79754601542
011481,"Eggs of hen and other birds in shell, fresh",2023-07-01,87.8387331215,-15.7661427741,-15.7661427741
011481,"Eggs of hen and other birds in shell, fresh",2023-08-01,108.341557016,23.3414385276,23.3414385276
011481,"Eggs of hen and other birds in shell, fresh",2023-09-01,109.26788505,0.855007126502,0.855007126502
011481,"Eggs of hen and other birds in shell, fresh",2023-10-01,134.172767916,22.7925001518,22.7925001518
011481,"Eggs of hen and other birds in shell, fresh",2023-11-01,247.427515814,84.4096381538,84.4096381538
011481,"Eggs of hen and other birds in shell, fresh",2023-12-01,475.060830363,92,92
011481,"Eggs of hen and other birds in shell, fresh",2024-01-01,425.575327201,-10.4166666667,-10.4166666667
011481,"Eggs of hen and other birds in shell, fresh",2024-02-01,791.768050606,86.0465116279,86.0465116279
011481,"Eggs of hen and other birds in shell, fresh",2024-03-01,969.915861992,22.5,22.5
011481,"Eggs of hen and other birds in shell, fresh",2024-04-01,475.060830363,-51.0204081633,-51.0204081633
011481,"Eggs of hen and other birds in shell, fresh",2024-05-01,802.852803314,69,69
011481,"Eggs of hen and other birds in shell, fresh",2024-06-01,441.410688213,-45.0197238659,-45.0197238659
011481,"Eggs of hen and other birds in shell, fresh",2024-07-01,253.365776194,-42.600896861,-42.600896861
011481,"Eggs of hen and other birds in shell, fresh",2024-08-01,302.851279357,19.53125,19.53125
011481,"Eggs of hen and other birds in shell, fresh",2024-09-01,798.696021049,163.725490196,163.725490196
011481,"Eggs of hen and other birds in shell, fresh",2024-10-01,1494.46219552,87.1127633209,87.1127633209
011481,"Eggs of hen and other birds in shell, fresh",2024-11-01,2137.77373664,43.0463576159,43.0463576159
011481,"Eggs of hen and other birds in shell, fresh",2024-12-01,936.92552655,-56.1728395062,-56.1728395062
011481,"Eggs of hen and other birds in shell, fresh",2025-01-01,498.813871882,-46.7605633803,-46.7605633803
011481,"Eggs of hen and other birds in shell, fresh",2025-02-01,234.561284992,-52.9761904762,-52.9761904762
011481,"Eggs of hen and other birds in shell, fresh",2025-03-01,285.916240497,21.8940459447,21.8940459447
011481,"Eggs of hen and other birds in shell, fresh",2025-04-01,1187.65207591,315.384615385,315.384615385
011481,"Eggs of hen and other birds in shell, fresh",2025-05-01,2850.36498218,140,140
011481,"Eggs of hen and other birds in shell, fresh",2025-06-01,2850.36498218,0,0
011481,"Eggs of hen and other birds in shell, fresh",2025-07-01,2850.36498218,0,0
011481,"Eggs of hen and other birds in shell, fresh",2025-08-01,2850.36498218,0,0
011481,"Eggs of hen and other birds in shell, fresh",2025-09-01,3919.2518505,37.5,37.5
011481,"Eggs of hen and other birds in shell, fresh",2025-10-01,4750.60830363,21.2121212121,21.2121212121
011481,"Eggs of hen and other birds in shell, fresh",2025-11-01,712.591245545,-85,-85
011481,"Eggs of hen and other birds in shell, fresh",2025-12-01,374.839663958,-47.3976608187,-47.3976608187
011481,"Eggs of hen and other birds in shell, fresh",2026-01-01,190.589880753,-49.154292067,-49.154292067
011481,"Eggs of hen and other birds in shell, fresh",2026-02-01,237.530415182,24.6290801187,24.6290801187
0115,Oils and fats,2022-12-01,119.094611018,,
0115,Oils and fats,2023-01-01,117.32036022,-1.48978260414,-1.48978260414
0115,Oils and fats,2023-02-01,116.508970228,-0.691602029401,-0.691602029401
0115,Oils and fats,2023-03-01,116.473067387,-0.0308155163511,-0.0308155163511
0115,Oils and fats,2023-04-01,117.584048296,0.953852193787,0.953852193787
0115,Oils and fats,2023-05-01,117.498345439,-0.0728864652245,-0.0728864652244
0115,Oils and fats,2023-06-01,115.668609897,-1.55724366599,-1.55724366599
0115,Oils and fats,2023-07-01,115.293205373,-0.324551773229,-0.324551773229
0115,Oils and fats,2023-08-01,114.690111236,-0.52309599261,-0.52309599261
0115,Oils and fats,2023-09-01,115.056115844,0.319124817755,0.319124817755
0115,Oils and fats,2023-10-01,120.85861511,5.04319064099,5.04319064099
0115,Oils and fats,2023-11-01,139.655292235,15.5526166736,15.5526166736
0115,Oils and fats,2023-12-01,240.716662865,72.3648699677,72.3648699677
0115,Oils and fats,2024-01-01,289.293442421,20.1800652181,20.1800652181
0115,Oils and fats,2024-02-01,332.692425797,15.0017169462,15.0017169462
0115,Oils and fats,2024-03-01,260.026894104,-21.8416549518,-21.8416549518
0115,Oils and fats,2024-04-01,154.319644231,-40.6524295254,-40.6524295254
0115,Oils and fats,2024-05-01,164.464962152,6.57422324401,6.57422324401
0115,Oils and fats,2024-06-01,171.619985686,4.35048501505,4.35048501505
0115,Oils and fats,2024-07-01,175.491455447,2.25583852955,2.25583852955
0115,Oils and fats,2024-08-01,181.700575494,3.53813240121,3.53813240121
0115,Oils and fats,2024-09-01,202.116489481,11.2360205415,11.2360205415
0115,Oils and fats,2024-10-01,472.740704906,133.895169128,133.895169128
0115,Oils and fats,2024-11-01,574.891943533,21.6083018801,21.6083018801
0115,Oils and fats,2024-12-01,393.546806007,-31.5442127108,-31.5442127108
0115,Oils and fats,2025-01-01,272.206856979,-30.832406,-30.832406
0115,Oils and fats,2025-02-01,171.291861898,-37.0729070536,-37.0729070536
0115,Oils and fats,2025-03-01,210.583995498,22.9387042474,22.9387042474
0115,Oils and fats,2025-04-01,507.162176913,140.836050105,140.836050105
0115,Oils and fats,2025-05-01,1006.97159192,98.5502148537,98.5502148537
0115,Oils and fats,2025-06-01,992.791030477,-1.40823847997,-1.40823847997
0115,Oils and fats,2025-07-01,848.149089061,-14.5692232278,-14.5692232278
0115,Oils and fats,2025-08-01,477.998685944,-43.6421388517,-43.6421388517
0115,Oils and fats,2025-09-01,273.586070766,-42.7642629968,-42.7642629968
0115,Oils and fats,2025-10-01,193.728405074,-29.1892293595,-29.1892293595
0115,Oils and fats,2025-11-01,143.203667529,-26.0801907319,-26.0801907319
0115,Oils and fats,2025-12-01,134.192268057,-6.29271556208,-6.29271556208
0115,Oils and fats,2026-01-01,128.998286204,-3.87055225155,-3.87055225155
0115,Oils and fats,2026-02-01,120.909297481,-6.27061720045,-6.27061720045
01151,Vegetable oils,2022-12-01,119.827518046,,
01151,Vegetable oils,2023-01-01,117.961528269,-1.55722976452,-1.55722976452
01151,Vegetable oils,2023-02-01,117.11504549,-0.717592244633,-0.717592244632
01151,Vegetable oils,2023-03-01,117.094109884,-0.0178761030404,-0.0178761030405
01151,Vegetable oils,2023-04-01,117.727599786,0.54100919564,0.54100919564
01151,Vegetable oils,2023-05-01,117.625189329,-0.0869893360653,-0.0869893360653
01151,Vegetable oils,2023-06-01,115.662406467,-1.66867562365,-1.66867562365
01151,Vegetable oils,2023-07-01,115.301267558,-0.312235340967,-0.312235340967
01151,Vegetable oils,2023-08-01,114.600952893,-0.607378114785,-0.607378114785
01151,Vegetable oils,2023-09-01,114.974922061,0.326322913413,0.326322913413
01151,Vegetable oils,2023-10-01,121.077443941,5.30769821002,5.30769821002
01151,Vegetable oils,2023-11-01,140.846017476,16.3272141299,16.3272141299
01151,Vegetable oils,2023-12-01,246.225541805,74.8189591848,74.8189591848
01151,Vegetable oils,2024-01-01,296.596597269,20.4572828208,20.4572828208
01151,Vegetable oils,2024-02-01,341.646160982,15.1888336304,15.1888336304
01151,Vegetable oils,2024-03-01,264.229126343,-22.660004262,-22.660004262
01151,Vegetable oils,2024-04-01,154.819766048,-41.4070022516,-41.4070022516
01151,Vegetable oils,2024-05-01,165.768289876,7.07178683121,7.07178683121
01151,Vegetable oils,2024-06-01,173.47984265,4.65200719635,4.65200719635
01151,Vegetable oils,2024-07-01,177.335369189,2.22246370518,2.22246370518
01151,Vegetable oils,2024-08-01,183.751275099,3.61795051913,3.61795051913
01151,Vegetable oils,2024-09-01,205.222809363,11.6851076282,11.6851076282
01151,Vegetable oils,2024-10-01,486.217354929,136.921693275,136.921693275
01151,Vegetable oils,2024-11-01,592.399115025,21.8383319763,21.8383319763
01151,Vegetable oils,2024-12-01,402.326328132,-32.0852584132,-32.0852584132
01151,Vegetable oils,2025-01-01,276.38918038,-31.3022387416,-31.3022387416
01151,Vegetable oils,2025-02-01,171.359123379,-38.0007845664,-38.0007845664
01151,Vegetable oils,2025-03-01,213.041882731,24.3247972623,24.3247972623
01151,Vegetable oils,2025-04-01,522.43846525,145.22805495,145.22805495
01151,Vegetable oils,2025-05-01,1046.27231522,100.267090732,100.267090732
01151,Vegetable oils,2025-06-01,1031.00287362,-1.45941370857,-1.45941370857
01151,Vegetable oils,2025-07-01,878.903536608,-14.7525618896,-14.7525618896
01151,Vegetable oils,2025-08-01,491.712420223,-44.0538808023,-44.0538808023
01151,Vegetable oils,2025-09-01,277.911754973,-43.4808348247,-43.4808348247
01151,Vegetable oils,2025-10-01,195.217423236,-29.7556077631,-29.7556077631
01151,Vegetable oils,2025-11-01,143.080987749,-26.7068556805,-26.7068556805
01151,Vegetable oils,2025-12-01,133.969578021,-6.36800868649,-6.36800868649
01151,Vegetable oils,2026-01-01,128.575855383,-4.02608018714,-4.02608018714
01151,Vegetable oils,2026-02-01,120.032263585,-6.64478705806,-6.64478705806
011511,Sunflower-seed and safflower-seed oil,2022-12-01,141.151623217,,
011511,Sunflower-seed and safflower-seed oil,2023-01-01,137.609671753,-2.50932393384,-2.50932393384
011511,Sunflower-seed and safflower-seed oil,2023-02-01,135.805684985,-1.31094475021,-1.31094475021
011511,Sunflower-seed and safflower-seed oil,2023-03-01,135.805684985,0,0
011511,Sunflower-seed and safflower-seed oil,2023-04-01,136.405066846,0.44135255529,0.44135255529
011511,Sunflower-seed and safflower-seed oil,2023-05-01,136.405066846,0,0
011511,Sunflower-seed and safflower-seed oil,2023-06-01,132.426168021,-2.91697289343,-2.91697289343
011511,Sunflower-seed and safflower-seed oil,2023-07-01,132.426168021,0,0
011511,Sunflower-seed and safflower-seed oil,2023-08-01,130.719526264,-1.28874963489,-1.28874963489
011511,Sunflower-seed and safflower-seed oil,2023-09-01,130.401460211,-0.24331946529,-0.24331946529
011511,Sunflower-seed and safflower-seed oil,2023-10-01,141.007573039,8.13343102951,8.13343102951
011511,Sunflower-seed and safflower-seed oil,2023-11-01,176.541121209,25.1997445269,25.1997445269
011511,Sunflower-seed and safflower-seed oil,2023-12-01,317.120162171,79.6296296296,79.6296296296
011511,Sunflower-seed and safflower-seed oil,2024-01-01,400.486802742,26.2886597938,26.2886597938
011511,Sunflower-seed and safflower-seed oil,2024-02-01,483.853443313,20.8163265306,20.8163265306
011511,Sunflower-seed and safflower-seed oil,2024-03-01,346.543682372,-28.3783783784,-28.3783783784
011511,Sunflower-seed and safflower-seed oil,2024-04-01,178.17576122,-48.5849056604,-48.5849056604
011511,Sunflower-seed and safflower-seed oil,2024-05-01,171.637201175,-3.66972477064,-3.66972477064
011511,Sunflower-seed and safflower-seed oil,2024-06-01,156.925441074,-8.57142857143,-8.57142857143
011511,Sunflower-seed and safflower-seed oil,2024-07-01,176.541121209,12.5,12.5
011511,Sunflower-seed and safflower-seed oil,2024-08-01,176.541121209,0,0
011511,Sunflower-seed and safflower-seed oil,2024-09-01,196.769791347,11.4583333333,11.4583333333
011511,Sunflower-seed and safflower-seed oil,2024-10-01,694.573401119,252.987822147,252.987822147
011511,Sunflower-seed and safflower-seed oil,2024-11-01,882.355326041,27.0355767467,27.0355767467
011511,Sunflower-seed and safflower-seed oil,2024-12-01,537.882597367,-39.0401370636,-39.0401370636
011511,Sunflower-seed and safflower-seed oil,2025-01-01,298.526132044,-44.4997600768,-44.4997600768
011511,Sunflower-seed and safflower-seed oil,2025-02-01,164.652830218,-44.8447514156,-44.8447514156
011511,Sunflower-seed and safflower-seed oil,2025-03-01,243.97002167,48.1723826715,48.1723826715
011511,Sunflower-seed and safflower-seed oil,2025-04-01,761.378991879,212.078913084,212.078913084
011511,Sunflower-seed and safflower-seed oil,2025-05-01,1658.25147802,117.795801527,117.795801527
011511,Sunflower-seed and safflower-seed oil,2025-06-01,1391.07864952,-16.1117196057,-16.1117196057
011511,Sunflower-seed and safflower-seed oil,2025-07-01,994.360600141,-28.5187361274,-28.5187361274
011511,Sunflower-seed and safflower-seed oil,2025-08-01,638.236111036,-35.8144207498,-35.8144207498
011511,Sunflower-seed and safflower-seed oil,2025-09-01,374.332562563,-41.3488901537,-41.3488901537
011511,Sunflower-seed and safflower-seed oil,2025-10-01,229.39448157,-38.7190684134,-38.7190684134
011511,Sunflower-seed and safflower-seed oil,2025-11-01,155.018361061,-32.4228028504,-32.4228028504
011511,Sunflower-seed and safflower-seed oil,2025-12-01,145.156032994,-6.36203866432,-6.36203866432
011511,Sunflower-seed and safflower-seed oil,2026-01-01,150.38688103,3.6036036036,3.6036036036
011511,Sunflower-seed and safflower-seed oil,2026-02-01,137.90417549,-8.30039525692,-8.30039525692
011513,Olive oil,2022-12-01,90.2629512243,,
011513,Olive oil,2023-01-01,90.3805277391,0.130259993949,0.130259993949
011513,Olive oil,2023-02-01,90.4237123329,0.0477808604453,0.0477808604453
011513,Olive oil,2023-03-01,90.1961801347,-0.251628906203,-0.251628906203
011513,Olive oil,2023-04-01,90.3136696734,0.130259993949,0.130259993949
011513,Olive oil,2023-05-01,89.8311213002,-0.534302697501,-0.534302697501
011513,Olive oil,2023-06-01,90.3276383031,0.552722704304,0.552722704304
011513,Olive oil,2023-07-01,89.5363686755,-0.875999464267,-0.875999464267
011513,Olive oil,2023-08-01,90.0653017489,0.590746622043,0.590746622043
011513,Olive oil,2023-09-01,91.3599936367,1.43750352535,1.43750352535
011513,Olive oil,2023-10-01,91.6610342721,0.32951035071,0.32951035071
011513,Olive oil,2023-11-01,91.6610342721,0,0
011513,Olive oil,2023-12-01,151.736569455,65.5409745915,65.5409745915
011513,Olive oil,2024-01-01,151.736569455,0,0
011513,Olive oil,2024-02-01,151.736569455,0,0
011513,Olive oil,2024-03-01,151.736569455,0,0
011513,Olive oil,2024-04-01,116.078475633,-23.5,-23.5
011513,Olive oil,2024-05-01,151.736569455,30.7189542484,30.7189542484
011513,Olive oil,2024-06-01,185.877297582,22.5,22.5
011513,Olive oil,2024-07-01,167.668909247,-9.79591836735,-9.79591836735
011513,Olive oil,2024-08-01,182.083883346,8.59728506787,8.59728506787
011513,Olive oil,2024-09-01,206.930746594,13.6458333333,13.6458333333
011513,Olive oil,2024-10-01,216.224611473,4.4912923923,4.4912923923
011513,Olive oil,2024-11-01,215.750434693,-0.219298245614,-0.219298245614
011513,Olive oil,2024-12-01,227.604854182,5.49450549451,5.49450549451
011513,Olive oil,2025-01-01,250.148573072,9.90476190476,9.90476190476
011513,Olive oil,2025-02-01,182.083883346,-27.2097053726,-27.2097053726
011513,Olive oil,2025-03-01,174.497054873,-4.16666666667,-4.16666666667
011513,Olive oil,2025-04-01,212.431197237,21.7391304348,21.7391304348
011513,Olive oil,2025-05-01,249.100868188,17.2619047619,17.2619047619
011513,Olive oil,2025-06-01,566.483192631,127.411167513,127.411167513
011513,Olive oil,2025-07-01,735.922361855,29.9107142857,29.9107142857
011513,Olive oil,2025-08-01,303.473138909,-58.7628865979,-58.7628865979
011513,Olive oil,2025-09-01,153.542957186,-49.4047619048,-49.4047619048
011513,Olive oil,2025-10-01,152.18615929,-0.883660130719,-0.883660130719
011513,Olive oil,2025-11-01,128.865848067,-15.3235427792,-15.3235427792
011513,Olive oil,2025-12-01,120.647432335,-6.37749710663,-6.37749710663
011513,Olive oil,2026-01-01,101.15771297,-16.1542761319,-16.1542761319
011513,Olive oil,2026-02-01,97.7255762798,-3.39285714286,-3.39285714286
011517,Corn oil,2022-12-01,154.783446285,,
011517,Corn oil,2023-01-01,154.17006041,-0.396286482534,-0.396286482534
011517,Corn oil,2023-02-01,156.90434076,1.77354821206,1.77354821206
011517,Corn oil,2023-03-01,159.006447496,1.339737783,1.339737783
011517,Corn oil,2023-04-01,166.20986656,4.53026853752,4.53026853752
011517,Corn oil,2023-05-01,169.07666316,1.7248053076,1.7248053076
011517,Corn oil,2023-06-01,167.760294139,-0.778563402469,-0.778563402469
011517,Corn oil,2023-07-01,167.161103677,-0.357170607384,-0.357170607384
011517,Corn oil,2023-08-01,166.76333625,-0.237954535096,-0.237954535096
011517,Corn oil,2023-09-01,166.458584613,-0.182744986776,-0.182744986776
011517,Corn oil,2023-10-01,174.739002577,4.97446135517,4.97446135517
011517,Corn oil,2023-11-01,195.782882744,12.043035531,12.043035531
011517,Corn oil,2023-12-01,317.717836032,62.2807017544,62.2807017544
011517,Corn oil,2024-01-01,476.576754048,50,50
011517,Corn oil,2024-02-01,489.457206861,2.7027027027,2.7027027027
011517,Corn oil,2024-03-01,379.973357958,-22.3684210526,-22.3684210526
011517,Corn oil,2024-04-01,267.913418492,-29.4915254237,-29.4915254237
011517,Corn oil,2024-05-01,244.72860343,-8.65384615385,-8.65384615385
011517,Corn oil,2024-06-01,270.489509055,10.5263157895,10.5263157895
011517,Corn oil,2024-07-01,302.690641085,11.9047619048,11.9047619048
011517,Corn oil,2024-08-01,309.130867491,2.12765957447,2.12765957447
011517,Corn oil,2024-09-01,309.130867491,0,0
011517,Corn oil,2024-10-01,605.685729236,95.9318181818,95.9318181818
011517,Corn oil,2024-11-01,769.436359408,27.0355767467,27.0355767467
011517,Corn oil,2024-12-01,469.047350078,-39.0401370636,-39.0401370636
011517,Corn oil,2025-01-01,260.322404647,-44.4997600768,-44.4997600768
011517,Corn oil,2025-02-01,143.581469404,-44.8447514156,-44.8447514156
011517,Corn oil,2025-03-01,212.74808429,48.1723826715,48.1723826715
011517,Corn oil,2025-04-01,663.94190906,212.078913084,212.078913084
011517,Corn oil,2025-05-01,1446.03760251,117.795801527,117.795801527
011517,Corn oil,2025-06-01,1213.0560786,-16.1117196057,-16.1117196057
011517,Corn oil,2025-07-01,867.107816467,-28.5187361274,-28.5187361274
011517,Corn oil,2025-08-01,556.558174723,-35.8144207498,-35.8144207498
011517,Corn oil,2025-09-01,326.427546415,-41.3488901537,-41.3488901537
011517,Corn oil,2025-10-01,200.037841399,-38.7190684134,-38.7190684134
011517,Corn oil,2025-11-01,135.179966456,-32.4228028504,-32.4228028504
011517,Corn oil,2025-12-01,126.579764724,-6.36203866432,-6.36203866432
011517,Corn oil,2026-01-01,131.141197687,3.6036036036,3.6036036036
011517,Corn oil,2026-02-01,120.255959934,-8.30039525692,-8.30039525692
0116,Fruits and nuts,2022-12-01,98.423894429,,
0116,Fruits and nuts,2023-01-01,97.9711022017,-0.460042990466,-0.460042990466
0116,Fruits and nuts,2023-02-01,100.309480656,2.38680427379,2.38680427379
0116,Fruits and nuts,2023-03-01,102.609839645,2.29326178746,2.29326178746
0116,Fruits and nuts,2023-04-01,102.988222973,0.368759301615,0.368759301615
0116,Fruits and nuts,2023-05-01,108.519499278,5.37078526509,5.37078526509
0116,Fruits and nuts,2023-06-01,101.456948198,-6.50809405402,-6.50809405402
0116,Fruits and nuts,2023-07-01,112.847890971,11.2273658685,11.2273658685
0116,Fruits and nuts,2023-08-01,112.883716613,0.0317468426432,0.0317468426432
0116,Fruits and nuts,2023-09-01,111.062700585,-1.61317866084,-1.61317866084
0116,Fruits and nuts,2023-10-01,134.29797839,20.9208651348,20.9208651348
0116,Fruits and nuts,2023-11-01,129.157315425,-3.82780368441,-3.82780368441
0116,Fruits and nuts,2023-12-01,179.512107033,38.9871773369,38.9871773369
0116,Fruits and nuts,2024-01-01,264.209402035,47.1819402055,47.1819402055
0116,Fruits and nuts,2024-02-01,293.509393136,11.0896852553,11.0896852553
0116,Fruits and nuts,2024-03-01,371.43365902,26.5491557362,26.5491557362
0116,Fruits and nuts,2024-04-01,307.05307036,-17.332997992,-17.332997992
0116,Fruits and nuts,2024-05-01,320.45501419,4.36469950102,4.36469950102
0116,Fruits and nuts,2024-06-01,369.28507901,15.2377284355,15.2377284355
0116,Fruits and nuts,2024-07-01,331.751296159,-10.1639045236,-10.1639045236
0116,Fruits and nuts,2024-08-01,344.81104016,3.9366067749,3.9366067749
0116,Fruits and nuts,2024-09-01,652.13234775,89.1274558518,89.1274558518
0116,Fruits and nuts,2024-10-01,480.790183675,-26.2741396997,-26.2741396997
0116,Fruits and nuts,2024-11-01,996.907756186,107.347776647,107.347776647
0116,Fruits and nuts,2024-12-01,803.438854174,-19.406901071,-19.406901071
0116,Fruits and nuts,2025-01-01,487.72599911,-39.2951938313,-39.2951938313
0116,Fruits and nuts,2025-02-01,303.819887909,-37.7068500627,-37.7068500627
0116,Fruits and nuts,2025-03-01,391.785022077,28.9530533284,28.9530533284
0116,Fruits and nuts,2025-04-01,593.143559877,51.3951597058,51.3951597058
0116,Fruits and nuts,2025-05-01,693.66985783,16.9480552016,16.9480552016
0116,Fruits and nuts,2025-06-01,1406.82663465,102.809249786,102.809249786
0116,Fruits and nuts,2025-07-01,1622.57534157,15.3358417877,15.3358417877
0116,Fruits and nuts,2025-08-01,1267.66755494,-21.873115999,-21.873115999
0116,Fruits and nuts,2025-09-01,1494.10767572,17.8627369533,17.8627369533
0116,Fruits and nuts,2025-10-01,765.669613569,-48.7540539406,-48.7540539406
0116,Fruits and nuts,2025-11-01,349.181505061,-54.3952771701,-54.3952771701
0116,Fruits and nuts,2025-12-01,303.071422481,-13.2051903986,-13.2051903986
0116,Fruits and nuts,2026-01-01,329.656311306,8.77182302705,8.77182302705
0116,Fruits and nuts,2026-02-01,269.556468746,-18.2310608045,-18.2310608045
0116.1,Fresh fruit,2022-12-01,100.379960964,,
0116.1,Fresh fruit,2023-01-01,99.9521596228,-0.426182016137,-0.426182016137
0116.1,Fresh fruit,2023-02-01,103.656543569,3.70615698543,3.70615698543
0116.1,Fresh fruit,2023-03-01,105.933623345,2.19675449145,2.19675449145
0116.1,Fresh fruit,2023-04-01,106.638120283,0.665036195281,0.665036195281
0116.1,Fresh fruit,2023-05-01,113.957191586,6.86346616339,6.86346616339
0116.1,Fresh fruit,2023-06-01,104.405860684,-8.38150780072,-8.38150780072
0116.1,Fresh fruit,2023-07-01,120.484128398,15.3997750787,15.3997750787
0116.1,Fresh fruit,2023-08-01,120.335424376,-0.123422083893,-0.123422083893
0116.1,Fresh fruit,2023-09-01,118.030768138,-1.91519351059,-1.91519351059
0116.1,Fresh fruit,2023-10-01,149.836445573,26.9469375972,26.9469375972
0116.1,Fresh fruit,2023-11-01,142.788150199,-4.70399264162,-4.70399264162
0116.1,Fresh fruit,2023-12-01,209.865330853,46.9767137963,46.9767137963
0116.1,Fresh fruit,2024-01-01,325.992677978,55.3342215469,55.3342215469
0116.1,Fresh fruit,2024-02-01,366.371207631,12.3863302401,12.3863302401
0116.1,Fresh fruit,2024-03-01,472.020565598,28.8366977991,28.8366977991
0116.1,Fresh fruit,2024-04-01,384.216267259,-18.6017950781,-18.6017950781
0116.1,Fresh fruit,2024-05-01,399.615394558,4.0079321496,4.0079321496
0116.1,Fresh fruit,2024-06-01,456.175150381,14.1535477845,14.1535477845
0116.1,Fresh fruit,2024-07-01,387.20514302,-15.119194306,-15.119194306
0116.1,Fresh fruit,2024-08-01,424.289673783,9.57748920244,9.57748920244
0116.1,Fresh fruit,2024-09-01,851.144764744,100.604638136,100.604638136
0116.1,Fresh fruit,2024-10-01,566.296236642,-33.4665194337,-33.4665194337
0116.1,Fresh fruit,2024-11-01,1225.84257401,116.466664387,116.466664387
0116.1,Fresh fruit,2024-12-01,901.813645804,-26.4331599403,-26.4331599403
0116.1,Fresh fruit,2025-01-01,572.793671336,-36.4842532599,-36.4842532599
0116.1,Fresh fruit,2025-02-01,355.557833453,-37.9256700544,-37.9256700544
0116.1,Fresh fruit,2025-03-01,476.168481579,33.9215274644,33.9215274644
0116.1,Fresh fruit,2025-04-01,687.041965165,44.2854770408,44.2854770408
0116.1,Fresh fruit,2025-05-01,775.133799406,12.8219000743,12.8219000743
0116.1,Fresh fruit,2025-06-01,1476.99584525,90.5472121562,90.5472121562
0116.1,Fresh fruit,2025-07-01,1753.19936473,18.7003585942,18.7003585942
0116.1,Fresh fruit,2025-08-01,1486.76137268,-15.1972443871,-15.1972443871
0116.1,Fresh fruit,2025-09-01,1811.76474355,21.859820738,21.859820738
0116.1,Fresh fruit,2025-10-01,921.015398371,-49.1647355624,-49.1647355624
0116.1,Fresh fruit,2025-11-01,412.19126809,-55.2459960149,-55.2459960149
0116.1,Fresh fruit,2025-12-01,364.712621667,-11.5185958799,-11.5185958799
0116.1,Fresh fruit,2026-01-01,405.202588632,11.1018825672,11.1018825672
0116.1,Fresh fruit,2026-02-01,324.263483374,-19.9749724036,-19.9749724036
01161,"Dates, figs and tropical fruit, fresh",2022-12-01,96.7514720582,,
01161,"Dates, figs and tropical fruit, fresh",2023-01-01,94.5746415887,-2.249919741,-2.249919741
01161,"Dates, figs and tropical fruit, fresh",2023-02-01,96.0917318241,1.60411946576,1.60411946576
01161,"Dates, figs and tropical fruit, fresh",2023-03-01,104.874192635,9.13966336584,9.13966336584
01161,"Dates, figs and tropical fruit, fresh",2023-04-01,111.230868652,6.06123952631,6.06123952631
01161,"Dates, figs and tropical fruit, fresh",2023-05-01,106.737860473,-4.03935367372,-4.03935367372
01161,"Dates, figs and tropical fruit, fresh",2023-06-01,98.2450357405,-7.95671254301,-7.95671254301
01161,"Dates, figs and tropical fruit, fresh",2023-07-01,120.814769152,22.972899589,22.972899589
01161,"Dates, figs and tropical fruit, fresh",2023-08-01,139.714396156,15.6434740027,15.6434740027
01161,"Dates, figs and tropical fruit, fresh",2023-09-01,112.291559713,-19.6277815296,-19.6277815296
01161,"Dates, figs and tropical fruit, fresh",2023-10-01,141.317811806,25.8490060753,25.8490060753
01161,"Dates, figs and tropical fruit, fresh",2023-11-01,125.583871567,-11.1337276155,-11.1337276155
01161,"Dates, figs and tropical fruit, fresh",2023-12-01,125.698595557,0.0913524875154,0.0913524875154
01161,"Dates, figs and tropical fruit, fresh",2024-01-01,125.698595557,0,0
01161,"Dates, figs and tropical fruit, fresh",2024-02-01,125.698595557,0,0
01161,"Dates, figs and tropical fruit, fresh",2024-03-01,125.698595557,0,0
01161,"Dates, figs and tropical fruit, fresh",2024-04-01,125.698595557,0,0
01161,"Dates, figs and tropical fruit, fresh",2024-05-01,250.929842202,99.6281987787,99.6281987787
01161,"Dates, figs and tropical fruit, fresh",2024-06-01,315.142371787,25.5898338044,25.5898338044
01161,"Dates, figs and tropical fruit, fresh",2024-07-01,275.109516578,-12.7031014526,-12.7031014526
01161,"Dates, figs and tropical fruit, fresh",2024-08-01,306.020816757,11.2359981446,11.2359981446
01161,"Dates, figs and tropical fruit, fresh",2024-09-01,1552.45530992,407.303825397,407.303825397
01161,"Dates, figs and tropical fruit, fresh",2024-10-01,486.964141869,-68.6326467012,-68.6326467012
01161,"Dates, figs and tropical fruit, fresh",2024-11-01,1291.0199244,165.116014383,165.116014383
01161,"Dates, figs and tropical fruit, fresh",2024-12-01,833.641781316,-35.4276595146,-35.4276595146
01161,"Dates, figs and tropical fruit, fresh",2025-01-01,550.054193607,-34.0179192148,-34.0179192148
01161,"Dates, figs and tropical fruit, fresh",2025-02-01,298.926776289,-45.6550318563,-45.6550318563
01161,"Dates, figs and tropical fruit, fresh",2025-03-01,393.038289958,31.4831327049,31.4831327049
01161,"Dates, figs and tropical fruit, fresh",2025-04-01,393.038289958,0,0
01161,"Dates, figs and tropical fruit, fresh",2025-05-01,393.038289958,0,0
01161,"Dates, figs and tropical fruit, fresh",2025-06-01,393.038289958,0,0
01161,"Dates, figs and tropical fruit, fresh",2025-07-01,1705.69748371,333.977433571,333.977433571
01161,"Dates, figs and tropical fruit, fresh",2025-08-01,1730.64041718,1.46233043677,1.46233043677
01161,"Dates, figs and tropical fruit, fresh",2025-09-01,2175.26122541,25.6911143309,25.6911143309
01161,"Dates, figs and tropical fruit, fresh",2025-10-01,917.036164205,-57.842481009,-57.842481009
01161,"Dates, figs and tropical fruit, fresh",2025-11-01,308.873146828,-66.3183243056,-66.3183243056
01161,"Dates, figs and tropical fruit, fresh",2025-12-01,363.343154163,17.6350737819,17.6350737819
01161,"Dates, figs and tropical fruit, fresh",2026-01-01,429.209442129,18.1278461453,18.1278461453
01161,"Dates, figs and tropical fruit, fresh",2026-02-01,328.382979975,-23.4912031885,-23.4912031885
011612,Bananas,2022-12-01,89.3351908223,,
011612,Bananas,2023-01-01,91.5493369703,2.47847027307,2.47847027307
011612,Bananas,2023-02-01,91.9629299642,0.451770605449,0.451770605449
011612,Bananas,2023-03-01,100.307902597,9.07427877297,9.07427877297
011612,Bananas,2023-04-01,99.6177981299,-0.687986139775,-0.687986139775
011612,Bananas,2023-05-01,86.6049074926,-13.0628169681,-13.0628169681
011612,Bananas,2023-06-01,62.0075341879,-28.4018238883,-28.4018238883
011612,Bananas,2023-07-01,120.445262611,94.2429483582,94.2429483582
011612,Bananas,2023-08-01,96.6926106424,-19.7207025445,-19.7207025445
011612,Bananas,2023-09-01,98.2704488954,1.6318085141,1.6318085141
011612,Bananas,2023-10-01,148.594247556,51.2094930129,51.2094930129
011612,Bananas,2023-11-01,120.049331697,-19.2099736891,-19.2099736891
011612,Bananas,2023-12-01,120.049331697,0,0
011612,Bananas,2024-01-01,120.049331697,0,0
011612,Bananas,2024-02-01,120.049331697,0,0
011612,Bananas,2024-03-01,120.049331697,0,0
011612,Bananas,2024-04-01,120.049331697,0,0
011612,Bananas,2024-05-01,242.08487612,101.654497112,101.654497112
011612,Bananas,2024-06-01,356.007170765,47.0588235294,47.0588235294
011612,Bananas,2024-07-01,234.964732705,-34,-34
011612,Bananas,2024-08-01,313.286310273,33.3333333333,33.3333333333
011612,Bananas,2024-09-01,434.328748334,38.6363636364,38.6363636364
011612,Bananas,2024-10-01,434.328748334,0,0
011612,Bananas,2024-11-01,1925.99879384,343.442622951,343.442622951
011612,Bananas,2024-12-01,1257.67624145,-34.7000504117,-34.7000504117
011612,Bananas,2025-01-01,656.024122856,-47.8383942357,-47.8383942357
011612,Bananas,2025-02-01,334.646740519,-48.988653182,-48.988653182
011612,Bananas,2025-03-01,548.251042978,63.829787234,63.829787234
011612,Bananas,2025-04-01,548.251042978,0,0
011612,Bananas,2025-05-01,548.251042978,0,0
011612,Bananas,2025-06-01,548.251042978,0,0
011612,Bananas,2025-07-01,2420.8487612,341.558441558,341.558441558
011612,Bananas,2025-08-01,2420.8487612,0,0
011612,Bananas,2025-09-01,3417.66883935,41.1764705882,41.1764705882
011612,Bananas,2025-10-01,1375.2048425,-59.7619047619,-59.7619047619
011612,Bananas,2025-11-01,304.523056839,-77.8561675011,-77.8561675011
011612,Bananas,2025-12-01,270.565449782,-11.1510791367,-11.1510791367
011612,Bananas,2026-01-01,297.751451913,10.04784689,10.04784689
011612,Bananas,2026-02-01,268.192068643,-9.92753623188,-9.92753623188
011613,Dates,2022-12-01,119.27100217,,
011613,Dates,2023-01-01,119.27100217,0,0
011613,Dates,2023-02-01,119.27100217,0,0
011613,Dates,2023-03-01,119.27100217,0,0
011613,Dates,2023-04-01,119.27100217,0,0
011613,Dates,2023-05-01,119.27100217,0,0
011613,Dates,2023-06-01,119.27100217,0,0
011613,Dates,2023-07-01,119.27100217,0,0
011613,Dates,2023-08-01,130.616439171,9.51231799462,9.51231799462
011613,Dates,2023-09-01,157.480248161,20.5669433037,20.5669433037
011613,Dates,2023-10-01,181.122233154,15.0126668382,15.0126668382
011613,Dates,2023-11-01,210.901084176,16.4413007194,16.4413007194
011613,Dates,2023-12-01,210.901084176,0,0
011613,Dates,2024-01-01,210.901084176,0,0
011613,Dates,2024-02-01,210.901084176,0,0
011613,Dates,2024-03-01,210.901084176,0,0
011613,Dates,2024-04-01,210.901084176,0,0
011613,Dates,2024-05-01,210.901084176,0,0
011613,Dates,2024-06-01,210.901084176,0,0
011613,Dates,2024-07-01,210.901084176,0,0
011613,Dates,2024-08-01,210.901084176,0,0
011613,Dates,2024-09-01,1096.53606595,419.929079661,419.929079661
011613,Dates,2024-10-01,371.603889017,-66.1111111111,-66.1111111111
011613,Dates,2024-11-01,371.603889017,0,0
011613,Dates,2024-12-01,371.603889017,0,0
011613,Dates,2025-01-01,371.603889017,0,0
011613,Dates,2025-02-01,371.603889017,0,0
011613,Dates,2025-03-01,371.603889017,0,0
011613,Dates,2025-04-01,371.603889017,0,0
011613,Dates,2025-05-01,371.603889017,0,0
011613,Dates,2025-06-01,371.603889017,0,0
011613,Dates,2025-07-01,4386.1442638,1080.32786885,1080.32786885
011613,Dates,2025-08-01,3015.47418137,-31.25,-31.25
011613,Dates,2025-09-01,2551.55507654,-15.3846153846,-15.3846153846
011613,Dates,2025-10-01,863.522151937,-66.1570247934,-66.1570247934
011613,Dates,2025-11-01,460.545147699,-46.6666666667,-46.6666666667
011613,Dates,2025-12-01,411.201024732,-10.7142857143,-10.7142857143
011613,Dates,2026-01-01,328.960819785,-20,-20
011613,Dates,2026-02-01,479.734528854,45.8333333333,45.8333333333
01162,"Citrus fruits, fresh",2022-12-01,93.0957197296,,
01162,"Citrus fruits, fresh",2023-01-01,91.4184834658,-1.80162554051,-1.80162554051
01162,"Citrus fruits, fresh",2023-02-01,101.552863409,11.0857012268,11.0857012268
01162,"Citrus fruits, fresh",2023-03-01,109.31271278,7.64119209485,7.64119209485
01162,"Citrus fruits, fresh",2023-04-01,98.5346053551,-9.8598846837,-9.8598846837
01162,"Citrus fruits, fresh",2023-05-01,100.768715271,2.26733532611,2.26733532611
01162,"Citrus fruits, fresh",2023-06-01,104.059832229,3.26601063586,3.26601063586
01162,"Citrus fruits, fresh",2023-07-01,129.470430369,24.4192188243,24.4192188243
01162,"Citrus fruits, fresh",2023-08-01,115.180282522,-11.0373834448,-11.0373834448
01162,"Citrus fruits, fresh",2023-09-01,120.799832848,4.87891694933,4.87891694933
01162,"Citrus fruits, fresh",2023-10-01,177.716698865,47.1166761365,47.1166761365
01162,"Citrus fruits, fresh",2023-11-01,187.656549023,5.59308732471,5.59308732471
01162,"Citrus fruits, fresh",2023-12-01,428.435994284,128.308575701,128.308575701
01162,"Citrus fruits, fresh",2024-01-01,454.99980753,6.20018243111,6.20018243111
01162,"Citrus fruits, fresh",2024-02-01,618.821188347,36.004714311,36.004714311
01162,"Citrus fruits, fresh",2024-03-01,749.778148459,21.1623264649,21.1623264649
01162,"Citrus fruits, fresh",2024-04-01,602.534666345,-19.6382733234,-19.6382733234
01162,"Citrus fruits, fresh",2024-05-01,503.373913243,-16.4572693724,-16.4572693724
01162,"Citrus fruits, fresh",2024-06-01,615.715663608,22.3177537432,22.3177537432
01162,"Citrus fruits, fresh",2024-07-01,516.504684196,-16.1131160494,-16.1131160494
01162,"Citrus fruits, fresh",2024-08-01,548.815832432,6.25573188865,6.25573188865
01162,"Citrus fruits, fresh",2024-09-01,786.784699152,43.3604230522,43.3604230522
01162,"Citrus fruits, fresh",2024-10-01,745.509666776,-5.24603902693,-5.24603902693
01162,"Citrus fruits, fresh",2024-11-01,1275.15208497,71.0443394361,71.0443394361
01162,"Citrus fruits, fresh",2024-12-01,1339.03228545,5.00961424372,5.00961424372
01162,"Citrus fruits, fresh",2025-01-01,797.092502055,-40.4724956435,-40.4724956435
01162,"Citrus fruits, fresh",2025-02-01,304.006125938,-61.8606215522,-61.8606215522
01162,"Citrus fruits, fresh",2025-03-01,588.692555692,93.644964843,93.644964843
01162,"Citrus fruits, fresh",2025-04-01,1106.5521406,87.9677481728,87.9677481728
01162,"Citrus fruits, fresh",2025-05-01,1038.60081673,-6.14081536444,-6.14081536444
01162,"Citrus fruits, fresh",2025-06-01,1386.19044169,33.4671049127,33.4671049127
01162,"Citrus fruits, fresh",2025-07-01,1057.20420511,-23.7331196845,-23.7331196845
01162,"Citrus fruits, fresh",2025-08-01,989.644531525,-6.39040908626,-6.39040908626
01162,"Citrus fruits, fresh",2025-09-01,1780.31253765,79.8941418801,79.8941418801
01162,"Citrus fruits, fresh",2025-10-01,728.800954918,-59.0633139123,-59.0633139123
01162,"Citrus fruits, fresh",2025-11-01,340.006307324,-53.3471649524,-53.3471649524
01162,"Citrus fruits, fresh",2025-12-01,250.254717849,-26.3970366258,-26.3970366258
01162,"Citrus fruits, fresh",2026-01-01,268.390991002,7.24712537216,7.24712537216
01162,"Citrus fruits, fresh",2026-02-01,232.467802884,-13.3846475186,-13.3846475186
011622,Lemons and limes,2022-12-01,70.6213845993,,
011622,Lemons and limes,2023-01-01,63.3342446157,-10.3186025379,-10.3186025379
011622,Lemons and limes,2023-02-01,65.5149786546,3.44321472857,3.44321472857
011622,Lemons and limes,2023-03-01,69.159351828,5.56265643105,5.56265643105
011622,Lemons and limes,2023-04-01,69.413153104,0.366980414483,0.366980414483
011622,Lemons and limes,2023-05-01,75.9276021013,9.38503540899,9.38503540899
011622,Lemons and limes,2023-06-01,85.5241816693,12.6391184529,12.6391184529
011622,Lemons and limes,2023-07-01,159.619034575,86.6361436722,86.6361436722
011622,Lemons and limes,2023-08-01,117.950341972,-26.1050899811,-26.1050899811
011622,Lemons and limes,2023-09-01,98.1702046835,-16.7698854941,-16.7698854941
011622,Lemons and limes,2023-10-01,137.364143298,39.9244747839,39.9244747839
011622,Lemons and limes,2023-11-01,137.041732817,-0.234712256591,-0.234712256591
011622,Lemons and limes,2023-12-01,228.402888029,66.6666666667,66.6666666667
011622,Lemons and limes,2024-01-01,291.213682236,27.5,27.5
011622,Lemons and limes,2024-02-01,536.746786867,84.3137254902,84.3137254902
011622,Lemons and limes,2024-03-01,693.773772387,29.2553191489,29.2553191489
011622,Lemons and limes,2024-04-01,565.297147871,-18.5185185185,-18.5185185185
011622,Lemons and limes,2024-05-01,522.471606365,-7.57575757576,-7.57575757576
011622,Lemons and limes,2024-06-01,685.208664086,31.1475409836,31.1475409836
011622,Lemons and limes,2024-07-01,282.648573935,-58.75,-58.75
011622,Lemons and limes,2024-08-01,376.864765247,33.3333333333,33.3333333333
011622,Lemons and limes,2024-09-01,653.327427632,73.3585858586,73.3585858586
011622,Lemons and limes,2024-10-01,767.494883121,17.4747684944,17.4747684944
011622,Lemons and limes,2024-11-01,1098.09080783,43.0746747606,43.0746747606
011622,Lemons and limes,2024-12-01,1042.99659721,-5.01727272727,-5.01727272727
011622,Lemons and limes,2025-01-01,687.349941161,-34.0985442329,-34.0985442329
011622,Lemons and limes,2025-02-01,241.964309505,-64.7975077882,-64.7975077882
011622,Lemons and limes,2025-03-01,758.012084645,213.274336283,213.274336283
011622,Lemons and limes,2025-04-01,2268.04067812,199.209039548,199.209039548
011622,Lemons and limes,2025-05-01,2069.90117276,-8.7361530715,-8.7361530715
011622,Lemons and limes,2025-06-01,3083.43898839,48.9655172414,48.9655172414
011622,Lemons and limes,2025-07-01,2124.14685867,-31.1111111111,-31.1111111111
011622,Lemons and limes,2025-08-01,1927.14936774,-9.27419354839,-9.27419354839
011622,Lemons and limes,2025-09-01,2335.93862756,21.2121212121,21.2121212121
011622,Lemons and limes,2025-10-01,827.144744503,-64.5904761905,-64.5904761905
011622,Lemons and limes,2025-11-01,316.250152655,-61.7660446063,-61.7660446063
011622,Lemons and limes,2025-12-01,210.456946826,-33.4523809524,-33.4523809524
011622,Lemons and limes,2026-01-01,232.036570338,10.2536997886,10.2536997886
011622,Lemons and limes,2026-02-01,221.135523409,-4.69798657718,-4.69798657718
011623,Oranges,2022-12-01,94.9832926361,,
011623,Oranges,2023-01-01,95.7142310505,0.769544194669,0.769544194669
011623,Oranges,2023-02-01,103.194038617,7.8147287859,7.8147287859
011623,Oranges,2023-03-01,113.559728854,10.0448537306,10.0448537306
011623,Oranges,2023-04-01,98.2650242477,-13.4684229708,-13.4684229708
011623,Oranges,2023-05-01,98.2650242477,0,0
011623,Oranges,2023-06-01,98.2650242477,0,0
011623,Oranges,2023-07-01,98.2650242477,0,0
011623,Oranges,2023-08-01,98.2650242477,0,0
011623,Oranges,2023-09-01,124.245963798,26.4396612618,26.4396612618
011623,Oranges,2023-10-01,176.805408549,42.3027381695,42.3027381695
011623,Oranges,2023-11-01,175.305794061,-0.848172293437,-0.848172293437
011623,Oranges,2023-12-01,467.482117495,166.666666667,166.666666667
011623,Oranges,2024-01-01,486.960539057,4.16666666667,4.16666666667
011623,Oranges,2024-02-01,584.352646868,20,20
011623,Oranges,2024-03-01,672.005543899,15,15
011623,Oranges,2024-04-01,448.003695932,-33.3333333333,-33.3333333333
011623,Oranges,2024-05-01,613.570279212,36.9565217391,36.9565217391
011623,Oranges,2024-06-01,603.831068431,-1.5873015873,-1.5873015873
011623,Oranges,2024-07-01,613.570279212,1.61290322581,1.61290322581
011623,Oranges,2024-08-01,613.570279212,0,0
011623,Oranges,2024-09-01,1168.70529374,90.4761904762,90.4761904762
011623,Oranges,2024-10-01,770.209252608,-34.0972222222,-34.0972222222
011623,Oranges,2024-11-01,1381.75052957,79.3993677555,79.3993677555
011623,Oranges,2024-12-01,1357.12156385,-1.78244662826,-1.78244662826
011623,Oranges,2025-01-01,716.206577444,-47.2260557549,-47.2260557549
011623,Oranges,2025-02-01,326.263561168,-54.4456066946,-54.4456066946
011623,Oranges,2025-03-01,457.742906714,40.2985074627,40.2985074627
011623,Oranges,2025-04-01,457.742906714,0,0
011623,Oranges,2025-05-01,457.742906714,0,0
011623,Oranges,2025-06-01,457.742906714,0,0
011623,Oranges,2025-07-01,457.742906714,0,0
011623,Oranges,2025-08-01,457.742906714,0,0
011623,Oranges,2025-09-01,1363.48950936,197.872340426,197.872340426
011623,Oranges,2025-10-01,779.136862491,-42.8571428571,-42.8571428571
011623,Oranges,2025-11-01,278.691262353,-64.2307692308,-64.2307692308
011623,Oranges,2025-12-01,225.949690122,-18.9247311828,-18.9247311828
011623,Oranges,2026-01-01,240.824121134,6.58307210031,6.58307210031
011623,Oranges,2026-02-01,233.741058747,-2.94117647059,-2.94117647059
01163,"Stone fruits and pome fruits, fresh",2022-12-01,96.271606722,,
01163,"Stone fruits and pome fruits, fresh",2023-01-01,94.7901727688,-1.5388067195,-1.5388067195
01163,"Stone fruits and pome fruits, fresh",2023-02-01,101.129115649,6.68734183666,6.68734183666
01163,"Stone fruits and pome fruits, fresh",2023-03-01,96.8539125083,-4.22747011445,-4.22747011445
01163,"Stone fruits and pome fruits, fresh",2023-04-01,105.265870357,8.68520189969,8.68520189969
01163,"Stone fruits and pome fruits, fresh",2023-05-01,113.455325551,7.77978196144,7.77978196144
01163,"Stone fruits and pome fruits, fresh",2023-06-01,104.34991258,-8.02554919893,-8.02554919893
01163,"Stone fruits and pome fruits, fresh",2023-07-01,128.099080379,22.7591640583,22.7591640583
01163,"Stone fruits and pome fruits, fresh",2023-08-01,120.85002311,-5.65894559689,-5.65894559689
01163,"Stone fruits and pome fruits, fresh",2023-09-01,108.341963168,-10.3500683078,-10.3500683078
01163,"Stone fruits and pome fruits, fresh",2023-10-01,128.153300109,18.2859312877,18.2859312877
01163,"Stone fruits and pome fruits, fresh",2023-11-01,113.233169014,-11.642408804,-11.642408804
01163,"Stone fruits and pome fruits, fresh",2023-12-01,113.233169014,0,0
01163,"Stone fruits and pome fruits, fresh",2024-01-01,389.352980159,243.850643366,243.850643366
01163,"Stone fruits and pome fruits, fresh",2024-02-01,424.05602686,8.91300400122,8.91300400122
01163,"Stone fruits and pome fruits, fresh",2024-03-01,476.11059691,12.2753991816,12.2753991816
01163,"Stone fruits and pome fruits, fresh",2024-04-01,313.006277418,-34.2576536945,-34.2576536945
01163,"Stone fruits and pome fruits, fresh",2024-05-01,384.858122681,22.9554007208,22.9554007208
01163,"Stone fruits and pome fruits, fresh",2024-06-01,406.572948525,5.64229376076,5.64229376076
01163,"Stone fruits and pome fruits, fresh",2024-07-01,333.505367365,-17.9715796205,-17.9715796205
01163,"Stone fruits and pome fruits, fresh",2024-08-01,419.47356933,25.7771569447,25.7771569447
01163,"Stone fruits and pome fruits, fresh",2024-09-01,717.090184497,70.9500280656,70.9500280656
01163,"Stone fruits and pome fruits, fresh",2024-10-01,523.620699142,-26.9797982928,-26.9797982928
01163,"Stone fruits and pome fruits, fresh",2024-11-01,1368.02323759,161.262253352,161.262253352
01163,"Stone fruits and pome fruits, fresh",2024-12-01,793.088509519,-42.0266785151,-42.0266785151
01163,"Stone fruits and pome fruits, fresh",2025-01-01,461.752883394,-41.7778876063,-41.7778876063
01163,"Stone fruits and pome fruits, fresh",2025-02-01,310.851826017,-32.6800465799,-32.6800465799
01163,"Stone fruits and pome fruits, fresh",2025-03-01,397.512024551,27.8782980447,27.8782980447
01163,"Stone fruits and pome fruits, fresh",2025-04-01,690.567219728,73.7223472694,73.7223472694
01163,"Stone fruits and pome fruits, fresh",2025-05-01,794.764622458,15.0886691046,15.0886691046
01163,"Stone fruits and pome fruits, fresh",2025-06-01,2507.35997713,215.484598367,215.484598367
01163,"Stone fruits and pome fruits, fresh",2025-07-01,2794.03419986,11.4333093512,11.4333093512
01163,"Stone fruits and pome fruits, fresh",2025-08-01,1683.53670544,-39.7453078588,-39.7453078588
01163,"Stone fruits and pome fruits, fresh",2025-09-01,1636.30731955,-2.80536716189,-2.80536716189
01163,"Stone fruits and pome fruits, fresh",2025-10-01,686.968943301,-58.0171197004,-58.0171197004
01163,"Stone fruits and pome fruits, fresh",2025-11-01,392.480867915,-42.8677421677,-42.8677421677
01163,"Stone fruits and pome fruits, fresh",2025-12-01,290.941375508,-25.8711954411,-25.8711954411
01163,"Stone fruits and pome fruits, fresh",2026-01-01,295.098469253,1.42884240435,1.42884240435
01163,"Stone fruits and pome fruits, fresh",2026-02-01,278.91966504,-5.48251038146,-5.48251038146
011631,Apples,2022-12-01,82.861036997,,
011631,Apples,2023-01-01,80.7651877921,-2.5293543031,-2.5293543031
011631,Apples,2023-02-01,89.9500792593,11.3723396408,11.3723396408
011631,Apples,2023-03-01,83.3757561657,-7.30885747704,-7.30885747704
011631,Apples,2023-04-01,94.1883113755,12.9684643438,12.9684643438
011631,Apples,2023-05-01,89.7583700504,-4.70328139484,-4.70328139484
011631,Apples,2023-06-01,87.9001555838,-2.0702408762,-2.0702408762
011631,Apples,2023-07-01,114.181926116,29.8995722563,29.8995722563
011631,Apples,2023-08-01,112.930037855,-1.09639791845,-1.09639791845
011631,Apples,2023-09-01,98.5221780483,-12.7582174595,-12.7582174595
011631,Apples,2023-10-01,124.387287753,26.2530835364,26.2530835364
011631,Apples,2023-11-01,103.672491243,-16.6534674759,-16.6534674759
011631,Apples,2023-12-01,103.672491243,0,0
011631,Apples,2024-01-01,507.363986631,389.391139875,389.391139875
011631,Apples,2024-02-01,558.100385295,10,10
011631,Apples,2024-03-01,634.204983289,13.6363636364,13.6363636364
011631,Apples,2024-04-01,395.743909573,-37.6,-37.6
011631,Apples,2024-05-01,345.007510909,-12.8205128205,-12.8205128205
011631,Apples,2024-06-01,350.081150776,1.47058823529,1.47058823529
011631,Apples,2024-07-01,304.418391979,-13.0434782609,-13.0434782609
011631,Apples,2024-08-01,390.670269706,28.3333333333,28.3333333333
011631,Apples,2024-09-01,790.219409178,102.272727273,102.272727273
011631,Apples,2024-10-01,507.363986631,-35.7945425361,-35.7945425361
011631,Apples,2024-11-01,1308.27427981,157.857142857,157.857142857
011631,Apples,2024-12-01,829.309498149,-36.6104255855,-36.6104255855
011631,Apples,2025-01-01,416.038469038,-49.8331479422,-49.8331479422
011631,Apples,2025-02-01,220.703334185,-46.9512195122,-46.9512195122
011631,Apples,2025-03-01,337.39705111,52.8735632184,52.8735632184
011631,Apples,2025-04-01,337.39705111,0,0
011631,Apples,2025-05-01,337.39705111,0,0
011631,Apples,2025-06-01,2841.23832514,742.105263158,742.105263158
011631,Apples,2025-07-01,2841.23832514,0,0
011631,Apples,2025-08-01,1217.67356792,-57.1428571429,-57.1428571429
011631,Apples,2025-09-01,1377.13082086,13.0952380952,13.0952380952
011631,Apples,2025-10-01,564.623636551,-59,-59
011631,Apples,2025-11-01,251.340313377,-55.4853362299,-55.4853362299
011631,Apples,2025-12-01,219.132921845,-12.8142561372,-12.8142561372
011631,Apples,2026-01-01,218.012767589,-0.511175704119,-0.511175704119
011631,Apples,2026-02-01,203.565706192,-6.62670427833,-6.62670427833
01164,"Berries, fresh",2022-12-01,218.811789129,,
01164,"Berries, fresh",2023-01-01,221.399790477,1.18275224487,1.18275224487
01164,"Berries, fresh",2023-02-01,116.627923321,-47.322478007,-47.322478007
01164,"Berries, fresh",2023-03-01,58.5462750176,-49.8008081164,-49.8008081164
01164,"Berries, fresh",2023-04-01,48.0778265085,-17.8806397264,-17.8806397264
01164,"Berries, fresh",2023-05-01,48.0778265085,0,0
01164,"Berries, fresh",2023-06-01,48.0778265085,0,0
01164,"Berries, fresh",2023-07-01,48.0778265085,0,0
01164,"Berries, fresh",2023-08-01,48.0778265085,0,0
01164,"Berries, fresh",2023-09-01,48.0778265085,0,0
01164,"Berries, fresh",2023-10-01,48.0778265085,0,0
01164,"Berries, fresh",2023-11-01,48.0778265085,0,0
01164,"Berries, fresh",2023-12-01,354.149383716,636.616876084,636.616876084
01164,"Berries, fresh",2024-01-01,708.298767432,100,100
01164,"Berries, fresh",2024-02-01,743.713705803,5,5
01164,"Berries, fresh",2024-03-01,1062.44815115,42.8571428571,42.8571428571
01164,"Berries, fresh",2024-04-01,1062.44815115,0,0
01164,"Berries, fresh",2024-05-01,1062.44815115,0,0
01164,"Berries, fresh",2024-06-01,1062.44815115,0,0
01164,"Berries, fresh",2024-07-01,1062.44815115,0,0
01164,"Berries, fresh",2024-08-01,1062.44815115,0,0
01164,"Berries, fresh",2024-09-01,1062.44815115,0,0
01164,"Berries, fresh",2024-10-01,1062.44815115,0,0
01164,"Berries, fresh",2024-11-01,1062.44815115,0,0
01164,"Berries, fresh",2024-12-01,1062.44815115,0,0
01164,"Berries, fresh",2025-01-01,1180.49794572,11.1111111111,11.1111111111
01164,"Berries, fresh",2025-02-01,451.540464238,-61.75,-61.75
01164,"Berries, fresh",2025-03-01,708.298767432,56.862745098,56.862745098
01164,"Berries, fresh",2025-04-01,708.298767432,0,0
01164,"Berries, fresh",2025-05-01,708.298767432,0,0
01164,"Berries, fresh",2025-06-01,708.298767432,0,0
01164,"Berries, fresh",2025-07-01,708.298767432,0,0
01164,"Berries, fresh",2025-08-01,708.298767432,0,0
01164,"Berries, fresh",2025-09-01,708.298767432,0,0
01164,"Berries, fresh",2025-10-01,708.298767432,0,0
01164,"Berries, fresh",2025-11-01,519.419096117,-26.6666666667,-26.6666666667
01164,"Berries, fresh",2025-12-01,317.317847809,-38.9090909091,-38.9090909091
01164,"Berries, fresh",2026-01-01,1180.49794572,272.023809524,272.023809524
01164,"Berries, fresh",2026-02-01,605.005197181,-48.75,-48.75
011645,Strawberries,2022-12-01,218.811789129,,
011645,Strawberries,2023-01-01,221.399790477,1.18275224487,1.18275224487
011645,Strawberries,2023-02-01,116.627923321,-47.322478007,-47.322478007
011645,Strawberries,2023-03-01,58.5462750176,-49.8008081164,-49.8008081164
011645,Strawberries,2023-04-01,48.0778265085,-17.8806397264,-17.8806397264
011645,Strawberries,2023-05-01,48.0778265085,0,0
011645,Strawberries,2023-06-01,48.0778265085,0,0
011645,Strawberries,2023-07-01,48.0778265085,0,0
011645,Strawberries,2023-08-01,48.0778265085,0,0
011645,Strawberries,2023-09-01,48.0778265085,0,0
011645,Strawberries,2023-10-01,48.0778265085,0,0
011645,Strawberries,2023-11-01,48.0778265085,0,0
011645,Strawberries,2023-12-01,354.149383716,636.616876084,636.616876084
011645,Strawberries,2024-01-01,708.298767432,100,100
011645,Strawberries,2024-02-01,743.713705803,5,5
011645,Strawberries,2024-03-01,1062.44815115,42.8571428571,42.8571428571
011645,Strawberries,2024-04-01,1062.44815115,0,0
011645,Strawberries,2024-05-01,1062.44815115,0,0
011645,Strawberries,2024-06-01,1062.44815115,0,0
011645,Strawberries,2024-07-01,1062.44815115,0,0
011645,Strawberries,2024-08-01,1062.44815115,0,0
011645,Strawberries,2024-09-01,1062.44815115,0,0
011645,Strawberries,2024-10-01,1062.44815115,0,0
011645,Strawberries,2024-11-01,1062.44815115,0,0
011645,Strawberries,2024-12-01,1062.44815115,0,0
011645,Strawberries,2025-01-01,1180.49794572,11.1111111111,11.1111111111
011645,Strawberries,2025-02-01,451.540464238,-61.75,-61.75
011645,Strawberries,2025-03-01,708.298767432,56.862745098,56.862745098
011645,Strawberries,2025-04-01,708.298767432,0,0
011645,Strawberries,2025-05-01,708.298767432,0,0
011645,Strawberries,2025-06-01,708.298767432,0,0
011645,Strawberries,2025-07-01,708.298767432,0,0
011645,Strawberries,2025-08-01,708.298767432,0,0
011645,Strawberries,2025-09-01,708.298767432,0,0
011645,Strawberries,2025-10-01,708.298767432,0,0
011645,Strawberries,2025-11-01,519.419096117,-26.6666666667,-26.6666666667
011645,Strawberries,2025-12-01,317.317847809,-38.9090909091,-38.9090909091
011645,Strawberries,2026-01-01,1180.49794572,272.023809524,272.023809524
011645,Strawberries,2026-02-01,605.005197181,-48.75,-48.75
01165,"Other fruits, fresh",2022-12-01,110.887587824,,
01165,"Other fruits, fresh",2023-01-01,114.456797485,3.21876391313,3.21876391313
01165,"Other fruits, fresh",2023-02-01,115.229079779,0.674736940646,0.674736940646
01165,"Other fruits, fresh",2023-03-01,114.745923654,-0.419300514305,-0.419300514305
01165,"Other fruits, fresh",2023-04-01,115.115587533,0.322158614882,0.322158614882
01165,"Other fruits, fresh",2023-05-01,138.683472347,20.4732350495,20.4732350495
01165,"Other fruits, fresh",2023-06-01,113.186883592,-18.3847349103,-18.3847349103
01165,"Other fruits, fresh",2023-07-01,105.60347733,-6.69989845229,-6.69989845229
01165,"Other fruits, fresh",2023-08-01,110.124621163,4.28124522745,4.28124522745
01165,"Other fruits, fresh",2023-09-01,133.595187874,21.3127332139,21.3127332139
01165,"Other fruits, fresh",2023-10-01,154.413177865,15.582889116,15.582889116
01165,"Other fruits, fresh",2023-11-01,144.919348708,-6.1483283282,-6.1483283282
01165,"Other fruits, fresh",2023-12-01,144.919348708,0,0
01165,"Other fruits, fresh",2024-01-01,293.347554135,102.421247922,102.421247922
01165,"Other fruits, fresh",2024-02-01,243.256332271,-17.075725077,-17.075725077
01165,"Other fruits, fresh",2024-03-01,468.269478164,92.5004269333,92.5004269333
01165,"Other fruits, fresh",2024-04-01,436.067978394,-6.87670268327,-6.87670268327
01165,"Other fruits, fresh",2024-05-01,414.160977377,-5.02375824467,-5.02375824467
01165,"Other fruits, fresh",2024-06-01,441.017917357,6.48466211137,6.48466211137
01165,"Other fruits, fresh",2024-07-01,378.77254528,-14.1140234053,-14.1140234053
01165,"Other fruits, fresh",2024-08-01,377.859023219,-0.241179587147,-0.241179587147
01165,"Other fruits, fresh",2024-09-01,382.523004064,1.23431771067,1.23431771067
01165,"Other fruits, fresh",2024-10-01,468.393670117,22.4484972513,22.4484972513
01165,"Other fruits, fresh",2024-11-01,969.305888758,106.942567887,106.942567887
01165,"Other fruits, fresh",2024-12-01,594.164837755,-38.7020294991,-38.7020294991
01165,"Other fruits, fresh",2025-01-01,437.638341221,-26.343951474,-26.343951474
01165,"Other fruits, fresh",2025-02-01,508.184187466,16.11966768,16.11966768
01165,"Other fruits, fresh",2025-03-01,503.782401899,-0.866179167983,-0.866179167983
01165,"Other fruits, fresh",2025-04-01,503.782401899,0,0
01165,"Other fruits, fresh",2025-05-01,833.81110175,65.5101683994,65.5101683994
01165,"Other fruits, fresh",2025-06-01,1574.57329604,88.8405290759,88.8405290759
01165,"Other fruits, fresh",2025-07-01,1525.7116648,-3.10316651257,-3.10316651257
01165,"Other fruits, fresh",2025-08-01,1628.05109639,6.70765217012,6.70765217012
01165,"Other fruits, fresh",2025-09-01,1729.92081522,6.25715734926,6.25715734926
01165,"Other fruits, fresh",2025-10-01,1387.39345956,-19.8001753978,-19.8001753978
01165,"Other fruits, fresh",2025-11-01,605.49445569,-56.3574088146,-56.3574088146
01165,"Other fruits, fresh",2025-12-01,569.919214905,-5.87540322643,-5.87540322643
01165,"Other fruits, fresh",2026-01-01,612.331732584,7.44184729529,7.44184729529
01165,"Other fruits, fresh",2026-02-01,455.553077884,-25.6035489193,-25.6035489193
011659,"Other fruits, fresh",2022-12-01,115.841257242,,
011659,"Other fruits, fresh",2023-01-01,128.522987885,10.9475077749,10.9475077749
011659,"Other fruits, fresh",2023-02-01,132.850079613,3.36678426112,3.36678426112
011659,"Other fruits, fresh",2023-03-01,128.722475177,-3.10696421691,-3.10696421691
011659,"Other fruits, fresh",2023-04-01,128.722475177,0,0
011659,"Other fruits, fresh",2023-05-01,128.722475177,0,0
011659,"Other fruits, fresh",2023-06-01,128.722475177,0,0
011659,"Other fruits, fresh",2023-07-01,128.722475177,0,0
011659,"Other fruits, fresh",2023-08-01,128.695223022,-0.0211712482286,-0.0211712482285
011659,"Other fruits, fresh",2023-09-01,124.759335287,-3.05830134383,-3.05830134383
011659,"Other fruits, fresh",2023-10-01,175.405842623,40.5953648436,40.5953648436
011659,"Other fruits, fresh",2023-11-01,141.413739044,-19.3791170644,-19.3791170644
011659,"Other fruits, fresh",2023-12-01,141.413739044,0,0
011659,"Other fruits, fresh",2024-01-01,830.303325841,487.144736753,487.144736753
011659,"Other fruits, fresh",2024-02-01,597.818394605,-28,-28
011659,"Other fruits, fresh",2024-03-01,747.272993257,25,25
011659,"Other fruits, fresh",2024-04-01,597.818394605,-20,-20
011659,"Other fruits, fresh",2024-05-01,597.818394605,0,0
011659,"Other fruits, fresh",2024-06-01,597.818394605,0,0
011659,"Other fruits, fresh",2024-07-01,597.818394605,0,0
011659,"Other fruits, fresh",2024-08-01,597.818394605,0,0
011659,"Other fruits, fresh",2024-09-01,597.818394605,0,0
011659,"Other fruits, fresh",2024-10-01,996.363991009,66.6666666667,66.6666666667
011659,"Other fruits, fresh",2024-11-01,3321.21330336,233.333333333,233.333333333
011659,"Other fruits, fresh",2024-12-01,1361.69745438,-59,-59
011659,"Other fruits, fresh",2025-01-01,675.313371684,-50.406504065,-50.406504065
011659,"Other fruits, fresh",2025-02-01,531.394128538,-21.3114754098,-21.3114754098
011659,"Other fruits, fresh",2025-03-01,265.697064269,-50,-50
011659,"Other fruits, fresh",2025-04-01,265.697064269,0,0
011659,"Other fruits, fresh",2025-05-01,265.697064269,0,0
011659,"Other fruits, fresh",2025-06-01,265.697064269,0,0
011659,"Other fruits, fresh",2025-07-01,265.697064269,0,0
011659,"Other fruits, fresh",2025-08-01,265.697064269,0,0
011659,"Other fruits, fresh",2025-09-01,1793.45518382,575,575
011659,"Other fruits, fresh",2025-10-01,1162.42465618,-35.1851851852,-35.1851851852
011659,"Other fruits, fresh",2025-11-01,705.757826965,-39.2857142857,-39.2857142857
011659,"Other fruits, fresh",2025-12-01,507.239849968,-28.128342246,-28.128342246
011659,"Other fruits, fresh",2026-01-01,502.333512134,-0.967261904762,-0.967261904762
011659,"Other fruits, fresh",2026-02-01,427.606212808,-14.8760330579,-14.8760330579
0117,"Vegetables, tubers, plantains, cooking bananas and pulses",2022-12-01,112.395074323,,
0117,"Vegetables, tubers, plantains, cooking bananas and pulses",2023-01-01,99.8994339509,-11.1176049728,-11.1176049728
0117,"Vegetables, tubers, plantains, cooking bananas and pulses",2023-02-01,105.466423142,5.57259332846,5.57259332846
0117,"Vegetables, tubers, plantains, cooking bananas and pulses",2023-03-01,109.267265926,3.60384155486,3.60384155486
0117,"Vegetables, tubers, plantains, cooking bananas and pulses",2023-04-01,107.085062438,-1.99712463683,-1.99712463683
0117,"Vegetables, tubers, plantains, cooking bananas and pulses",2023-05-01,95.3070991964,-10.99869858,-10.99869858
0117,"Vegetables, tubers, plantains, cooking bananas and pulses",2023-06-01,95.4252550942,0.123973868426,0.123973868426
0117,"Vegetables, tubers, plantains, cooking bananas and pulses",2023-07-01,101.791658663,6.67161283765,6.67161283765
0117,"Vegetables, tubers, plantains, cooking bananas and pulses",2023-08-01,109.711133837,7.78008264868,7.78008264868
0117,"Vegetables, tubers, plantains, cooking bananas and pulses",2023-09-01,121.027354203,10.3145596716,10.3145596716
0117,"Vegetables, tubers, plantains, cooking bananas and pulses",2023-10-01,152.767602738,26.225681578,26.225681578
0117,"Vegetables, tubers, plantains, cooking bananas and pulses",2023-11-01,165.515834502,8.34485292405,8.34485292405
0117,"Vegetables, tubers, plantains, cooking bananas and pulses",2023-12-01,254.635442797,53.8435543417,53.8435543417
0117,"Vegetables, tubers, plantains, cooking bananas and pulses",2024-01-01,310.721131613,22.0258767594,22.0258767594
0117,"Vegetables, tubers, plantains, cooking bananas and pulses",2024-02-01,415.729916617,33.7951862039,33.7951862039
0117,"Vegetables, tubers, plantains, cooking bananas and pulses",2024-03-01,495.54013438,19.1976123374,19.1976123374
0117,"Vegetables, tubers, plantains, cooking bananas and pulses",2024-04-01,395.005322501,-20.2879252161,-20.2879252161
0117,"Vegetables, tubers, plantains, cooking bananas and pulses",2024-05-01,338.648687137,-14.2673103762,-14.2673103762
0117,"Vegetables, tubers, plantains, cooking bananas and pulses",2024-06-01,279.308227605,-17.5227194985,-17.5227194985
0117,"Vegetables, tubers, plantains, cooking bananas and pulses",2024-07-01,286.561085018,2.59672172039,2.59672172039
0117,"Vegetables, tubers, plantains, cooking bananas and pulses",2024-08-01,393.803178937,37.4238162562,37.4238162562
0117,"Vegetables, tubers, plantains, cooking bananas and pulses",2024-09-01,976.0847466,147.861063295,147.861063295
0117,"Vegetables, tubers, plantains, cooking bananas and pulses",2024-10-01,1557.80671334,59.5974856447,59.5974856447
0117,"Vegetables, tubers, plantains, cooking bananas and pulses",2024-11-01,1336.77990959,-14.1883329843,-14.1883329843
0117,"Vegetables, tubers, plantains, cooking bananas and pulses",2024-12-01,1091.65786847,-18.3367538189,-18.3367538189
0117,"Vegetables, tubers, plantains, cooking bananas and pulses",2025-01-01,559.7926215,-48.7208733004,-48.7208733004
0117,"Vegetables, tubers, plantains, cooking bananas and pulses",2025-02-01,267.367149068,-52.2381791401,-52.2381791401
0117,"Vegetables, tubers, plantains, cooking bananas and pulses",2025-03-01,502.136012183,87.8076696907,87.8076696907
0117,"Vegetables, tubers, plantains, cooking bananas and pulses",2025-04-01,968.299516463,92.836102763,92.836102763
0117,"Vegetables, tubers, plantains, cooking bananas and pulses",2025-05-01,1265.38559967,30.681217759,30.681217759
0117,"Vegetables, tubers, plantains, cooking bananas and pulses",2025-06-01,2356.2587004,86.2087494136,86.2087494136
0117,"Vegetables, tubers, plantains, cooking bananas and pulses",2025-07-01,2102.85392365,-10.754539674,-10.754539674
0117,"Vegetables, tubers, plantains, cooking bananas and pulses",2025-08-01,1624.94382448,-22.7267378771,-22.7267378771
0117,"Vegetables, tubers, plantains, cooking bananas and pulses",2025-09-01,1265.06084098,-22.1474107644,-22.1474107644
0117,"Vegetables, tubers, plantains, cooking bananas and pulses",2025-10-01,662.633862559,-47.6203957081,-47.6203957081
0117,"Vegetables, tubers, plantains, cooking bananas and pulses",2025-11-01,300.084897963,-54.7133168226,-54.7133168226
0117,"Vegetables, tubers, plantains, cooking bananas and pulses",2025-12-01,240.928999896,-19.7130540285,-19.7130540285
0117,"Vegetables, tubers, plantains, cooking bananas and pulses",2026-01-01,240.691337861,-0.0986440133538,-0.0986440133538
0117,"Vegetables, tubers, plantains, cooking bananas and pulses",2026-02-01,252.387894989,4.85956712509,4.85956712509
0117.1,Fresh vegetables,2022-12-01,116.138657236,,
0117.1,Fresh vegetables,2023-01-01,106.212551632,-8.54677145399,-8.54677145399
0117.1,Fresh vegetables,2023-02-01,114.210907061,7.53051810406,7.53051810406
0117.1,Fresh vegetables,2023-03-01,121.969414381,6.79314044425,6.79314044425
0117.1,Fresh vegetables,2023-04-01,118.81751623,-2.58417093109,-2.58417093109
0117.1,Fresh vegetables,2023-05-01,100.876496603,-15.0996420359,-15.0996420359
0117.1,Fresh vegetables,2023-06-01,94.8662615943,-5.95801322522,-5.95801322522
0117.1,Fresh vegetables,2023-07-01,103.74702371,9.36134930057,9.36134930057
0117.1,Fresh vegetables,2023-08-01,112.48077132,8.41831148239,8.41831148239
0117.1,Fresh vegetables,2023-09-01,131.037601695,16.4977801598,16.4977801598
0117.1,Fresh vegetables,2023-10-01,172.617357553,31.7311636664,31.7311636664
0117.1,Fresh vegetables,2023-11-01,164.25301242,-4.84559910489,-4.84559910489
0117.1,Fresh vegetables,2023-12-01,224.63571573,36.7620066263,36.7620066263
0117.1,Fresh vegetables,2024-01-01,254.893880341,13.4698814535,13.4698814535
0117.1,Fresh vegetables,2024-02-01,346.719587504,36.0250732736,36.0250732736
0117.1,Fresh vegetables,2024-03-01,463.024588682,33.544398808,33.544398808
0117.1,Fresh vegetables,2024-04-01,399.542726172,-13.7102573086,-13.7102573086
0117.1,Fresh vegetables,2024-05-01,367.96065953,-7.90455302359,-7.9045530236
0117.1,Fresh vegetables,2024-06-01,351.887126354,-4.36827491184,-4.36827491184
0117.1,Fresh vegetables,2024-07-01,354.369807616,0.705533415585,0.705533415585
0117.1,Fresh vegetables,2024-08-01,512.502128167,44.6235308859,44.6235308859
0117.1,Fresh vegetables,2024-09-01,1164.13985882,127.148297508,127.148297508
0117.1,Fresh vegetables,2024-10-01,1418.51600755,21.8509955486,21.8509955486
0117.1,Fresh vegetables,2024-11-01,1473.73307253,3.89259371679,3.89259371679
0117.1,Fresh vegetables,2024-12-01,1298.00332868,-11.9241229721,-11.9241229721
0117.1,Fresh vegetables,2025-01-01,681.024029568,-47.532951995,-47.532951995
0117.1,Fresh vegetables,2025-02-01,365.129684571,-46.3851980667,-46.3851980667
0117.1,Fresh vegetables,2025-03-01,531.542537149,45.5763690574,45.5763690574
0117.1,Fresh vegetables,2025-04-01,865.796833869,62.8838283597,62.8838283597
0117.1,Fresh vegetables,2025-05-01,1045.20818162,20.7221071656,20.7221071656
0117.1,Fresh vegetables,2025-06-01,1436.41926138,37.4290104724,37.4290104724
0117.1,Fresh vegetables,2025-07-01,1749.77771768,21.8152502354,21.8152502354
0117.1,Fresh vegetables,2025-08-01,1869.4913484,6.84164791431,6.84164791431
0117.1,Fresh vegetables,2025-09-01,1520.68338457,-18.6579073571,-18.6579073571
0117.1,Fresh vegetables,2025-10-01,845.825452826,-44.3785957413,-44.3785957413
0117.1,Fresh vegetables,2025-11-01,425.762131974,-49.6631213271,-49.6631213271
0117.1,Fresh vegetables,2025-12-01,346.701745364,-18.5691447578,-18.5691447578
0117.1,Fresh vegetables,2026-01-01,346.095122593,-0.174969632667,-0.174969632667
0117.1,Fresh vegetables,2026-02-01,375.514901298,8.50048925399,8.50048925399
0117.3,Dried vegetables,2022-12-01,86.5318620465,,
0117.3,Dried vegetables,2023-01-01,82.5850605215,-4.56109626175,-4.56109626175
0117.3,Dried vegetables,2023-02-01,94.0782812037,13.9168278252,13.9168278252
0117.3,Dried vegetables,2023-03-01,96.042746478,2.08811773473,2.08811773473
0117.3,Dried vegetables,2023-04-01,84.6227042639,-11.8905827175,-11.8905827175
0117.3,Dried vegetables,2023-05-01,76.6276769966,-9.4478513029,-9.4478513029
0117.3,Dried vegetables,2023-06-01,90.6592804174,18.3114038828,18.3114038828
0117.3,Dried vegetables,2023-07-01,97.6598799791,7.72187858697,7.72187858697
0117.3,Dried vegetables,2023-08-01,109.77812592,12.4086226027,12.4086226027
0117.3,Dried vegetables,2023-09-01,120.465896783,9.73579278521,9.73579278521
0117.3,Dried vegetables,2023-10-01,177.296897464,47.1760076493,47.1760076493
0117.3,Dried vegetables,2023-11-01,154.618115481,-12.7914150261,-12.7914150261
0117.3,Dried vegetables,2023-12-01,181.014212737,17.0718011752,17.0718011753
0117.3,Dried vegetables,2024-01-01,701.207740039,287.377173006,287.377173006
0117.3,Dried vegetables,2024-02-01,1326.1104051,89.1180500977,89.1180500977
0117.3,Dried vegetables,2024-03-01,1252.52160888,-5.54922093438,-5.54922093438
0117.3,Dried vegetables,2024-04-01,735.943031313,-41.2430870579,-41.2430870579
0117.3,Dried vegetables,2024-05-01,379.577044171,-48.423039825,-48.423039825
0117.3,Dried vegetables,2024-06-01,190.405013837,-49.8375845533,-49.8375845533
0117.3,Dried vegetables,2024-07-01,243.529575253,27.9008206481,27.9008206481
0117.3,Dried vegetables,2024-08-01,322.664933026,32.4951734058,32.4951734058
0117.3,Dried vegetables,2024-09-01,1387.55221605,330.028823719,330.028823719
0117.3,Dried vegetables,2024-10-01,3628.12595444,161.476715074,161.476715074
0117.3,Dried vegetables,2024-11-01,1875.55743333,-48.3050628097,-48.3050628097
0117.3,Dried vegetables,2024-12-01,1292.01029303,-31.1132642451,-31.1132642451
0117.3,Dried vegetables,2025-01-01,598.219646082,-53.6985386797,-53.6985386797
0117.3,Dried vegetables,2025-02-01,210.204119338,-64.8617158072,-64.8617158072
0117.3,Dried vegetables,2025-03-01,509.119883502,142.20261958,142.20261958
0117.3,Dried vegetables,2025-04-01,1428.74558615,180.630482613,180.630482613
0117.3,Dried vegetables,2025-05-01,3910.47126965,173.699622071,173.699622071
0117.3,Dried vegetables,2025-06-01,9310.83717701,138.100130009,138.100130009
0117.3,Dried vegetables,2025-07-01,7424.92448708,-20.2550281364,-20.2550281364
0117.3,Dried vegetables,2025-08-01,3305.87568521,-55.4759689346,-55.4759689346
0117.3,Dried vegetables,2025-09-01,2288.71003602,-30.768417994,-30.768417994
0117.3,Dried vegetables,2025-10-01,814.527558887,-64.4110636093,-64.4110636093
0117.3,Dried vegetables,2025-11-01,184.970094573,-77.291118937,-77.291118937
0117.3,Dried vegetables,2025-12-01,123.111327685,-33.4425773155,-33.4425773155
0117.3,Dried vegetables,2026-01-01,133.391196864,8.35005955381,8.35005955381
0117.3,Dried vegetables,2026-02-01,127.849680072,-4.15433471074,-4.15433471074
0117.4,Dried pluses,2022-12-01,88.7458481676,,
0117.4,Dried pluses,2023-01-01,89.8833761832,1.28178167103,1.28178167103
0117.4,Dried pluses,2023-02-01,89.3108873335,-0.636924060887,-0.636924060887
0117.4,Dried pluses,2023-03-01,89.6869535966,0.421075497336,0.421075497336
0117.4,Dried pluses,2023-04-01,90.7682566816,1.20564144694,1.20564144694
0117.4,Dried pluses,2023-05-01,91.1450629957,0.415130055238,0.415130055238
0117.4,Dried pluses,2023-06-01,89.2720082423,-2.05502601217,-2.05502601217
0117.4,Dried pluses,2023-07-01,89.5092904321,0.265796854357,0.265796854357
0117.4,Dried pluses,2023-08-01,90.1634638663,0.730844173941,0.730844173941
0117.4,Dried pluses,2023-09-01,92.9057632097,3.04147514496,3.04147514496
0117.4,Dried pluses,2023-10-01,92.4119132901,-0.531560048019,-0.531560048019
0117.4,Dried pluses,2023-11-01,112.45858688,21.6927373069,21.6927373069
0117.4,Dried pluses,2023-12-01,196.393613626,74.6363875577,74.6363875577
0117.4,Dried pluses,2024-01-01,240.121040979,22.2651982134,22.2651982134
0117.4,Dried pluses,2024-02-01,200.83854993,-16.3594539191,-16.3594539191
0117.4,Dried pluses,2024-03-01,201.254835881,0.207273927705,0.207273927705
0117.4,Dried pluses,2024-04-01,181.249142998,-9.94047809854,-9.94047809854
0117.4,Dried pluses,2024-05-01,175.440960405,-3.20452968569,-3.20452968569
0117.4,Dried pluses,2024-06-01,134.563100629,-23.3000661202,-23.3000661202
0117.4,Dried pluses,2024-07-01,114.004554542,-15.2779967101,-15.2779967101
0117.4,Dried pluses,2024-08-01,101.09882267,-11.3203651585,-11.3203651585
0117.4,Dried pluses,2024-09-01,95.2544168948,-5.78088411047,-5.78088411047
0117.4,Dried pluses,2024-10-01,252.630255357,165.216316043,165.216316043
0117.4,Dried pluses,2024-11-01,363.56755562,43.9129114233,43.9129114233
0117.4,Dried pluses,2024-12-01,369.622189638,1.66533947384,1.66533947384
0117.4,Dried pluses,2025-01-01,217.109090801,-41.2618893325,-41.2618893325
0117.4,Dried pluses,2025-02-01,94.4018833887,-56.5186869697,-56.5186869697
0117.4,Dried pluses,2025-03-01,91.3226905599,-3.26179173365,-3.26179173365
0117.4,Dried pluses,2025-04-01,230.256750635,152.135311852,152.135311852
0117.4,Dried pluses,2025-05-01,443.466139819,92.5963684437,92.5963684437
0117.4,Dried pluses,2025-06-01,595.203985158,34.2163316914,34.2163316914
0117.4,Dried pluses,2025-07-01,544.477281407,-8.52257461588,-8.52257461588
0117.4,Dried pluses,2025-08-01,347.196318633,-36.2330935579,-36.2330935579
0117.4,Dried pluses,2025-09-01,150.383051845,-56.6864497766,-56.6864497766
0117.4,Dried pluses,2025-10-01,173.462996454,15.3474373115,15.3474373115
0117.4,Dried pluses,2025-11-01,110.639301884,-36.2173465548,-36.2173465548
0117.4,Dried pluses,2025-12-01,89.2046021305,-19.3734951218,-19.3734951218
0117.4,Dried pluses,2026-01-01,73.1805477552,-17.9632597339,-17.9632597339
0117.4,Dried pluses,2026-02-01,64.9292864587,-11.2752111723,-11.2752111723
0117.5,Potatoes and other tubers,2022-12-01,153.450948247,,
0117.5,Potatoes and other tubers,2023-01-01,94.3572921142,-38.5098018668,-38.5098018668
0117.5,Potatoes and other tubers,2023-02-01,96.4911958075,2.26151434147,2.26151434147
0117.5,Potatoes and other tubers,2023-03-01,92.2604159078,-4.38462790754,-4.38462790754
0117.5,Potatoes and other tubers,2023-04-01,99.1714392095,7.4907783947,7.4907783947
0117.5,Potatoes and other tubers,2023-05-01,83.3732522711,-15.9301781484,-15.9301781484
0117.5,Potatoes and other tubers,2023-06-01,95.6588008895,14.7355995882,14.7355995882
0117.5,Potatoes and other tubers,2023-07-01,104.582839371,9.32903026031,9.32903026031
0117.5,Potatoes and other tubers,2023-08-01,122.896463287,17.5111175272,17.5111175272
0117.5,Potatoes and other tubers,2023-09-01,124.892577525,1.62422431447,1.62422431447
0117.5,Potatoes and other tubers,2023-10-01,161.730817569,29.4959402508,29.4959402508
0117.5,Potatoes and other tubers,2023-11-01,273.969655916,69.3985475578,69.3985475578
0117.5,Potatoes and other tubers,2023-12-01,647.564641256,136.363636364,136.363636364
0117.5,Potatoes and other tubers,2024-01-01,473.220314764,-26.9230769231,-26.9230769231
0117.5,Potatoes and other tubers,2024-02-01,431.709760837,-8.77192982456,-8.77192982456
0117.5,Potatoes and other tubers,2024-03-01,647.564641256,50,50
0117.5,Potatoes and other tubers,2024-04-01,597.751976544,-7.69230769231,-7.69230769231
0117.5,Potatoes and other tubers,2024-05-01,581.147754973,-2.77777777778,-2.77777777778
0117.5,Potatoes and other tubers,2024-06-01,379.821568429,-34.6428571429,-34.6428571429
0117.5,Potatoes and other tubers,2024-07-01,423.407650052,11.4754098361,11.4754098361
0117.5,Potatoes and other tubers,2024-08-01,584.968693869,38.1573275299,38.1573275299
0117.5,Potatoes and other tubers,2024-09-01,1720.76071224,194.162872351,194.162872351
0117.5,Potatoes and other tubers,2024-10-01,3282.84619169,90.778774082,90.778774082
0117.5,Potatoes and other tubers,2024-11-01,2550.67528681,-22.3029305098,-22.3029305098
0117.5,Potatoes and other tubers,2024-12-01,1743.44326492,-31.6477768091,-31.6477768091
0117.5,Potatoes and other tubers,2025-01-01,800.115926936,-54.1071428571,-54.1071428571
0117.5,Potatoes and other tubers,2025-02-01,283.309530549,-64.5914396887,-64.5914396887
0117.5,Potatoes and other tubers,2025-03-01,1259.84531167,344.688644689,344.688644689
0117.5,Potatoes and other tubers,2025-04-01,2679.92136151,112.718286656,112.718286656
0117.5,Potatoes and other tubers,2025-05-01,1848.04986081,-31.0408921933,-31.0408921933
0117.5,Potatoes and other tubers,2025-06-01,4012.68687958,117.130877508,117.130877508
0117.5,Potatoes and other tubers,2025-07-01,2198.87334229,-45.2019704433,-45.2019704433
0117.5,Potatoes and other tubers,2025-08-01,1757.67545484,-20.0647249191,-20.0647249191
0117.5,Potatoes and other tubers,2025-09-01,1584.04273784,-9.87854251012,-9.87854251012
0117.5,Potatoes and other tubers,2025-10-01,810.286012648,-48.8469601677,-48.8469601677
0117.5,Potatoes and other tubers,2025-11-01,247.14745184,-69.498738966,-69.498738966
0117.5,Potatoes and other tubers,2025-12-01,157.101481015,-36.4341085271,-36.4341085271
0117.5,Potatoes and other tubers,2026-01-01,182.271008358,16.0211903674,16.0211903674
0117.5,Potatoes and other tubers,2026-02-01,189.645074116,4.04566026376,4.04566026376
01171,"Leafy or stem vegetables, fresh or chilled",2022-12-01,129.946605932,,
01171,"Leafy or stem vegetables, fresh or chilled",2023-01-01,107.827407921,-17.0217589385,-17.0217589385
01171,"Leafy or stem vegetables, fresh or chilled",2023-02-01,99.226731399,-7.97633615443,-7.97633615443
01171,"Leafy or stem vegetables, fresh or chilled",2023-03-01,103.278158048,4.08299919969,4.08299919969
01171,"Leafy or stem vegetables, fresh or chilled",2023-04-01,105.538142768,2.18825041278,2.18825041278
01171,"Leafy or stem vegetables, fresh or chilled",2023-05-01,112.943102404,7.01638236425,7.01638236425
01171,"Leafy or stem vegetables, fresh or chilled",2023-06-01,116.988695804,3.58197474116,3.58197474116
01171,"Leafy or stem vegetables, fresh or chilled",2023-07-01,113.557328238,-2.93307617658,-2.93307617658
01171,"Leafy or stem vegetables, fresh or chilled",2023-08-01,147.260221375,29.6791881765,29.6791881765
01171,"Leafy or stem vegetables, fresh or chilled",2023-09-01,154.60787452,4.98957089482,4.98957089482
01171,"Leafy or stem vegetables, fresh or chilled",2023-10-01,244.230580041,57.9677495723,57.9677495723
01171,"Leafy or stem vegetables, fresh or chilled",2023-11-01,204.362474365,-16.3239614256,-16.3239614256
01171,"Leafy or stem vegetables, fresh or chilled",2023-12-01,288.952874266,41.3923349499,41.3923349499
01171,"Leafy or stem vegetables, fresh or chilled",2024-01-01,504.674376038,74.6562920751,74.6562920751
01171,"Leafy or stem vegetables, fresh or chilled",2024-02-01,581.437974306,15.2105202706,15.2105202706
01171,"Leafy or stem vegetables, fresh or chilled",2024-03-01,838.948084737,44.2884919477,44.2884919477
01171,"Leafy or stem vegetables, fresh or chilled",2024-04-01,615.042281782,-26.6888746787,-26.6888746787
01171,"Leafy or stem vegetables, fresh or chilled",2024-05-01,564.950578979,-8.14443238895,-8.14443238895
01171,"Leafy or stem vegetables, fresh or chilled",2024-06-01,545.341042421,-3.47101804789,-3.47101804789
01171,"Leafy or stem vegetables, fresh or chilled",2024-07-01,537.968582039,-1.35189905177,-1.35189905177
01171,"Leafy or stem vegetables, fresh or chilled",2024-08-01,537.968582039,0,0
01171,"Leafy or stem vegetables, fresh or chilled",2024-09-01,537.968582039,0,0
01171,"Leafy or stem vegetables, fresh or chilled",2024-10-01,633.935404588,17.8387410998,17.8387410998
01171,"Leafy or stem vegetables, fresh or chilled",2024-11-01,1074.93669911,69.5656515369,69.5656515369
01171,"Leafy or stem vegetables, fresh or chilled",2024-12-01,892.409020789,-16.9803187922,-16.9803187922
01171,"Leafy or stem vegetables, fresh or chilled",2025-01-01,547.780014145,-38.6178309066,-38.6178309066
01171,"Leafy or stem vegetables, fresh or chilled",2025-02-01,276.979517305,-49.4359943495,-49.4359943495
01171,"Leafy or stem vegetables, fresh or chilled",2025-03-01,509.991151926,84.1259443616,84.1259443616
01171,"Leafy or stem vegetables, fresh or chilled",2025-04-01,1138.54338724,123.24767458,123.24767458
01171,"Leafy or stem vegetables, fresh or chilled",2025-05-01,1158.57540336,1.75944248983,1.75944248983
01171,"Leafy or stem vegetables, fresh or chilled",2025-06-01,1158.57540336,0,0
01171,"Leafy or stem vegetables, fresh or chilled",2025-07-01,1158.57540336,0,0
01171,"Leafy or stem vegetables, fresh or chilled",2025-08-01,1158.57540336,0,0
01171,"Leafy or stem vegetables, fresh or chilled",2025-09-01,1158.57540336,0,0
01171,"Leafy or stem vegetables, fresh or chilled",2025-10-01,758.088770266,-34.5671616997,-34.5671616997
01171,"Leafy or stem vegetables, fresh or chilled",2025-11-01,409.187346988,-46.0238216107,-46.0238216107
01171,"Leafy or stem vegetables, fresh or chilled",2025-12-01,332.406057919,-18.7643361004,-18.7643361004
01171,"Leafy or stem vegetables, fresh or chilled",2026-01-01,367.081670562,10.431702978,10.431702978
01171,"Leafy or stem vegetables, fresh or chilled",2026-02-01,274.309147168,-25.2729925884,-25.2729925884
011712,Cabbages,2022-12-01,139.047778428,,
011712,Cabbages,2023-01-01,115.846899868,-16.6855442226,-16.6855442226
011712,Cabbages,2023-02-01,108.776003402,-6.10365618256,-6.10365618256
011712,Cabbages,2023-03-01,108.995607354,0.201886395269,0.201886395269
011712,Cabbages,2023-04-01,107.053365421,-1.78194514447,-1.78194514447
011712,Cabbages,2023-05-01,98.328378656,-8.15012842526,-8.15012842526
011712,Cabbages,2023-06-01,100.852015478,2.56653964664,2.56653964664
011712,Cabbages,2023-07-01,99.5822030593,-1.25908482121,-1.25908482121
011712,Cabbages,2023-08-01,162.036751279,62.7165761564,62.7165761564
011712,Cabbages,2023-09-01,163.170620558,0.699760560069,0.699760560069
011712,Cabbages,2023-10-01,256.751371085,57.3514706309,57.3514706309
011712,Cabbages,2023-11-01,233.833216749,-8.92620523868,-8.92620523868
011712,Cabbages,2023-12-01,347.604838,48.6550297828,48.6550297828
011712,Cabbages,2024-01-01,442.062674413,27.1739130435,27.1739130435
011712,Cabbages,2024-02-01,544.077137739,23.0769230769,23.0769230769
011712,Cabbages,2024-03-01,1020.14463326,87.5,87.5
011712,Cabbages,2024-04-01,691.431362543,-32.2222222222,-32.2222222222
011712,Cabbages,2024-05-01,589.416899217,-14.7540983607,-14.7540983607
011712,Cabbages,2024-06-01,487.402435891,-17.3076923077,-17.3076923077
011712,Cabbages,2024-07-01,532.742197369,9.3023255814,9.3023255814
011712,Cabbages,2024-08-01,532.742197369,0,0
011712,Cabbages,2024-09-01,532.742197369,0,0
011712,Cabbages,2024-10-01,532.742197369,0,0
011712,Cabbages,2024-11-01,1284.62657522,141.134751773,141.134751773
011712,Cabbages,2024-12-01,1059.30169999,-17.5401069519,-17.5401069519
011712,Cabbages,2025-01-01,671.028469878,-36.6536964981,-36.6536964981
011712,Cabbages,2025-02-01,325.879535625,-51.4358108108,-51.4358108108
011712,Cabbages,2025-03-01,541.243402646,66.0869565217,66.0869565217
011712,Cabbages,2025-04-01,1042.814514,92.6701570681,92.6701570681
011712,Cabbages,2025-05-01,989.918125608,-5.07246376812,-5.07246376812
011712,Cabbages,2025-06-01,989.918125608,0,0
011712,Cabbages,2025-07-01,989.918125608,0,0
011712,Cabbages,2025-08-01,989.918125608,0,0
011712,Cabbages,2025-09-01,989.918125608,0,0
011712,Cabbages,2025-10-01,453.397614782,-54.1984732824,-54.1984732824
011712,Cabbages,2025-11-01,427.489179652,-5.71428571429,-5.71428571429
011712,Cabbages,2025-12-01,343.826524543,-19.5707070707,-19.5707070707
011712,Cabbages,2026-01-01,449.275818284,30.6693306693,30.6693306693
011712,Cabbages,2026-02-01,296.769347858,-33.9449541284,-33.9449541284
011713,Cauliflowers and broccoli,2022-12-01,125.922689362,,
011713,Cauliflowers and broccoli,2023-01-01,105.791030829,-15.9873162137,-15.9873162137
011713,Cauliflowers and broccoli,2023-02-01,94.8340894161,-10.3571553534,-10.3571553534
011713,Cauliflowers and broccoli,2023-03-01,101.743617669,7.28591194907,7.28591194907
011713,Cauliflowers and broccoli,2023-04-01,105.416279218,3.60972180256,3.60972180256
011713,Cauliflowers and broccoli,2023-05-01,129.301411253,22.6579160372,22.6579160372
011713,Cauliflowers and broccoli,2023-06-01,138.561548803,7.16166781158,7.16166781158
011713,Cauliflowers and broccoli,2023-07-01,130.159335141,-6.06388549702,-6.06388549702
011713,Cauliflowers and broccoli,2023-08-01,165.5248504,27.1709403104,27.1709403104
011713,Cauliflowers and broccoli,2023-09-01,185.001727411,11.7667389299,11.7667389299
011713,Cauliflowers and broccoli,2023-10-01,265.959937091,43.7607858121,43.7607858121
011713,Cauliflowers and broccoli,2023-11-01,174.339140771,-34.4490968537,-34.4490968537
011713,Cauliflowers and broccoli,2023-12-01,305.093496349,75,75
011713,Cauliflowers and broccoli,2024-01-01,403.159263032,32.1428571429,32.1428571429
011713,Cauliflowers and broccoli,2024-02-01,523.017422312,29.7297297297,29.7297297297
011713,Cauliflowers and broccoli,2024-03-01,784.526133468,50,50
011713,Cauliflowers and broccoli,2024-04-01,631.979385294,-19.4444444444,-19.4444444444
011713,Cauliflowers and broccoli,2024-05-01,588.394600101,-6.89655172414,-6.89655172414
011713,Cauliflowers and broccoli,2024-06-01,631.979385294,7.40740740741,7.40740740741
011713,Cauliflowers and broccoli,2024-07-01,566.602207505,-10.3448275862,-10.3448275862
011713,Cauliflowers and broccoli,2024-08-01,566.602207505,0,0
011713,Cauliflowers and broccoli,2024-09-01,566.602207505,0,0
011713,Cauliflowers and broccoli,2024-10-01,566.602207505,0,0
011713,Cauliflowers and broccoli,2024-11-01,1089.61962982,92.3076923077,92.3076923077
011713,Cauliflowers and broccoli,2024-12-01,935.091755043,-14.1818181818,-14.1818181818
011713,Cauliflowers and broccoli,2025-01-01,655.587810606,-29.8905367232,-29.8905367232
011713,Cauliflowers and broccoli,2025-02-01,326.885888945,-50.1385041551,-50.1385041551
011713,Cauliflowers and broccoli,2025-03-01,581.130469236,77.7777777778,77.7777777778
011713,Cauliflowers and broccoli,2025-04-01,1198.5815928,106.25,106.25
011713,Cauliflowers and broccoli,2025-05-01,1307.54355578,9.09090909091,9.09090909091
011713,Cauliflowers and broccoli,2025-06-01,1307.54355578,0,0
011713,Cauliflowers and broccoli,2025-07-01,1307.54355578,0,0
011713,Cauliflowers and broccoli,2025-08-01,1307.54355578,0,0
011713,Cauliflowers and broccoli,2025-09-01,1307.54355578,0,0
011713,Cauliflowers and broccoli,2025-10-01,598.874911044,-54.1984732824,-54.1984732824
011713,Cauliflowers and broccoli,2025-11-01,457.640244523,-23.5833333333,-23.5833333333
011713,Cauliflowers and broccoli,2025-12-01,366.112195618,-20,-20
011713,Cauliflowers and broccoli,2026-01-01,412.074332731,12.5541125541,12.5541125541
011713,Cauliflowers and broccoli,2026-02-01,323.253823512,-21.5544871795,-21.5544871795
011714,Lettuce and chicory,2022-12-01,116.529470923,,
011714,Lettuce and chicory,2023-01-01,93.9479468173,-19.3783803588,-19.3783803588
011714,Lettuce and chicory,2023-02-01,96.1650140392,2.35988895663,2.35988895663
011714,Lettuce and chicory,2023-03-01,100.220271854,4.21697834191,4.21697834191
011714,Lettuce and chicory,2023-04-01,108.136594283,7.8989233246,7.89892332461
011714,Lettuce and chicory,2023-05-01,104.831685837,-3.05623500371,-3.05623500371
011714,Lettuce and chicory,2023-06-01,103.511765993,-1.25908482121,-1.25908482121
011714,Lettuce and chicory,2023-07-01,102.078162146,-1.38496704528,-1.38496704528
011714,Lettuce and chicory,2023-08-01,102.078162146,0,0
011714,Lettuce and chicory,2023-09-01,105.684543591,3.5329607913,3.5329607913
011714,Lettuce and chicory,2023-10-01,169.670498051,60.5442880166,60.5442880166
011714,Lettuce and chicory,2023-11-01,169.670498051,0,0
011714,Lettuce and chicory,2023-12-01,169.670498051,0,0
011714,Lettuce and chicory,2024-01-01,169.670498051,0,0
011714,Lettuce and chicory,2024-02-01,169.670498051,0,0
011714,Lettuce and chicory,2024-03-01,169.670498051,0,0
011714,Lettuce and chicory,2024-04-01,169.670498051,0,0
011714,Lettuce and chicory,2024-05-01,169.670498051,0,0
011714,Lettuce and chicory,2024-06-01,169.670498051,0,0
011714,Lettuce and chicory,2024-07-01,169.670498051,0,0
011714,Lettuce and chicory,2024-08-01,169.670498051,0,0
011714,Lettuce and chicory,2024-09-01,169.670498051,0,0
011714,Lettuce and chicory,2024-10-01,169.670498051,0,0
011714,Lettuce and chicory,2024-11-01,169.670498051,0,0
011714,Lettuce and chicory,2024-12-01,169.670498051,0,0
011714,Lettuce and chicory,2025-01-01,169.670498051,0,0
011714,Lettuce and chicory,2025-02-01,169.670498051,0,0
011714,Lettuce and chicory,2025-03-01,492.81439442,190.453791366,190.453791366
011714,Lettuce and chicory,2025-04-01,492.81439442,0,0
011714,Lettuce and chicory,2025-05-01,492.81439442,0,0
011714,Lettuce and chicory,2025-06-01,492.81439442,0,0
011714,Lettuce and chicory,2025-07-01,492.81439442,0,0
011714,Lettuce and chicory,2025-08-01,492.81439442,0,0
011714,Lettuce and chicory,2025-09-01,492.81439442,0,0
011714,Lettuce and chicory,2025-10-01,225.716516528,-54.1984732824,-54.1984732824
011714,Lettuce and chicory,2025-11-01,172.485038047,-23.5833333333,-23.5833333333
011714,Lettuce and chicory,2025-12-01,137.988030438,-20,-20
011714,Lettuce and chicory,2026-01-01,155.31120309,12.5541125541,12.5541125541
011714,Lettuce and chicory,2026-02-01,121.834669732,-21.5544871795,-21.5544871795
011715,Spinach,2022-12-01,125.658358186,,
011715,Spinach,2023-01-01,102.392902484,-18.5148493406,-18.5148493406
011715,Spinach,2023-02-01,93.2422332003,-8.93681989863,-8.93681989863
011715,Spinach,2023-03-01,98.4515573211,5.5868718948,5.5868718948
011715,Spinach,2023-04-01,103.357687553,4.98329367831,4.98329367831
011715,Spinach,2023-05-01,111.478547252,7.8570446872,7.8570446872
011715,Spinach,2023-06-01,111.478547252,0,0
011715,Spinach,2023-07-01,111.478547252,0,0
011715,Spinach,2023-08-01,111.478547252,0,0
011715,Spinach,2023-09-01,111.478547252,0,0
011715,Spinach,2023-10-01,211.35480105,89.5923532016,89.5923532016
011715,Spinach,2023-11-01,211.35480105,0,0
011715,Spinach,2023-12-01,211.35480105,0,0
011715,Spinach,2024-01-01,769.497148681,264.078386135,264.078386135
011715,Spinach,2024-02-01,769.497148681,0,0
011715,Spinach,2024-03-01,782.322101159,1.66666666667,1.66666666667
011715,Spinach,2024-04-01,564.297909033,-27.868852459,-27.868852459
011715,Spinach,2024-05-01,564.297909033,0,0
011715,Spinach,2024-06-01,564.297909033,0,0
011715,Spinach,2024-07-01,564.297909033,0,0
011715,Spinach,2024-08-01,564.297909033,0,0
011715,Spinach,2024-09-01,564.297909033,0,0
011715,Spinach,2024-10-01,923.396578417,63.6363636364,63.6363636364
011715,Spinach,2024-11-01,928.0601975,0.505050505051,0.505050505051
011715,Spinach,2024-12-01,735.297275406,-20.770519263,-20.770519263
011715,Spinach,2025-01-01,307.798859472,-58.1395348837,-58.1395348837
011715,Spinach,2025-02-01,165.80831418,-46.130952381,-46.130952381
011715,Spinach,2025-03-01,379.618593349,128.950276243,128.950276243
011715,Spinach,2025-04-01,1282.4952478,237.837837838,237.837837838
011715,Spinach,2025-05-01,1282.4952478,0,0
011715,Spinach,2025-06-01,1282.4952478,0,0
011715,Spinach,2025-07-01,1282.4952478,0,0
011715,Spinach,2025-08-01,1282.4952478,0,0
011715,Spinach,2025-09-01,1282.4952478,0,0
011715,Spinach,2025-10-01,1438.47439956,12.1621621622,12.1621621622
011715,Spinach,2025-11-01,359.098669385,-75.0361445783,-75.0361445783
011715,Spinach,2025-12-01,303.852720248,-15.3846153846,-15.3846153846
011715,Spinach,2026-01-01,235.979125596,-22.3376623377,-22.3376623377
011715,Spinach,2026-02-01,205.199239648,-13.0434782609,-13.0434782609
01172,"Fruit-bearing vegetables, fresh or chilled",2022-12-01,114.4655112,,
01172,"Fruit-bearing vegetables, fresh or chilled",2023-01-01,104.815576633,-8.43042979988,-8.43042979988
01172,"Fruit-bearing vegetables, fresh or chilled",2023-02-01,119.125437435,13.6524181441,13.6524181441
01172,"Fruit-bearing vegetables, fresh or chilled",2023-03-01,121.448523648,1.95011767676,1.95011767676
01172,"Fruit-bearing vegetables, fresh or chilled",2023-04-01,118.355734621,-2.54658429283,-2.54658429283
01172,"Fruit-bearing vegetables, fresh or chilled",2023-05-01,94.8968495784,-19.8206577125,-19.8206577125
01172,"Fruit-bearing vegetables, fresh or chilled",2023-06-01,87.0260486653,-8.29405923171,-8.29405923171
01172,"Fruit-bearing vegetables, fresh or chilled",2023-07-01,103.392831807,18.8067634837,18.8067634837
01172,"Fruit-bearing vegetables, fresh or chilled",2023-08-01,109.555013301,5.95996974448,5.95996974448
01172,"Fruit-bearing vegetables, fresh or chilled",2023-09-01,130.12901354,18.7796063547,18.7796063547
01172,"Fruit-bearing vegetables, fresh or chilled",2023-10-01,175.896489635,35.1708468764,35.1708468764
01172,"Fruit-bearing vegetables, fresh or chilled",2023-11-01,168.076942264,-4.44553918416,-4.44553918416
01172,"Fruit-bearing vegetables, fresh or chilled",2023-12-01,243.486992822,44.8663865141,44.8663865141
01172,"Fruit-bearing vegetables, fresh or chilled",2024-01-01,250.60679228,2.92409848083,2.92409848083
01172,"Fruit-bearing vegetables, fresh or chilled",2024-02-01,370.199302509,47.7211767253,47.7211767253
01172,"Fruit-bearing vegetables, fresh or chilled",2024-03-01,487.787673215,31.7635311326,31.7635311326
01172,"Fruit-bearing vegetables, fresh or chilled",2024-04-01,412.342763917,-15.4667519169,-15.4667519169
01172,"Fruit-bearing vegetables, fresh or chilled",2024-05-01,366.381188239,-11.1464489498,-11.1464489498
01172,"Fruit-bearing vegetables, fresh or chilled",2024-06-01,358.765517538,-2.07861946659,-2.07861946659
01172,"Fruit-bearing vegetables, fresh or chilled",2024-07-01,372.505509776,3.82979733726,3.82979733726
01172,"Fruit-bearing vegetables, fresh or chilled",2024-08-01,598.95652441,60.7913195081,60.7913195081
01172,"Fruit-bearing vegetables, fresh or chilled",2024-09-01,1560.43736481,160.525981638,160.525981638
01172,"Fruit-bearing vegetables, fresh or chilled",2024-10-01,1927.3999528,23.5166496439,23.5166496439
01172,"Fruit-bearing vegetables, fresh or chilled",2024-11-01,1817.59095328,-5.69726067269,-5.69726067269
01172,"Fruit-bearing vegetables, fresh or chilled",2024-12-01,1678.66351785,-7.64349289842,-7.64349289842
01172,"Fruit-bearing vegetables, fresh or chilled",2025-01-01,800.881826475,-52.2905086123,-52.2905086123
01172,"Fruit-bearing vegetables, fresh or chilled",2025-02-01,405.656757666,-49.3487373223,-49.3487373223
01172,"Fruit-bearing vegetables, fresh or chilled",2025-03-01,599.48540106,47.7814407703,47.7814407703
01172,"Fruit-bearing vegetables, fresh or chilled",2025-04-01,941.314592225,57.0204362876,57.0204362876
01172,"Fruit-bearing vegetables, fresh or chilled",2025-05-01,1179.06611886,25.2573930749,25.2573930749
01172,"Fruit-bearing vegetables, fresh or chilled",2025-06-01,1745.41341762,48.0335487306,48.0335487306
01172,"Fruit-bearing vegetables, fresh or chilled",2025-07-01,2237.86452616,28.2140095617,28.2140095617
01172,"Fruit-bearing vegetables, fresh or chilled",2025-08-01,2416.16293932,7.96734614964,7.96734614964
01172,"Fruit-bearing vegetables, fresh or chilled",2025-09-01,1893.02414323,-21.6516356398,-21.6516356398
01172,"Fruit-bearing vegetables, fresh or chilled",2025-10-01,991.154606177,-47.6417345379,-47.6417345379
01172,"Fruit-bearing vegetables, fresh or chilled",2025-11-01,450.140229113,-54.5842569557,-54.5842569557
01172,"Fruit-bearing vegetables, fresh or chilled",2025-12-01,372.229992839,-17.3079923178,-17.3079923178
01172,"Fruit-bearing vegetables, fresh or chilled",2026-01-01,391.337542532,5.13326439585,5.13326439585
01172,"Fruit-bearing vegetables, fresh or chilled",2026-02-01,403.959213717,3.22526458973,3.22526458973
011721,"Chillies and peppers, green",2022-12-01,97.6142541351,,
011721,"Chillies and peppers, green",2023-01-01,106.711088958,9.31916645073,9.31916645073
011721,"Chillies and peppers, green",2023-02-01,154.553718517,44.833793776,44.833793776
011721,"Chillies and peppers, green",2023-03-01,174.537575015,12.9300392705,12.9300392705
011721,"Chillies and peppers, green",2023-04-01,173.35414891,-0.678035148021,-0.678035148021
011721,"Chillies and peppers, green",2023-05-01,120.30613642,-30.6009477269,-30.6009477269
011721,"Chillies and peppers, green",2023-06-01,87.663053311,-27.1333483729,-27.1333483729
011721,"Chillies and peppers, green",2023-07-01,98.0264558966,11.821859032,11.821859032
011721,"Chillies and peppers, green",2023-08-01,100.880153281,2.91115021836,2.91115021836
011721,"Chillies and peppers, green",2023-09-01,120.184851218,19.1362694331,19.1362694331
011721,"Chillies and peppers, green",2023-10-01,208.607581225,73.5722756327,73.5722756327
011721,"Chillies and peppers, green",2023-11-01,185.763841512,-10.9505798297,-10.9505798297
011721,"Chillies and peppers, green",2023-12-01,269.321550634,44.9806100272,44.9806100272
011721,"Chillies and peppers, green",2024-01-01,386.209278262,43.4008074561,43.4008074561
011721,"Chillies and peppers, green",2024-02-01,510.263033356,32.1208634997,32.1208634997
011721,"Chillies and peppers, green",2024-03-01,610.401723891,19.6249157766,19.6249157766
011721,"Chillies and peppers, green",2024-04-01,461.932418243,-24.3232120482,-24.3232120482
011721,"Chillies and peppers, green",2024-05-01,367.725323441,-20.3941293318,-20.3941293318
011721,"Chillies and peppers, green",2024-06-01,377.995009407,2.79276006066,2.79276006066
011721,"Chillies and peppers, green",2024-07-01,568.976441473,50.524855438,50.524855438
011721,"Chillies and peppers, green",2024-08-01,583.347411934,2.52575843459,2.52575843459
011721,"Chillies and peppers, green",2024-09-01,2669.21888428,357.569336843,357.569336843
011721,"Chillies and peppers, green",2024-10-01,1804.36772035,-32.4009083341,-32.4009083341
011721,"Chillies and peppers, green",2024-11-01,1268.12066791,-29.7193884812,-29.7193884812
011721,"Chillies and peppers, green",2024-12-01,1250.27113592,-1.40755784848,-1.40755784848
011721,"Chillies and peppers, green",2025-01-01,926.757721998,-25.8754605002,-25.8754605002
011721,"Chillies and peppers, green",2025-02-01,460.343382814,-50.3275374041,-50.3275374041
011721,"Chillies and peppers, green",2025-03-01,864.685860447,87.8349711822,87.8349711822
011721,"Chillies and peppers, green",2025-04-01,1195.25643811,38.2301356813,38.2301356813
011721,"Chillies and peppers, green",2025-05-01,1088.27850951,-8.95020726875,-8.95020726875
011721,"Chillies and peppers, green",2025-06-01,1544.95710815,41.963393989,41.963393989
011721,"Chillies and peppers, green",2025-07-01,1405.36995029,-9.03501832696,-9.03501832696
011721,"Chillies and peppers, green",2025-08-01,2134.57703275,51.8871975537,51.8871975537
011721,"Chillies and peppers, green",2025-09-01,2683.81508945,25.730533416,25.730533416
011721,"Chillies and peppers, green",2025-10-01,877.429273451,-67.3066420671,-67.3066420671
011721,"Chillies and peppers, green",2025-11-01,429.000931328,-51.1070642035,-51.1070642035
011721,"Chillies and peppers, green",2025-12-01,367.912635247,-14.2396651428,-14.2396651428
011721,"Chillies and peppers, green",2026-01-01,566.242793703,53.9068625144,53.9068625144
011721,"Chillies and peppers, green",2026-02-01,433.681591863,-23.4106647033,-23.4106647033
011722,Cucumbers and gherkins,2022-12-01,147.016677806,,
011722,Cucumbers and gherkins,2023-01-01,143.006746705,-2.72753483523,-2.72753483523
011722,Cucumbers and gherkins,2023-02-01,162.587920729,13.6924826806,13.6924826806
011722,Cucumbers and gherkins,2023-03-01,166.542831921,2.43247541035,2.43247541035
011722,Cucumbers and gherkins,2023-04-01,159.994263178,-3.93206280211,-3.93206280211
011722,Cucumbers and gherkins,2023-05-01,119.95658034,-25.0244490288,-25.0244490288
011722,Cucumbers and gherkins,2023-06-01,120.729905958,0.644671276656,0.644671276656
011722,Cucumbers and gherkins,2023-07-01,93.6824189794,-22.4033032776,-22.4033032776
011722,Cucumbers and gherkins,2023-08-01,122.034281516,30.2638027989,30.2638027989
011722,Cucumbers and gherkins,2023-09-01,178.791889663,46.5095606264,46.5095606264
011722,Cucumbers and gherkins,2023-10-01,190.240938006,6.40356134958,6.40356134958
011722,Cucumbers and gherkins,2023-11-01,214.657370422,12.8344785679,12.8344785679
011722,Cucumbers and gherkins,2023-12-01,272.932683063,27.1480604309,27.1480604309
011722,Cucumbers and gherkins,2024-01-01,293.477119027,7.52729051477,7.52729051477
011722,Cucumbers and gherkins,2024-02-01,270.45133951,-7.84585169502,-7.84585169502
011722,Cucumbers and gherkins,2024-03-01,443.104244996,63.838805827,63.838805827
011722,Cucumbers and gherkins,2024-04-01,346.018627439,-21.9103334381,-21.9103334381
011722,Cucumbers and gherkins,2024-05-01,361.132185204,4.36784512937,4.36784512937
011722,Cucumbers and gherkins,2024-06-01,395.694967107,9.57067337644,9.57067337644
011722,Cucumbers and gherkins,2024-07-01,344.450545676,-12.9504860286,-12.9504860286
011722,Cucumbers and gherkins,2024-08-01,496.671434717,44.1923785437,44.1923785437
011722,Cucumbers and gherkins,2024-09-01,561.256226134,13.0035244434,13.0035244434
011722,Cucumbers and gherkins,2024-10-01,565.787120525,0.807277350397,0.807277350397
011722,Cucumbers and gherkins,2024-11-01,1226.85550821,116.84048005,116.84048005
011722,Cucumbers and gherkins,2024-12-01,1223.58767759,-0.266358230322,-0.266358230322
011722,Cucumbers and gherkins,2025-01-01,959.069129022,-21.6182749639,-21.6182749639
011722,Cucumbers and gherkins,2025-02-01,759.847037852,-20.7724433142,-20.7724433142
011722,Cucumbers and gherkins,2025-03-01,778.244185035,2.42116455899,2.42116455899
011722,Cucumbers and gherkins,2025-04-01,963.836795255,23.8476064182,23.8476064182
011722,Cucumbers and gherkins,2025-05-01,1282.63837454,33.0763030479,33.0763030479
011722,Cucumbers and gherkins,2025-06-01,2149.80261756,67.6078511478,67.6078511478
011722,Cucumbers and gherkins,2025-07-01,2791.68025577,29.8575149624,29.8575149624
011722,Cucumbers and gherkins,2025-08-01,2145.82095802,-23.135145811,-23.135145811
011722,Cucumbers and gherkins,2025-09-01,1548.9126638,-27.8172459815,-27.8172459815
011722,Cucumbers and gherkins,2025-10-01,1015.72926607,-34.4230769231,-34.4230769231
011722,Cucumbers and gherkins,2025-11-01,592.29870354,-41.6873449132,-41.6873449132
011722,Cucumbers and gherkins,2025-12-01,453.675602711,-23.4042553191,-23.4042553191
011722,Cucumbers and gherkins,2026-01-01,367.370311287,-19.0235690236,-19.0235690236
011722,Cucumbers and gherkins,2026-02-01,455.075836053,23.8738738739,23.8738738739
011723,Eggplants (aubergines),2022-12-01,104.212577354,,
011723,Eggplants (aubergines),2023-01-01,108.315530964,3.9371002173,3.9371002173
011723,Eggplants (aubergines),2023-02-01,184.375514273,70.2207547087,70.2207547087
011723,Eggplants (aubergines),2023-03-01,154.660088333,-16.1167962336,-16.1167962336
011723,Eggplants (aubergines),2023-04-01,144.349643457,-6.66651945377,-6.66651945377
011723,Eggplants (aubergines),2023-05-01,107.444671696,-25.5663754179,-25.5663754179
011723,Eggplants (aubergines),2023-06-01,74.4028251476,-30.7524291591,-30.7524291591
011723,Eggplants (aubergines),2023-07-01,71.2864432476,-4.188526301,-4.188526301
011723,Eggplants (aubergines),2023-08-01,85.7708438178,20.3185906188,20.3185906188
011723,Eggplants (aubergines),2023-09-01,68.344862774,-20.3169052188,-20.3169052188
011723,Eggplants (aubergines),2023-10-01,126.623805415,85.2718701527,85.2718701527
011723,Eggplants (aubergines),2023-11-01,202.003596764,59.5305054231,59.5305054231
011723,Eggplants (aubergines),2023-12-01,361.275663443,78.8461538462,78.8461538462
011723,Eggplants (aubergines),2024-01-01,466.162146378,29.0322580645,29.0322580645
011723,Eggplants (aubergines),2024-02-01,652.62700493,40,40
011723,Eggplants (aubergines),2024-03-01,687.589165908,5.35714285714,5.35714285714
011723,Eggplants (aubergines),2024-04-01,524.432414676,-23.7288135593,-23.7288135593
011723,Eggplants (aubergines),2024-05-01,489.470253697,-6.66666666667,-6.66666666667
011723,Eggplants (aubergines),2024-06-01,442.854039059,-9.52380952381,-9.52380952381
011723,Eggplants (aubergines),2024-07-01,342.096223393,-22.7519242865,-22.7519242865
011723,Eggplants (aubergines),2024-08-01,499.349013255,45.9674147532,45.9674147532
011723,Eggplants (aubergines),2024-09-01,791.149468678,58.4361734333,58.4361734333
011723,Eggplants (aubergines),2024-10-01,1267.49096919,60.2087872612,60.2087872612
011723,Eggplants (aubergines),2024-11-01,1533.23484271,20.9661354582,20.9661354582
011723,Eggplants (aubergines),2024-12-01,1826.33160899,19.11623439,19.11623439
011723,Eggplants (aubergines),2025-01-01,1036.88504253,-43.2258064516,-43.2258064516
011723,Eggplants (aubergines),2025-02-01,412.397460096,-60.2272727273,-60.2272727273
011723,Eggplants (aubergines),2025-03-01,977.185600684,136.952380952,136.952380952
011723,Eggplants (aubergines),2025-04-01,1462.63754451,49.6785813755,49.6785813755
011723,Eggplants (aubergines),2025-05-01,1370.87533796,-6.27374887846,-6.27374887846
011723,Eggplants (aubergines),2025-06-01,1485.5157902,8.36257309942,8.36257309942
011723,Eggplants (aubergines),2025-07-01,1549.53578301,4.30961375376,4.30961375376
011723,Eggplants (aubergines),2025-08-01,1124.35828158,-27.4390243902,-27.4390243902
011723,Eggplants (aubergines),2025-09-01,673.412446719,-40.1069518717,-40.1069518717
011723,Eggplants (aubergines),2025-10-01,810.314977096,20.3296703297,20.3296703297
011723,Eggplants (aubergines),2025-11-01,551.310189897,-31.9634703196,-31.9634703196
011723,Eggplants (aubergines),2025-12-01,347.013556728,-37.0565675935,-37.0565675935
011723,Eggplants (aubergines),2026-01-01,402.298344793,15.9315931593,15.9315931593
011723,Eggplants (aubergines),2026-02-01,446.026425749,10.8695652174,10.8695652174
011724,Tomatoes,2022-12-01,108.618446289,,
011724,Tomatoes,2023-01-01,86.192832656,-20.6462294379,-20.6462294379
011724,Tomatoes,2023-02-01,78.0797017841,-9.41276742143,-9.41276742143
011724,Tomatoes,2023-03-01,69.8017786222,-10.6018888044,-10.6018888044
011724,Tomatoes,2023-04-01,69.7262943673,-0.10814087599,-0.10814087599
011724,Tomatoes,2023-05-01,59.3929937481,-14.8198046562,-14.8198046562
011724,Tomatoes,2023-06-01,64.3309293878,8.31400360225,8.31400360225
011724,Tomatoes,2023-07-01,117.739836468,83.0221288394,83.0221288394
011724,Tomatoes,2023-08-01,116.258685308,-1.25798642502,-1.25798642502
011724,Tomatoes,2023-09-01,132.526851815,13.9930762712,13.9930762712
011724,Tomatoes,2023-10-01,189.714152336,43.151481936,43.151481936
011724,Tomatoes,2023-11-01,151.890410866,-19.9372271414,-19.9372271414
011724,Tomatoes,2023-12-01,205.805631528,35.4961319516,35.4961319516
011724,Tomatoes,2024-01-01,161.065276848,-21.7391304348,-21.7391304348
011724,Tomatoes,2024-02-01,238.61522496,48.1481481481,48.1481481481
011724,Tomatoes,2024-03-01,277.390199017,16.25,16.25
011724,Tomatoes,2024-04-01,304.234411825,9.67741935484,9.67741935484
011724,Tomatoes,2024-05-01,268.44212808,-11.7647058824,-11.7647058824
011724,Tomatoes,2024-06-01,304.234411825,13.3333333333,13.3333333333
011724,Tomatoes,2024-07-01,340.026695569,11.7647058824,11.7647058824
011724,Tomatoes,2024-08-01,724.793745817,113.157894737,113.157894737
011724,Tomatoes,2024-09-01,2185.56632612,201.543209877,201.543209877
011724,Tomatoes,2024-10-01,3033.39604731,38.792221085,38.792221085
011724,Tomatoes,2024-11-01,2559.1482877,-15.6342182891,-15.6342182891
011724,Tomatoes,2024-12-01,2165.43316652,-15.3846153846,-15.3846153846
011724,Tomatoes,2025-01-01,575.116922888,-73.4410217881,-73.4410217881
011724,Tomatoes,2025-02-01,223.7017734,-61.1032531825,-61.1032531825
011724,Tomatoes,2025-03-01,347.185152317,55.2,55.2
011724,Tomatoes,2025-04-01,697.097335777,100.785468827,100.785468827
011724,Tomatoes,2025-05-01,1125.41166458,61.4425427873,61.4425427873
011724,Tomatoes,2025-06-01,1817.60558859,61.5058423327,61.5058423327
011724,Tomatoes,2025-07-01,2647.35070121,45.6504490208,45.6504490208
011724,Tomatoes,2025-08-01,3221.30553697,21.6803476581,21.6803476581
011724,Tomatoes,2025-09-01,2293.9600036,-28.7878787879,-28.7878787879
011724,Tomatoes,2025-10-01,1105.98156769,-51.7872340426,-51.7872340426
011724,Tomatoes,2025-11-01,322.130553697,-70.8737864078,-70.8737864078
011724,Tomatoes,2025-12-01,348.974766505,8.33333333333,8.33333333333
011724,Tomatoes,2026-01-01,371.883140516,6.56447864145,6.56447864145
011724,Tomatoes,2026-02-01,338.505785011,-8.97522685729,-8.97522685729
011725,"Pumpkins, squash and gourds",2022-12-01,133.384977156,,
011725,"Pumpkins, squash and gourds",2023-01-01,131.814306599,-1.17754682029,-1.17754682029
011725,"Pumpkins, squash and gourds",2023-02-01,144.40484629,9.55172470775,9.55172470775
011725,"Pumpkins, squash and gourds",2023-03-01,129.948637806,-10.0108887313,-10.0108887313
011725,"Pumpkins, squash and gourds",2023-04-01,131.347717383,1.07664043334,1.07664043334
011725,"Pumpkins, squash and gourds",2023-05-01,120.693962282,-8.11110791475,-8.11110791475
011725,"Pumpkins, squash and gourds",2023-06-01,119.834113572,-0.712420649711,-0.712420649711
011725,"Pumpkins, squash and gourds",2023-07-01,112.463167413,-6.15095813667,-6.15095813667
011725,"Pumpkins, squash and gourds",2023-08-01,107.85579059,-4.09678735605,-4.09678735605
011725,"Pumpkins, squash and gourds",2023-09-01,119.018467357,10.3496313978,10.3496313978
011725,"Pumpkins, squash and gourds",2023-10-01,138.282733557,16.1859471284,16.1859471284
011725,"Pumpkins, squash and gourds",2023-11-01,120.26658362,-13.0284884263,-13.0284884263
011725,"Pumpkins, squash and gourds",2023-12-01,291.039492124,141.995310222,141.995310222
011725,"Pumpkins, squash and gourds",2024-01-01,291.039492124,0,0
011725,"Pumpkins, squash and gourds",2024-02-01,988.611998882,239.683110243,239.683110243
011725,"Pumpkins, squash and gourds",2024-03-01,1184.0150721,19.76539567,19.76539567
011725,"Pumpkins, squash and gourds",2024-04-01,1004.95380017,-15.1232257216,-15.1232257216
011725,"Pumpkins, squash and gourds",2024-05-01,764.444933983,-23.9323306353,-23.9323306353
011725,"Pumpkins, squash and gourds",2024-06-01,436.559238186,-42.8919966921,-42.8919966921
011725,"Pumpkins, squash and gourds",2024-07-01,428.319309819,-1.88747085072,-1.88747085072
011725,"Pumpkins, squash and gourds",2024-08-01,484.949203828,13.2214197937,13.2214197937
011725,"Pumpkins, squash and gourds",2024-09-01,619.774442421,27.8019300845,27.8019300845
011725,"Pumpkins, squash and gourds",2024-10-01,1152.52217573,85.9583256168,85.9583256168
011725,"Pumpkins, squash and gourds",2024-11-01,1139.98902501,-1.08745419251,-1.08745419251
011725,"Pumpkins, squash and gourds",2024-12-01,1230.38376202,7.92943923401,7.92943923401
011725,"Pumpkins, squash and gourds",2025-01-01,1314.97688601,6.8753446366,6.8753446366
011725,"Pumpkins, squash and gourds",2025-02-01,402.623378666,-69.3817143899,-69.3817143899
011725,"Pumpkins, squash and gourds",2025-03-01,653.150697497,62.2237386366,62.2237386366
011725,"Pumpkins, squash and gourds",2025-04-01,1340.10723264,105.175809774,105.175809774
011725,"Pumpkins, squash and gourds",2025-05-01,1290.17653584,-3.72587324212,-3.72587324212
011725,"Pumpkins, squash and gourds",2025-06-01,1461.89832857,13.3099454191,13.3099454191
011725,"Pumpkins, squash and gourds",2025-07-01,1531.17755928,4.73899103362,4.73899103362
011725,"Pumpkins, squash and gourds",2025-08-01,1818.57700883,18.7698316113,18.7698316113
011725,"Pumpkins, squash and gourds",2025-09-01,1992.81554691,9.58103710959,9.58103710959
011725,"Pumpkins, squash and gourds",2025-10-01,861.071970731,-56.7911856135,-56.7911856135
011725,"Pumpkins, squash and gourds",2025-11-01,581.02406412,-32.5231706675,-32.5231706675
011725,"Pumpkins, squash and gourds",2025-12-01,348.944092714,-39.9432632378,-39.9432632378
011725,"Pumpkins, squash and gourds",2026-01-01,370.954116081,6.3076073866,6.3076073866
011725,"Pumpkins, squash and gourds",2026-02-01,381.555993133,2.85800226825,2.85800226825
01173,"Green leguminous vegetables, fresh or chilled",2022-12-01,134.214320024,,
01173,"Green leguminous vegetables, fresh or chilled",2023-01-01,114.821785614,-14.4489309385,-14.4489309385
01173,"Green leguminous vegetables, fresh or chilled",2023-02-01,106.701773942,-7.07183887494,-7.07183887494
01173,"Green leguminous vegetables, fresh or chilled",2023-03-01,113.077089215,5.97489154809,5.97489154809
01173,"Green leguminous vegetables, fresh or chilled",2023-04-01,114.949198238,1.65560418633,1.65560418633
01173,"Green leguminous vegetables, fresh or chilled",2023-05-01,105.512396516,-8.20954114198,-8.20954114198
01173,"Green leguminous vegetables, fresh or chilled",2023-06-01,101.79952854,-3.51889266035,-3.51889266035
01173,"Green leguminous vegetables, fresh or chilled",2023-07-01,94.0095125364,-7.65231049205,-7.65231049205
01173,"Green leguminous vegetables, fresh or chilled",2023-08-01,104.513690851,11.1735270524,11.1735270524
01173,"Green leguminous vegetables, fresh or chilled",2023-09-01,112.523122837,7.66352419544,7.66352419544
01173,"Green leguminous vegetables, fresh or chilled",2023-10-01,113.030843182,0.451214232292,0.451214232292
01173,"Green leguminous vegetables, fresh or chilled",2023-11-01,123.619191492,9.36766285347,9.36766285347
01173,"Green leguminous vegetables, fresh or chilled",2023-12-01,188.747872811,52.6849274233,52.6849274233
01173,"Green leguminous vegetables, fresh or chilled",2024-01-01,188.747872811,0,0
01173,"Green leguminous vegetables, fresh or chilled",2024-02-01,254.123493133,34.636480586,34.636480586
01173,"Green leguminous vegetables, fresh or chilled",2024-03-01,432.557209919,70.215356552,70.215356552
01173,"Green leguminous vegetables, fresh or chilled",2024-04-01,399.421519729,-7.66041795866,-7.66041795866
01173,"Green leguminous vegetables, fresh or chilled",2024-05-01,399.421519729,0,0
01173,"Green leguminous vegetables, fresh or chilled",2024-06-01,399.421519729,0,0
01173,"Green leguminous vegetables, fresh or chilled",2024-07-01,399.421519729,0,0
01173,"Green leguminous vegetables, fresh or chilled",2024-08-01,399.421519729,0,0
01173,"Green leguminous vegetables, fresh or chilled",2024-09-01,399.421519729,0,0
01173,"Green leguminous vegetables, fresh or chilled",2024-10-01,561.42650685,40.5599045415,40.5599045415
01173,"Green leguminous vegetables, fresh or chilled",2024-11-01,572.750201294,2.01695044791,2.01695044791
01173,"Green leguminous vegetables, fresh or chilled",2024-12-01,676.685069037,18.1466313775,18.1466313775
01173,"Green leguminous vegetables, fresh or chilled",2025-01-01,604.412354029,-10.6804063389,-10.6804063389
01173,"Green leguminous vegetables, fresh or chilled",2025-02-01,376.09683755,-37.7747931453,-37.7747931453
01173,"Green leguminous vegetables, fresh or chilled",2025-03-01,438.204680986,16.5137903954,16.5137903954
01173,"Green leguminous vegetables, fresh or chilled",2025-04-01,661.488981098,50.9543393304,50.9543393304
01173,"Green leguminous vegetables, fresh or chilled",2025-05-01,971.023862349,46.7936564472,46.7936564472
01173,"Green leguminous vegetables, fresh or chilled",2025-06-01,938.889785306,-3.30929838996,-3.30929838996
01173,"Green leguminous vegetables, fresh or chilled",2025-07-01,814.264804013,-13.2736539735,-13.2736539735
01173,"Green leguminous vegetables, fresh or chilled",2025-08-01,833.401960979,2.35023752376,2.35023752376
01173,"Green leguminous vegetables, fresh or chilled",2025-09-01,777.516841104,-6.70566215247,-6.70566215247
01173,"Green leguminous vegetables, fresh or chilled",2025-10-01,584.770074504,-24.7900439463,-24.7900439463
01173,"Green leguminous vegetables, fresh or chilled",2025-11-01,410.8454856,-29.7423887588,-29.7423887588
01173,"Green leguminous vegetables, fresh or chilled",2025-12-01,304.025659344,-26,-26
01173,"Green leguminous vegetables, fresh or chilled",2026-01-01,211.169799972,-30.5421126534,-30.5421126534
01173,"Green leguminous vegetables, fresh or chilled",2026-02-01,441.866735456,109.247125069,109.247125069
011731,"Beans, green",2022-12-01,115.223891142,,
011731,"Beans, green",2023-01-01,109.018871589,-5.38518487074,-5.38518487074
011731,"Beans, green",2023-02-01,103.902816713,-4.69281584059,-4.69281584059
011731,"Beans, green",2023-03-01,115.91804571,11.5639107553,11.5639107553
011731,"Beans, green",2023-04-01,120.652956581,4.08470557041,4.08470557041
011731,"Beans, green",2023-05-01,109.543550163,-9.20773657949,-9.20773657949
011731,"Beans, green",2023-06-01,105.128785421,-4.03014575977,-4.03014575977
011731,"Beans, green",2023-07-01,95.8661107972,-8.81078820321,-8.81078820321
011731,"Beans, green",2023-08-01,108.356044821,13.0285185452,13.0285185452
011731,"Beans, green",2023-09-01,117.879614783,8.78914506094,8.78914506094
011731,"Beans, green",2023-10-01,118.483316797,0.512134363224,0.512134363224
011731,"Beans, green",2023-11-01,131.073332679,10.6259819711,10.6259819711
011731,"Beans, green",2023-12-01,208.514224135,59.0821106576,59.0821106576
011731,"Beans, green",2024-01-01,208.514224135,0,0
011731,"Beans, green",2024-02-01,286.248737021,37.2801966913,37.2801966913
011731,"Beans, green",2024-03-01,315.23013586,10.1245508154,10.1245508154
011731,"Beans, green",2024-04-01,275.830330192,-12.4987433577,-12.4987433577
011731,"Beans, green",2024-05-01,275.830330192,0,0
011731,"Beans, green",2024-06-01,275.830330192,0,0
011731,"Beans, green",2024-07-01,275.830330192,0,0
011731,"Beans, green",2024-08-01,275.830330192,0,0
011731,"Beans, green",2024-09-01,275.830330192,0,0
011731,"Beans, green",2024-10-01,468.461447065,69.8368148052,69.8368148052
011731,"Beans, green",2024-11-01,481.925822124,2.87416929252,2.87416929252
011731,"Beans, green",2024-12-01,605.508990835,25.6436080072,25.6436080072
011731,"Beans, green",2025-01-01,573.496328407,-5.2869012537,-5.2869012537
011731,"Beans, green",2025-02-01,386.304537795,-32.6404514449,-32.6404514449
011731,"Beans, green",2025-03-01,446.486162634,15.5788034959,15.5788034959
011731,"Beans, green",2025-04-01,614.401569128,37.6081994352,37.6081994352
011731,"Beans, green",2025-05-01,977.059994934,59.0262857436,59.0262857436
011731,"Beans, green",2025-06-01,938.851151735,-3.91059335125,-3.91059335125
011731,"Beans, green",2025-07-01,790.666520115,-15.783612913,-15.783612913
011731,"Beans, green",2025-08-01,813.421448749,2.87794260349,2.87794260349
011731,"Beans, green",2025-09-01,746.971561931,-8.16918301338,-8.16918301338
011731,"Beans, green",2025-10-01,517.787105429,-30.6818181818,-30.6818181818
011731,"Beans, green",2025-11-01,363.78485159,-29.7423887588,-29.7423887588
011731,"Beans, green",2025-12-01,269.200790176,-26,-26
011731,"Beans, green",2026-01-01,192.883553652,-28.3495588828,-28.3495588828
011731,"Beans, green",2026-02-01,445.759320748,131.102814267,131.102814267
01174,"Other vegetables, fresh or chilled",2022-12-01,110.949938368,,
01174,"Other vegetables, fresh or chilled",2023-01-01,107.947782181,-2.70586557367,-2.70586557367
01174,"Other vegetables, fresh or chilled",2023-02-01,107.107921962,-0.778024524781,-0.778024524781
01174,"Other vegetables, fresh or chilled",2023-03-01,134.305185081,25.3923917305,25.3923917305
01174,"Other vegetables, fresh or chilled",2023-04-01,127.30742458,-5.21034277046,-5.21034277046
01174,"Other vegetables, fresh or chilled",2023-05-01,113.400826841,-10.9236344889,-10.9236344889
01174,"Other vegetables, fresh or chilled",2023-06-01,108.188230276,-4.59661248521,-4.59661248521
01174,"Other vegetables, fresh or chilled",2023-07-01,102.622873631,-5.14414241806,-5.14414241806
01174,"Other vegetables, fresh or chilled",2023-08-01,107.688011898,4.93568157568,4.93568157568
01174,"Other vegetables, fresh or chilled",2023-09-01,127.389498187,18.2949670462,18.2949670462
01174,"Other vegetables, fresh or chilled",2023-10-01,142.95953954,12.2223900512,12.2223900512
01174,"Other vegetables, fresh or chilled",2023-11-01,142.95953954,0,0
01174,"Other vegetables, fresh or chilled",2023-12-01,142.95953954,0,0
01174,"Other vegetables, fresh or chilled",2024-01-01,168.967049297,18.1922170712,18.1922170712
01174,"Other vegetables, fresh or chilled",2024-02-01,184.9146955,9.43831727545,9.43831727545
01174,"Other vegetables, fresh or chilled",2024-03-01,217.692968576,17.7261590741,17.7261590741
01174,"Other vegetables, fresh or chilled",2024-04-01,259.353981236,19.1375095541,19.1375095541
01174,"Other vegetables, fresh or chilled",2024-05-01,275.032590962,6.04525507981,6.04525507981
01174,"Other vegetables, fresh or chilled",2024-06-01,229.766879138,-16.4583083284,-16.4583083284
01174,"Other vegetables, fresh or chilled",2024-07-01,201.30184205,-12.3886598428,-12.3886598428
01174,"Other vegetables, fresh or chilled",2024-08-01,250.05786365,24.2203554146,24.2203554146
01174,"Other vegetables, fresh or chilled",2024-09-01,360.278922583,44.0782214658,44.0782214658
01174,"Other vegetables, fresh or chilled",2024-10-01,348.354974972,-3.30964340774,-3.30964340774
01174,"Other vegetables, fresh or chilled",2024-11-01,764.766533997,119.536561537,119.536561537
01174,"Other vegetables, fresh or chilled",2024-12-01,409.431033539,-46.463264887,-46.463264887
01174,"Other vegetables, fresh or chilled",2025-01-01,376.191438662,-8.11848447095,-8.11848447095
01174,"Other vegetables, fresh or chilled",2025-02-01,273.34975925,-27.3375916734,-27.3375916734
01174,"Other vegetables, fresh or chilled",2025-03-01,345.465258209,26.3821337019,26.3821337019
01174,"Other vegetables, fresh or chilled",2025-04-01,545.693085722,57.9588895714,57.9588895714
01174,"Other vegetables, fresh or chilled",2025-05-01,581.428020333,6.54854084577,6.54854084577
01174,"Other vegetables, fresh or chilled",2025-06-01,689.896712261,18.6555666625,18.6555666625
01174,"Other vegetables, fresh or chilled",2025-07-01,675.390547026,-2.10265753943,-2.10265753943
01174,"Other vegetables, fresh or chilled",2025-08-01,685.875308439,1.55239978687,1.55239978687
01174,"Other vegetables, fresh or chilled",2025-09-01,666.993200539,-2.75299426399,-2.75299426399
01174,"Other vegetables, fresh or chilled",2025-10-01,481.216397047,-27.8528781616,-27.8528781616
01174,"Other vegetables, fresh or chilled",2025-11-01,358.761277279,-25.4469965112,-25.4469965112
01174,"Other vegetables, fresh or chilled",2025-12-01,281.403964696,-21.56233615,-21.56233615
01174,"Other vegetables, fresh or chilled",2026-01-01,222.7931428,-20.8280014674,-20.8280014674
01174,"Other vegetables, fresh or chilled",2026-02-01,315.608298722,41.6597902231,41.6597902231
011741,Carrots and turnips,2022-12-01,121.365494942,,
011741,Carrots and turnips,2023-01-01,110.060110867,-9.31515508604,-9.31515508604
011741,Carrots and turnips,2023-02-01,107.691585673,-2.15202871925,-2.15202871925
011741,Carrots and turnips,2023-03-01,113.462949507,5.3591594911,5.3591594911
011741,Carrots and turnips,2023-04-01,130.635110365,15.1345976215,15.1345976215
011741,Carrots and turnips,2023-05-01,124.59002179,-4.62746083924,-4.62746083924
011741,Carrots and turnips,2023-06-01,118.451411716,-4.92704791787,-4.92704791787
011741,Carrots and turnips,2023-07-01,122.3870085,3.32254105483,3.32254105483
011741,Carrots and turnips,2023-08-01,174.533547656,42.6079040538,42.6079040538
011741,Carrots and turnips,2023-09-01,229.679321682,31.5960884118,31.5960884118
011741,Carrots and turnips,2023-10-01,308.230362355,34.2003102836,34.2003102836
011741,Carrots and turnips,2023-11-01,308.230362355,0,0
011741,Carrots and turnips,2023-12-01,308.230362355,0,0
011741,Carrots and turnips,2024-01-01,459.820979393,49.1809489113,49.1809489113
011741,Carrots and turnips,2024-02-01,532.424291929,15.7894736842,15.7894736842
011741,Carrots and turnips,2024-03-01,774.435333715,45.4545454545,45.4545454545
011741,Carrots and turnips,2024-04-01,810.736989983,4.6875,4.6875
011741,Carrots and turnips,2024-05-01,790.569403167,-2.48756218905,-2.48756218905
011741,Carrots and turnips,2024-06-01,520.32373984,-34.1836734694,-34.1836734694
011741,Carrots and turnips,2024-07-01,278.312698054,-46.511627907,-46.511627907
011741,Carrots and turnips,2024-08-01,617.128156554,121.739130435,121.739130435
011741,Carrots and turnips,2024-09-01,786.535885804,27.4509803922,27.4509803922
011741,Carrots and turnips,2024-10-01,786.535885804,0,0
011741,Carrots and turnips,2024-11-01,3872.17666857,392.307692308,392.307692308
011741,Carrots and turnips,2024-12-01,1064.84858386,-72.5,-72.5
011741,Carrots and turnips,2025-01-01,909.961517115,-14.5454545455,-14.5454545455
011741,Carrots and turnips,2025-02-01,447.720427304,-50.7978723404,-50.7978723404
011741,Carrots and turnips,2025-03-01,575.784603582,28.6036036036,28.6036036036
011741,Carrots and turnips,2025-04-01,1254.42389992,117.863397548,117.863397548
011741,Carrots and turnips,2025-05-01,1254.42389992,0,0
011741,Carrots and turnips,2025-06-01,1254.42389992,0,0
011741,Carrots and turnips,2025-07-01,1254.42389992,0,0
011741,Carrots and turnips,2025-08-01,1254.42389992,0,0
011741,Carrots and turnips,2025-09-01,1254.42389992,0,0
011741,Carrots and turnips,2025-10-01,822.612595912,-34.4230769231,-34.4230769231
011741,Carrots and turnips,2025-11-01,497.222685851,-39.5556683277,-39.5556683277
011741,Carrots and turnips,2025-12-01,278.312698054,-44.0265486726,-44.0265486726
011741,Carrots and turnips,2026-01-01,255.211644065,-8.30039525692,-8.30039525692
011741,Carrots and turnips,2026-02-01,259.611844825,1.72413793103,1.72413793103
011742,Garlic,2022-12-01,109.350438407,,
011742,Garlic,2023-01-01,109.350438407,0,0
011742,Garlic,2023-02-01,109.350438407,0,0
011742,Garlic,2023-03-01,75.2703104156,-31.1659728924,-31.1659728924
011742,Garlic,2023-04-01,86.5977827418,15.0490575416,15.0490575416
011742,Garlic,2023-05-01,100.718585488,16.3061943374,16.3061943374
011742,Garlic,2023-06-01,100.554686179,-0.162729954551,-0.162729954551
011742,Garlic,2023-07-01,100.554686179,0,0
011742,Garlic,2023-08-01,100.554686179,0,0
011742,Garlic,2023-09-01,100.554686179,0,0
011742,Garlic,2023-10-01,100.554686179,0,0
011742,Garlic,2023-11-01,100.554686179,0,0
011742,Garlic,2023-12-01,100.554686179,0,0
011742,Garlic,2024-01-01,100.554686179,0,0
011742,Garlic,2024-02-01,100.554686179,0,0
011742,Garlic,2024-03-01,100.554686179,0,0
011742,Garlic,2024-04-01,100.554686179,0,0
011742,Garlic,2024-05-01,100.554686179,0,0
011742,Garlic,2024-06-01,100.554686179,0,0
011742,Garlic,2024-07-01,100.554686179,0,0
011742,Garlic,2024-08-01,100.554686179,0,0
011742,Garlic,2024-09-01,100.554686179,0,0
011742,Garlic,2024-10-01,100.554686179,0,0
011742,Garlic,2024-11-01,100.554686179,0,0
011742,Garlic,2024-12-01,100.554686179,0,0
011742,Garlic,2025-01-01,100.554686179,0,0
011742,Garlic,2025-02-01,100.554686179,0,0
011742,Garlic,2025-03-01,320.587670726,218.819224551,218.819224551
011742,Garlic,2025-04-01,2262.97179336,605.882352941,605.882352941
011742,Garlic,2025-05-01,2262.97179336,0,0
011742,Garlic,2025-06-01,2262.97179336,0,0
011742,Garlic,2025-07-01,2262.97179336,0,0
011742,Garlic,2025-08-01,2262.97179336,0,0
011742,Garlic,2025-09-01,2262.97179336,0,0
011742,Garlic,2025-10-01,561.603365792,-75.1829268293,-75.1829268293
011742,Garlic,2025-11-01,221.839167361,-60.498960499,-60.498960499
011742,Garlic,2025-12-01,227.677040186,2.63157894737,2.63157894737
011742,Garlic,2026-01-01,224.227388062,-1.51515151515,-1.51515151515
011742,Garlic,2026-02-01,198.699962344,-11.3846153846,-11.3846153846
01175,"Tubers, plantains and cooking bananas",2022-12-01,153.450948247,,
01175,"Tubers, plantains and cooking bananas",2023-01-01,94.3572921142,-38.5098018668,-38.5098018668
01175,"Tubers, plantains and cooking bananas",2023-02-01,96.4911958075,2.26151434147,2.26151434147
01175,"Tubers, plantains and cooking bananas",2023-03-01,92.2604159078,-4.38462790754,-4.38462790754
01175,"Tubers, plantains and cooking bananas",2023-04-01,99.1714392095,7.4907783947,7.4907783947
01175,"Tubers, plantains and cooking bananas",2023-05-01,83.3732522711,-15.9301781484,-15.9301781484
01175,"Tubers, plantains and cooking bananas",2023-06-01,95.6588008895,14.7355995882,14.7355995882
01175,"Tubers, plantains and cooking bananas",2023-07-01,104.582839371,9.32903026031,9.32903026031
01175,"Tubers, plantains and cooking bananas",2023-08-01,122.896463287,17.5111175272,17.5111175272
01175,"Tubers, plantains and cooking bananas",2023-09-01,124.892577525,1.62422431447,1.62422431447
01175,"Tubers, plantains and cooking bananas",2023-10-01,161.730817569,29.4959402508,29.4959402508
01175,"Tubers, plantains and cooking bananas",2023-11-01,273.969655916,69.3985475578,69.3985475578
01175,"Tubers, plantains and cooking bananas",2023-12-01,647.564641256,136.363636364,136.363636364
01175,"Tubers, plantains and cooking bananas",2024-01-01,473.220314764,-26.9230769231,-26.9230769231
01175,"Tubers, plantains and cooking bananas",2024-02-01,431.709760837,-8.77192982456,-8.77192982456
01175,"Tubers, plantains and cooking bananas",2024-03-01,647.564641256,50,50
01175,"Tubers, plantains and cooking bananas",2024-04-01,597.751976544,-7.69230769231,-7.69230769231
01175,"Tubers, plantains and cooking bananas",2024-05-01,581.147754973,-2.77777777778,-2.77777777778
01175,"Tubers, plantains and cooking bananas",2024-06-01,379.821568429,-34.6428571429,-34.6428571429
01175,"Tubers, plantains and cooking bananas",2024-07-01,423.407650052,11.4754098361,11.4754098361
01175,"Tubers, plantains and cooking bananas",2024-08-01,584.968693869,38.1573275299,38.1573275299
01175,"Tubers, plantains and cooking bananas",2024-09-01,1720.76071224,194.162872351,194.162872351
01175,"Tubers, plantains and cooking bananas",2024-10-01,3282.84619169,90.778774082,90.778774082
01175,"Tubers, plantains and cooking bananas",2024-11-01,2550.67528681,-22.3029305098,-22.3029305098
01175,"Tubers, plantains and cooking bananas",2024-12-01,1743.44326492,-31.6477768091,-31.6477768091
01175,"Tubers, plantains and cooking bananas",2025-01-01,800.115926936,-54.1071428571,-54.1071428571
01175,"Tubers, plantains and cooking bananas",2025-02-01,283.309530549,-64.5914396887,-64.5914396887
01175,"Tubers, plantains and cooking bananas",2025-03-01,1259.84531167,344.688644689,344.688644689
01175,"Tubers, plantains and cooking bananas",2025-04-01,2679.92136151,112.718286656,112.718286656
01175,"Tubers, plantains and cooking bananas",2025-05-01,1848.04986081,-31.0408921933,-31.0408921933
01175,"Tubers, plantains and cooking bananas",2025-06-01,4012.68687958,117.130877508,117.130877508
01175,"Tubers, plantains and cooking bananas",2025-07-01,2198.87334229,-45.2019704433,-45.2019704433
01175,"Tubers, plantains and cooking bananas",2025-08-01,1757.67545484,-20.0647249191,-20.0647249191
01175,"Tubers, plantains and cooking bananas",2025-09-01,1584.04273784,-9.87854251012,-9.87854251012
01175,"Tubers, plantains and cooking bananas",2025-10-01,810.286012648,-48.8469601677,-48.8469601677
01175,"Tubers, plantains and cooking bananas",2025-11-01,247.14745184,-69.498738966,-69.498738966
01175,"Tubers, plantains and cooking bananas",2025-12-01,157.101481015,-36.4341085271,-36.4341085271
01175,"Tubers, plantains and cooking bananas",2026-01-01,182.271008358,16.0211903674,16.0211903674
01175,"Tubers, plantains and cooking bananas",2026-02-01,189.645074116,4.04566026376,4.04566026376
011751,Potatoes,2022-12-01,153.450948247,,
011751,Potatoes,2023-01-01,94.3572921142,-38.5098018668,-38.5098018668
011751,Potatoes,2023-02-01,96.4911958075,2.26151434147,2.26151434147
011751,Potatoes,2023-03-01,92.2604159078,-4.38462790754,-4.38462790754
011751,Potatoes,2023-04-01,99.1714392095,7.4907783947,7.4907783947
011751,Potatoes,2023-05-01,83.3732522711,-15.9301781484,-15.9301781484
011751,Potatoes,2023-06-01,95.6588008895,14.7355995882,14.7355995882
011751,Potatoes,2023-07-01,104.582839371,9.32903026031,9.32903026031
011751,Potatoes,2023-08-01,122.896463287,17.5111175272,17.5111175272
011751,Potatoes,2023-09-01,124.892577525,1.62422431447,1.62422431447
011751,Potatoes,2023-10-01,161.730817569,29.4959402508,29.4959402508
011751,Potatoes,2023-11-01,273.969655916,69.3985475578,69.3985475578
011751,Potatoes,2023-12-01,647.564641256,136.363636364,136.363636364
011751,Potatoes,2024-01-01,473.220314764,-26.9230769231,-26.9230769231
011751,Potatoes,2024-02-01,431.709760837,-8.77192982456,-8.77192982456
011751,Potatoes,2024-03-01,647.564641256,50,50
011751,Potatoes,2024-04-01,597.751976544,-7.69230769231,-7.69230769231
011751,Potatoes,2024-05-01,581.147754973,-2.77777777778,-2.77777777778
011751,Potatoes,2024-06-01,379.821568429,-34.6428571429,-34.6428571429
011751,Potatoes,2024-07-01,423.407650052,11.4754098361,11.4754098361
011751,Potatoes,2024-08-01,584.968693869,38.1573275299,38.1573275299
011751,Potatoes,2024-09-01,1720.76071224,194.162872351,194.162872351
011751,Potatoes,2024-10-01,3282.84619169,90.778774082,90.778774082
011751,Potatoes,2024-11-01,2550.67528681,-22.3029305098,-22.3029305098
011751,Potatoes,2024-12-01,1743.44326492,-31.6477768091,-31.6477768091
011751,Potatoes,2025-01-01,800.115926936,-54.1071428571,-54.1071428571
011751,Potatoes,2025-02-01,283.309530549,-64.5914396887,-64.5914396887
011751,Potatoes,2025-03-01,1259.84531167,344.688644689,344.688644689
011751,Potatoes,2025-04-01,2679.92136151,112.718286656,112.718286656
011751,Potatoes,2025-05-01,1848.04986081,-31.0408921933,-31.0408921933
011751,Potatoes,2025-06-01,4012.68687958,117.130877508,117.130877508
011751,Potatoes,2025-07-01,2198.87334229,-45.2019704433,-45.2019704433
011751,Potatoes,2025-08-01,1757.67545484,-20.0647249191,-20.0647249191
011751,Potatoes,2025-09-01,1584.04273784,-9.87854251012,-9.87854251012
011751,Potatoes,2025-10-01,810.286012648,-48.8469601677,-48.8469601677
011751,Potatoes,2025-11-01,247.14745184,-69.498738966,-69.498738966
011751,Potatoes,2025-12-01,157.101481015,-36.4341085271,-36.4341085271
011751,Potatoes,2026-01-01,182.271008358,16.0211903674,16.0211903674
011751,Potatoes,2026-02-01,189.645074116,4.04566026376,4.04566026376
01176,Pulses,2022-12-01,88.7458481676,,
01176,Pulses,2023-01-01,89.8833761832,1.28178167103,1.28178167103
01176,Pulses,2023-02-01,89.3108873335,-0.636924060887,-0.636924060887
01176,Pulses,2023-03-01,89.6869535966,0.421075497336,0.421075497336
01176,Pulses,2023-04-01,90.7682566816,1.20564144694,1.20564144694
01176,Pulses,2023-05-01,91.1450629957,0.415130055238,0.415130055238
01176,Pulses,2023-06-01,89.2720082423,-2.05502601217,-2.05502601217
01176,Pulses,2023-07-01,89.5092904321,0.265796854357,0.265796854357
01176,Pulses,2023-08-01,90.1634638663,0.730844173941,0.730844173941
01176,Pulses,2023-09-01,92.9057632097,3.04147514496,3.04147514496
01176,Pulses,2023-10-01,92.4119132901,-0.531560048019,-0.531560048019
01176,Pulses,2023-11-01,112.45858688,21.6927373069,21.6927373069
01176,Pulses,2023-12-01,196.393613626,74.6363875577,74.6363875577
01176,Pulses,2024-01-01,240.121040979,22.2651982134,22.2651982134
01176,Pulses,2024-02-01,200.83854993,-16.3594539191,-16.3594539191
01176,Pulses,2024-03-01,201.254835881,0.207273927705,0.207273927705
01176,Pulses,2024-04-01,181.249142998,-9.94047809854,-9.94047809854
01176,Pulses,2024-05-01,175.440960405,-3.20452968569,-3.20452968569
01176,Pulses,2024-06-01,134.563100629,-23.3000661202,-23.3000661202
01176,Pulses,2024-07-01,114.004554542,-15.2779967101,-15.2779967101
01176,Pulses,2024-08-01,101.09882267,-11.3203651585,-11.3203651585
01176,Pulses,2024-09-01,95.2544168948,-5.78088411047,-5.78088411047
01176,Pulses,2024-10-01,252.630255357,165.216316043,165.216316043
01176,Pulses,2024-11-01,363.56755562,43.9129114233,43.9129114233
01176,Pulses,2024-12-01,369.622189638,1.66533947384,1.66533947384
01176,Pulses,2025-01-01,217.109090801,-41.2618893325,-41.2618893325
01176,Pulses,2025-02-01,94.4018833887,-56.5186869697,-56.5186869697
01176,Pulses,2025-03-01,91.3226905599,-3.26179173365,-3.26179173365
01176,Pulses,2025-04-01,230.256750635,152.135311852,152.135311852
01176,Pulses,2025-05-01,443.466139819,92.5963684437,92.5963684437
01176,Pulses,2025-06-01,595.203985158,34.2163316914,34.2163316914
01176,Pulses,2025-07-01,544.477281407,-8.52257461588,-8.52257461588
01176,Pulses,2025-08-01,347.196318633,-36.2330935579,-36.2330935579
01176,Pulses,2025-09-01,150.383051845,-56.6864497766,-56.6864497766
01176,Pulses,2025-10-01,173.462996454,15.3474373115,15.3474373115
01176,Pulses,2025-11-01,110.639301884,-36.2173465548,-36.2173465548
01176,Pulses,2025-12-01,89.2046021305,-19.3734951218,-19.3734951218
01176,Pulses,2026-01-01,73.1805477552,-17.9632597339,-17.9632597339
01176,Pulses,2026-02-01,64.9292864587,-11.2752111723,-11.2752111723
011763,"Chick peas, dry",2022-12-01,80.0587144643,,
011763,"Chick peas, dry",2023-01-01,81.219604636,1.45004847947,1.45004847947
011763,"Chick peas, dry",2023-02-01,82.6653620779,1.78005968917,1.78005968917
011763,"Chick peas, dry",2023-03-01,81.0059798588,-2.00734887905,-2.00734887905
011763,"Chick peas, dry",2023-04-01,82.6653620779,2.04846879443,2.04846879443
011763,"Chick peas, dry",2023-05-01,82.9342677763,0.325294284861,0.325294284861
011763,"Chick peas, dry",2023-06-01,81.5911790655,-1.61946170954,-1.61946170954
011763,"Chick peas, dry",2023-07-01,81.6244832672,0.0408183850609,0.0408183850609
011763,"Chick peas, dry",2023-08-01,83.1529777346,1.87259313161,1.87259313161
011763,"Chick peas, dry",2023-09-01,85.1323733612,2.38042663121,2.38042663121
011763,"Chick peas, dry",2023-10-01,85.1323733612,0,0
011763,"Chick peas, dry",2023-11-01,93.139658261,9.40568738271,9.40568738271
011763,"Chick peas, dry",2023-12-01,126.579394114,35.902789936,35.902789936
011763,"Chick peas, dry",2024-01-01,186.790175569,47.5676012493,47.5676012493
011763,"Chick peas, dry",2024-02-01,186.790175569,0,0
011763,"Chick peas, dry",2024-03-01,182.150481514,-2.48390689782,-2.48390689782
011763,"Chick peas, dry",2024-04-01,160.730008781,-11.7597672843,-11.7597672843
011763,"Chick peas, dry",2024-05-01,175.112583789,8.94828235115,8.94828235115
011763,"Chick peas, dry",2024-06-01,138.262904791,-21.0434214384,-21.0434214384
011763,"Chick peas, dry",2024-07-01,117.166835226,-15.2579389225,-15.2579389225
011763,"Chick peas, dry",2024-08-01,111.718785426,-4.64982244264,-4.64982244264
011763,"Chick peas, dry",2024-09-01,95.7589589364,-14.2857142857,-14.2857142857
011763,"Chick peas, dry",2024-10-01,347.035545312,262.40530303,262.40530303
011763,"Chick peas, dry",2024-11-01,476.467319986,37.2964027524,37.2964027524
011763,"Chick peas, dry",2024-12-01,407.545569283,-14.4651580102,-14.4651580102
011763,"Chick peas, dry",2025-01-01,200.295822442,-50.8531468531,-50.8531468531
011763,"Chick peas, dry",2025-02-01,80.9391200534,-59.5902105862,-59.5902105862
011763,"Chick peas, dry",2025-03-01,89.7740240029,10.9154929577,10.9154929577
011763,"Chick peas, dry",2025-04-01,243.387353963,171.111111111,171.111111111
011763,"Chick peas, dry",2025-05-01,472.144866978,93.9890710383,93.9890710383
011763,"Chick peas, dry",2025-06-01,598.493493353,26.7605633803,26.7605633803
011763,"Chick peas, dry",2025-07-01,554.603970507,-7.33333333333,-7.33333333333
011763,"Chick peas, dry",2025-08-01,283.730248701,-48.8409272582,-48.8409272582
011763,"Chick peas, dry",2025-09-01,98.418930018,-65.3125,-65.3125
011763,"Chick peas, dry",2025-10-01,127.678611915,29.7297297297,29.7297297297
011763,"Chick peas, dry",2025-11-01,107.728828804,-15.625,-15.625
011763,"Chick peas, dry",2025-12-01,97.3549415854,-9.62962962963,-9.62962962963
011763,"Chick peas, dry",2026-01-01,79.799132447,-18.0327868852,-18.0327868852
011763,"Chick peas, dry",2026-02-01,79.799132447,0,0
011764,"Lentils, dry",2022-12-01,94.4145854721,,
011764,"Lentils, dry",2023-01-01,96.2747799577,1.97024058977,1.97024058977
011764,"Lentils, dry",2023-02-01,93.6614007328,-2.71450033547,-2.71450033547
011764,"Lentils, dry",2023-03-01,95.1054931077,1.54182231271,1.54182231271
011764,"Lentils, dry",2023-04-01,95.7276962786,0.654224220439,0.654224220439
011764,"Lentils, dry",2023-05-01,96.5141350603,0.821537352662,0.821537352662
011764,"Lentils, dry",2023-06-01,93.6104909509,-3.00851694695,-3.00851694695
011764,"Lentils, dry",2023-07-01,94.0565704768,0.47652727961,0.47652727961
011764,"Lentils, dry",2023-08-01,94.4681982783,0.437638539638,0.437638539638
011764,"Lentils, dry",2023-09-01,96.5903513345,2.24642058901,2.24642058901
011764,"Lentils, dry",2023-10-01,95.3780136023,-1.25513337038,-1.25513337038
011764,"Lentils, dry",2023-11-01,128.371885499,34.5927438107,34.5927438107
011764,"Lentils, dry",2023-12-01,268.81401441,109.402559886,109.402559886
011764,"Lentils, dry",2024-01-01,314.115657615,16.8524112495,16.8524112495
011764,"Lentils, dry",2024-02-01,232.027081513,-26.1332328113,-26.1332328113
011764,"Lentils, dry",2024-03-01,225.391579772,-2.859796235,-2.859796235
011764,"Lentils, dry",2024-04-01,211.033321496,-6.37036143511,-6.37036143511
011764,"Lentils, dry",2024-05-01,187.889892082,-10.9667180758,-10.9667180758
011764,"Lentils, dry",2024-06-01,142.864283432,-23.9638269791,-23.9638269791
011764,"Lentils, dry",2024-07-01,122.552243526,-14.2177172755,-14.2177172755
011764,"Lentils, dry",2024-08-01,106.600240726,-13.0164918575,-13.0164918575
011764,"Lentils, dry",2024-09-01,106.600240726,0,0
011764,"Lentils, dry",2024-10-01,194.633310077,82.5824301621,82.5824301621
011764,"Lentils, dry",2024-11-01,284.513565884,46.1792772121,46.1792772121
011764,"Lentils, dry",2024-12-01,341.681712492,20.0932937694,20.0932937694
011764,"Lentils, dry",2025-01-01,230.110560296,-32.6535334251,-32.6535334251
011764,"Lentils, dry",2025-02-01,97.5701284482,-57.5985872518,-57.5985872518
011764,"Lentils, dry",2025-03-01,78.8669386092,-19.1689712174,-19.1689712174
011764,"Lentils, dry",2025-04-01,218.833754841,177.472105169,177.472105169
011764,"Lentils, dry",2025-05-01,415.679393223,89.9521367374,89.9521367374
011764,"Lentils, dry",2025-06-01,616.76090986,48.3741845073,48.3741845073
011764,"Lentils, dry",2025-07-01,570.201470813,-7.54902561138,-7.54902561138
011764,"Lentils, dry",2025-08-01,339.735199971,-40.4183929084,-40.4183929084
011764,"Lentils, dry",2025-09-01,167.993595362,-50.5516074352,-50.5516074352
011764,"Lentils, dry",2025-10-01,190.186814632,13.2107531965,13.2107531965
011764,"Lentils, dry",2025-11-01,96.587670175,-49.2143183732,-49.2143183732
011764,"Lentils, dry",2025-12-01,81.53816064,-15.5811911683,-15.5811911683
011764,"Lentils, dry",2026-01-01,62.0614995038,-23.8865593525,-23.8865593525
011764,"Lentils, dry",2026-02-01,49.5329612656,-20.1872954059,-20.1872954059
01177,"Other vegetables, tubers, plantains and cooking bananas, dried and dehydrated",2022-12-01,86.5318620465,,
01177,"Other vegetables, tubers, plantains and cooking bananas, dried and dehydrated",2023-01-01,82.5850605215,-4.56109626175,-4.56109626175
01177,"Other vegetables, tubers, plantains and cooking bananas, dried and dehydrated",2023-02-01,94.0782812037,13.9168278252,13.9168278252
01177,"Other vegetables, tubers, plantains and cooking bananas, dried and dehydrated",2023-03-01,96.042746478,2.08811773473,2.08811773473
01177,"Other vegetables, tubers, plantains and cooking bananas, dried and dehydrated",2023-04-01,84.6227042639,-11.8905827175,-11.8905827175
01177,"Other vegetables, tubers, plantains and cooking bananas, dried and dehydrated",2023-05-01,76.6276769966,-9.4478513029,-9.4478513029
01177,"Other vegetables, tubers, plantains and cooking bananas, dried and dehydrated",2023-06-01,90.6592804174,18.3114038828,18.3114038828
01177,"Other vegetables, tubers, plantains and cooking bananas, dried and dehydrated",2023-07-01,97.6598799791,7.72187858697,7.72187858697
01177,"Other vegetables, tubers, plantains and cooking bananas, dried and dehydrated",2023-08-01,109.77812592,12.4086226027,12.4086226027
01177,"Other vegetables, tubers, plantains and cooking bananas, dried and dehydrated",2023-09-01,120.465896783,9.73579278521,9.73579278521
01177,"Other vegetables, tubers, plantains and cooking bananas, dried and dehydrated",2023-10-01,177.296897464,47.1760076493,47.1760076493
01177,"Other vegetables, tubers, plantains and cooking bananas, dried and dehydrated",2023-11-01,154.618115481,-12.7914150261,-12.7914150261
01177,"Other vegetables, tubers, plantains and cooking bananas, dried and dehydrated",2023-12-01,181.014212737,17.0718011752,17.0718011753
01177,"Other vegetables, tubers, plantains and cooking bananas, dried and dehydrated",2024-01-01,701.207740039,287.377173006,287.377173006
01177,"Other vegetables, tubers, plantains and cooking bananas, dried and dehydrated",2024-02-01,1326.1104051,89.1180500977,89.1180500977
01177,"Other vegetables, tubers, plantains and cooking bananas, dried and dehydrated",2024-03-01,1252.52160888,-5.54922093438,-5.54922093438
01177,"Other vegetables, tubers, plantains and cooking bananas, dried and dehydrated",2024-04-01,735.943031313,-41.2430870579,-41.2430870579
01177,"Other vegetables, tubers, plantains and cooking bananas, dried and dehydrated",2024-05-01,379.577044171,-48.423039825,-48.423039825
01177,"Other vegetables, tubers, plantains and cooking bananas, dried and dehydrated",2024-06-01,190.405013837,-49.8375845533,-49.8375845533
01177,"Other vegetables, tubers, plantains and cooking bananas, dried and dehydrated",2024-07-01,243.529575253,27.9008206481,27.9008206481
01177,"Other vegetables, tubers, plantains and cooking bananas, dried and dehydrated",2024-08-01,322.664933026,32.4951734058,32.4951734058
01177,"Other vegetables, tubers, plantains and cooking bananas, dried and dehydrated",2024-09-01,1387.55221605,330.028823719,330.028823719
01177,"Other vegetables, tubers, plantains and cooking bananas, dried and dehydrated",2024-10-01,3628.12595444,161.476715074,161.476715074
01177,"Other vegetables, tubers, plantains and cooking bananas, dried and dehydrated",2024-11-01,1875.55743333,-48.3050628097,-48.3050628097
01177,"Other vegetables, tubers, plantains and cooking bananas, dried and dehydrated",2024-12-01,1292.01029303,-31.1132642451,-31.1132642451
01177,"Other vegetables, tubers, plantains and cooking bananas, dried and dehydrated",2025-01-01,598.219646082,-53.6985386797,-53.6985386797
01177,"Other vegetables, tubers, plantains and cooking bananas, dried and dehydrated",2025-02-01,210.204119338,-64.8617158072,-64.8617158072
01177,"Other vegetables, tubers, plantains and cooking bananas, dried and dehydrated",2025-03-01,509.119883502,142.20261958,142.20261958
01177,"Other vegetables, tubers, plantains and cooking bananas, dried and dehydrated",2025-04-01,1428.74558615,180.630482613,180.630482613
01177,"Other vegetables, tubers, plantains and cooking bananas, dried and dehydrated",2025-05-01,3910.47126965,173.699622071,173.699622071
01177,"Other vegetables, tubers, plantains and cooking bananas, dried and dehydrated",2025-06-01,9310.83717701,138.100130009,138.100130009
01177,"Other vegetables, tubers, plantains and cooking bananas, dried and dehydrated",2025-07-01,7424.92448708,-20.2550281364,-20.2550281364
01177,"Other vegetables, tubers, plantains and cooking bananas, dried and dehydrated",2025-08-01,3305.87568521,-55.4759689346,-55.4759689346
01177,"Other vegetables, tubers, plantains and cooking bananas, dried and dehydrated",2025-09-01,2288.71003602,-30.768417994,-30.768417994
01177,"Other vegetables, tubers, plantains and cooking bananas, dried and dehydrated",2025-10-01,814.527558887,-64.4110636093,-64.4110636093
01177,"Other vegetables, tubers, plantains and cooking bananas, dried and dehydrated",2025-11-01,184.970094573,-77.291118937,-77.291118937
01177,"Other vegetables, tubers, plantains and cooking bananas, dried and dehydrated",2025-12-01,123.111327685,-33.4425773155,-33.4425773155
01177,"Other vegetables, tubers, plantains and cooking bananas, dried and dehydrated",2026-01-01,133.391196864,8.35005955381,8.35005955381
01177,"Other vegetables, tubers, plantains and cooking bananas, dried and dehydrated",2026-02-01,127.849680072,-4.15433471074,-4.15433471074
011770,"Other vegetables, tubers, plantains and cooking bananas, dried and dehydrate",2022-12-01,86.5318620465,,
011770,"Other vegetables, tubers, plantains and cooking bananas, dried and dehydrate",2023-01-01,82.5850605215,-4.56109626175,-4.56109626175
011770,"Other vegetables, tubers, plantains and cooking bananas, dried and dehydrate",2023-02-01,94.0782812037,13.9168278252,13.9168278252
011770,"Other vegetables, tubers, plantains and cooking bananas, dried and dehydrate",2023-03-01,96.042746478,2.08811773473,2.08811773473
011770,"Other vegetables, tubers, plantains and cooking bananas, dried and dehydrate",2023-04-01,84.6227042639,-11.8905827175,-11.8905827175
011770,"Other vegetables, tubers, plantains and cooking bananas, dried and dehydrate",2023-05-01,76.6276769966,-9.4478513029,-9.4478513029
011770,"Other vegetables, tubers, plantains and cooking bananas, dried and dehydrate",2023-06-01,90.6592804174,18.3114038828,18.3114038828
011770,"Other vegetables, tubers, plantains and cooking bananas, dried and dehydrate",2023-07-01,97.6598799791,7.72187858697,7.72187858697
011770,"Other vegetables, tubers, plantains and cooking bananas, dried and dehydrate",2023-08-01,109.77812592,12.4086226027,12.4086226027
011770,"Other vegetables, tubers, plantains and cooking bananas, dried and dehydrate",2023-09-01,120.465896783,9.73579278521,9.73579278521
011770,"Other vegetables, tubers, plantains and cooking bananas, dried and dehydrate",2023-10-01,177.296897464,47.1760076493,47.1760076493
011770,"Other vegetables, tubers, plantains and cooking bananas, dried and dehydrate",2023-11-01,154.618115481,-12.7914150261,-12.7914150261
011770,"Other vegetables, tubers, plantains and cooking bananas, dried and dehydrate",2023-12-01,181.014212737,17.0718011752,17.0718011753
011770,"Other vegetables, tubers, plantains and cooking bananas, dried and dehydrate",2024-01-01,701.207740039,287.377173006,287.377173006
011770,"Other vegetables, tubers, plantains and cooking bananas, dried and dehydrate",2024-02-01,1326.1104051,89.1180500977,89.1180500977
011770,"Other vegetables, tubers, plantains and cooking bananas, dried and dehydrate",2024-03-01,1252.52160888,-5.54922093438,-5.54922093438
011770,"Other vegetables, tubers, plantains and cooking bananas, dried and dehydrate",2024-04-01,735.943031313,-41.2430870579,-41.2430870579
011770,"Other vegetables, tubers, plantains and cooking bananas, dried and dehydrate",2024-05-01,379.577044171,-48.423039825,-48.423039825
011770,"Other vegetables, tubers, plantains and cooking bananas, dried and dehydrate",2024-06-01,190.405013837,-49.8375845533,-49.8375845533
011770,"Other vegetables, tubers, plantains and cooking bananas, dried and dehydrate",2024-07-01,243.529575253,27.9008206481,27.9008206481
011770,"Other vegetables, tubers, plantains and cooking bananas, dried and dehydrate",2024-08-01,322.664933026,32.4951734058,32.4951734058
011770,"Other vegetables, tubers, plantains and cooking bananas, dried and dehydrate",2024-09-01,1387.55221605,330.028823719,330.028823719
011770,"Other vegetables, tubers, plantains and cooking bananas, dried and dehydrate",2024-10-01,3628.12595444,161.476715074,161.476715074
011770,"Other vegetables, tubers, plantains and cooking bananas, dried and dehydrate",2024-11-01,1875.55743333,-48.3050628097,-48.3050628097
011770,"Other vegetables, tubers, plantains and cooking bananas, dried and dehydrate",2024-12-01,1292.01029303,-31.1132642451,-31.1132642451
011770,"Other vegetables, tubers, plantains and cooking bananas, dried and dehydrate",2025-01-01,598.219646082,-53.6985386797,-53.6985386797
011770,"Other vegetables, tubers, plantains and cooking bananas, dried and dehydrate",2025-02-01,210.204119338,-64.8617158072,-64.8617158072
011770,"Other vegetables, tubers, plantains and cooking bananas, dried and dehydrate",2025-03-01,509.119883502,142.20261958,142.20261958
011770,"Other vegetables, tubers, plantains and cooking bananas, dried and dehydrate",2025-04-01,1428.74558615,180.630482613,180.630482613
011770,"Other vegetables, tubers, plantains and cooking bananas, dried and dehydrate",2025-05-01,3910.47126965,173.699622071,173.699622071
011770,"Other vegetables, tubers, plantains and cooking bananas, dried and dehydrate",2025-06-01,9310.83717701,138.100130009,138.100130009
011770,"Other vegetables, tubers, plantains and cooking bananas, dried and dehydrate",2025-07-01,7424.92448708,-20.2550281364,-20.2550281364
011770,"Other vegetables, tubers, plantains and cooking bananas, dried and dehydrate",2025-08-01,3305.87568521,-55.4759689346,-55.4759689346
011770,"Other vegetables, tubers, plantains and cooking bananas, dried and dehydrate",2025-09-01,2288.71003602,-30.768417994,-30.768417994
011770,"Other vegetables, tubers, plantains and cooking bananas, dried and dehydrate",2025-10-01,814.527558887,-64.4110636093,-64.4110636093
011770,"Other vegetables, tubers, plantains and cooking bananas, dried and dehydrate",2025-11-01,184.970094573,-77.291118937,-77.291118937
011770,"Other vegetables, tubers, plantains and cooking bananas, dried and dehydrate",2025-12-01,123.111327685,-33.4425773155,-33.4425773155
011770,"Other vegetables, tubers, plantains and cooking bananas, dried and dehydrate",2026-01-01,133.391196864,8.35005955381,8.35005955381
011770,"Other vegetables, tubers, plantains and cooking bananas, dried and dehydrate",2026-02-01,127.849680072,-4.15433471074,-4.15433471074
011770.3,Dry onion,2022-12-01,91.24834893,,
011770.3,Dry onion,2023-01-01,86.7388395532,-4.94201750459,-4.94201750459
011770.3,Dry onion,2023-02-01,99.1077414634,14.259934735,14.259934735
011770.3,Dry onion,2023-03-01,102.171408111,3.09124857711,3.09124857711
011770.3,Dry onion,2023-04-01,88.2535497676,-13.6220676615,-13.6220676615
011770.3,Dry onion,2023-05-01,80.3107836324,-8.99993955606,-8.99993955606
011770.3,Dry onion,2023-06-01,94.2699298368,17.3814095356,17.3814095356
011770.3,Dry onion,2023-07-01,102.141026886,8.34953103613,8.34953103613
011770.3,Dry onion,2023-08-01,114.543352117,12.142354163,12.142354163
011770.3,Dry onion,2023-09-01,127.174598612,11.0274810906,11.0274810906
011770.3,Dry onion,2023-10-01,191.661996048,50.7077656545,50.7077656545
011770.3,Dry onion,2023-11-01,163.996440303,-14.4345547451,-14.4345547451
011770.3,Dry onion,2023-12-01,194.745772859,18.75,18.75
011770.3,Dry onion,2024-01-01,768.733313919,294.736842105,294.736842105
011770.3,Dry onion,2024-02-01,1503.30070278,95.5555555556,95.5555555556
011770.3,Dry onion,2024-03-01,1383.71996505,-7.95454545455,-7.95454545455
011770.3,Dry onion,2024-04-01,808.268170063,-41.5873015873,-41.5873015873
011770.3,Dry onion,2024-05-01,415.115989516,-48.6413043478,-48.6413043478
011770.3,Dry onion,2024-06-01,194.745772859,-53.0864197531,-53.0864197531
011770.3,Dry onion,2024-07-01,258.489553606,32.7317917149,32.7317917149
011770.3,Dry onion,2024-08-01,347.888985086,34.5853169821,34.5853169821
011770.3,Dry onion,2024-09-01,1424.43435909,309.450836375,309.450836375
011770.3,Dry onion,2024-10-01,3949.36740026,177.258644813,177.258644813
011770.3,Dry onion,2024-11-01,2093.00456936,-47.00405515,-47.00405515
011770.3,Dry onion,2024-12-01,1418.80574195,-32.2120093423,-32.2120093423
011770.3,Dry onion,2025-01-01,655.985761211,-53.7649347041,-53.7649347041
011770.3,Dry onion,2025-02-01,219.800784572,-66.4930555556,-66.4930555556
011770.3,Dry onion,2025-03-01,561.687808037,155.544041451,155.544041451
011770.3,Dry onion,2025-04-01,1514.68934446,169.667477697,169.667477697
011770.3,Dry onion,2025-05-01,4356.15544554,187.593984962,187.593984962
011770.3,Dry onion,2025-06-01,9854.42895748,126.218487395,126.218487395
011770.3,Dry onion,2025-07-01,7038.18056299,-28.57850421,-28.57850421
011770.3,Dry onion,2025-08-01,3525.92346651,-49.9029126214,-49.9029126214
011770.3,Dry onion,2025-09-01,2480.44615958,-29.6511627907,-29.6511627907
011770.3,Dry onion,2025-10-01,901.980421665,-63.6363636364,-63.6363636364
011770.3,Dry onion,2025-11-01,196.322661709,-78.2342657343,-78.2342657343
011770.3,Dry onion,2025-12-01,123.785774652,-36.9477911647,-36.9477911647
011770.3,Dry onion,2026-01-01,136.042501615,9.90156340475,9.90156340475
011770.3,Dry onion,2026-02-01,131.670218897,-3.21390937829,-3.21390937829
011770.4,Dry garlic,2022-12-01,54.8767044701,,
011770.4,Dry garlic,2023-01-01,54.823690163,-0.0966062148838,-0.0966062148839
011770.4,Dry garlic,2023-02-01,61.0270337313,11.3150784812,11.3150784812
011770.4,Dry garlic,2023-03-01,55.626727158,-8.84903991407,-8.84903991407
011770.4,Dry garlic,2023-04-01,59.5205535734,6.99992002827,6.99992002827
011770.4,Dry garlic,2023-05-01,50.7171834381,-14.7904708656,-14.7904708656
011770.4,Dry garlic,2023-06-01,66.4550946367,31.0307279146,31.0307279146
011770.4,Dry garlic,2023-07-01,68.5076893889,3.08869434831,3.08869434831
011770.4,Dry garlic,2023-08-01,79.3262189979,15.7917012024,15.7917012024
011770.4,Dry garlic,2023-09-01,78.0780644325,-1.57344517509,-1.57344517509
011770.4,Dry garlic,2023-10-01,89.0916092977,14.1058118504,14.1058118504
011770.4,Dry garlic,2023-11-01,97.1249991728,9.01699939915,9.01699939915
011770.4,Dry garlic,2023-12-01,97.1249991728,0,0
011770.4,Dry garlic,2024-01-01,303.316236315,212.294711864,212.294711864
011770.4,Dry garlic,2024-02-01,260.745536481,-14.0350877193,-14.0350877193
011770.4,Dry garlic,2024-03-01,478.920373129,83.6734693878,83.6734693878
011770.4,Dry garlic,2024-04-01,309.302740979,-35.4166666667,-35.4166666667
011770.4,Dry garlic,2024-05-01,167.622130595,-45.8064516129,-45.8064516129
011770.4,Dry garlic,2024-06-01,167.622130595,0,0
011770.4,Dry garlic,2024-07-01,155.649121267,-7.14285714286,-7.14285714286
011770.4,Dry garlic,2024-08-01,173.608635259,11.5384615385,11.5384615385
011770.4,Dry garlic,2024-09-01,1230.22670847,608.620689655,608.620689655
011770.4,Dry garlic,2024-10-01,1778.98963602,44.6066504461,44.6066504461
011770.4,Dry garlic,2024-11-01,585.263976815,-67.1013273509,-67.1013273509
011770.4,Dry garlic,2024-12-01,549.261802932,-6.15144196619,-6.15144196619
011770.4,Dry garlic,2025-01-01,256.754533372,-53.2546170148,-53.2546170148
011770.4,Dry garlic,2025-02-01,154.793906315,-39.7113249445,-39.7113249445
011770.4,Dry garlic,2025-03-01,195.559152361,26.335174954,26.335174954
011770.4,Dry garlic,2025-04-01,957.840746257,389.795918367,389.795918367
011770.4,Dry garlic,2025-05-01,1277.12099501,33.3333333333,33.3333333333
011770.4,Dry garlic,2025-06-01,6385.60497505,400,400
011770.4,Dry garlic,2025-07-01,10376.6080845,62.5,62.5
011770.4,Dry garlic,2025-08-01,2088.62496059,-79.8717948718,-79.8717948718
011770.4,Dry garlic,2025-09-01,1190.04456353,-43.022582513,-43.022582513
011770.4,Dry garlic,2025-10-01,295.334230096,-75.1829268293,-75.1829268293
011770.4,Dry garlic,2025-11-01,116.66009089,-60.498960499,-60.498960499
011770.4,Dry garlic,2025-12-01,119.730093282,2.63157894737,2.63157894737
011770.4,Dry garlic,2026-01-01,117.91600096,-1.51515151515,-1.51515151515
011770.4,Dry garlic,2026-02-01,104.491717774,-11.3846153846,-11.3846153846
01179,"Vegetables, tubers, plantains, cooking bananas and pulses ground and other preparations",2022-12-01,103.882692178,,
01179,"Vegetables, tubers, plantains, cooking bananas and pulses ground and other preparations",2023-01-01,103.475190577,-0.392270928402,-0.392270928402
01179,"Vegetables, tubers, plantains, cooking bananas and pulses ground and other preparations",2023-02-01,103.994024357,0.501408866422,0.501408866422
01179,"Vegetables, tubers, plantains, cooking bananas and pulses ground and other preparations",2023-03-01,104.625520729,0.607242940828,0.607242940828
01179,"Vegetables, tubers, plantains, cooking bananas and pulses ground and other preparations",2023-04-01,102.392708505,-2.13409903108,-2.13409903108
01179,"Vegetables, tubers, plantains, cooking bananas and pulses ground and other preparations",2023-05-01,103.170901102,0.760007825425,0.760007825425
01179,"Vegetables, tubers, plantains, cooking bananas and pulses ground and other preparations",2023-06-01,106.633983898,3.35664684422,3.35664684422
01179,"Vegetables, tubers, plantains, cooking bananas and pulses ground and other preparations",2023-07-01,106.469477701,-0.154271828686,-0.154271828686
01179,"Vegetables, tubers, plantains, cooking bananas and pulses ground and other preparations",2023-08-01,105.701892657,-0.720943749265,-0.720943749265
01179,"Vegetables, tubers, plantains, cooking bananas and pulses ground and other preparations",2023-09-01,106.929394199,1.16128624676,1.16128624676
01179,"Vegetables, tubers, plantains, cooking bananas and pulses ground and other preparations",2023-10-01,107.207623891,0.26019944672,0.26019944672
01179,"Vegetables, tubers, plantains, cooking bananas and pulses ground and other preparations",2023-11-01,141.76747131,32.236371039,32.236371039
01179,"Vegetables, tubers, plantains, cooking bananas and pulses ground and other preparations",2023-12-01,159.253581811,12.3343601597,12.3343601597
01179,"Vegetables, tubers, plantains, cooking bananas and pulses ground and other preparations",2024-01-01,169.69805321,6.55839026053,6.55839026053
01179,"Vegetables, tubers, plantains, cooking bananas and pulses ground and other preparations",2024-02-01,173.322804121,2.13600029145,2.13600029145
01179,"Vegetables, tubers, plantains, cooking bananas and pulses ground and other preparations",2024-03-01,193.278824084,11.5137878503,11.5137878503
01179,"Vegetables, tubers, plantains, cooking bananas and pulses ground and other preparations",2024-04-01,151.007144095,-21.8708284209,-21.8708284209
01179,"Vegetables, tubers, plantains, cooking bananas and pulses ground and other preparations",2024-05-01,154.585474448,2.36964308858,2.36964308858
01179,"Vegetables, tubers, plantains, cooking bananas and pulses ground and other preparations",2024-06-01,131.488140149,-14.9414648311,-14.9414648311
01179,"Vegetables, tubers, plantains, cooking bananas and pulses ground and other preparations",2024-07-01,108.249258453,-17.6737473583,-17.6737473583
01179,"Vegetables, tubers, plantains, cooking bananas and pulses ground and other preparations",2024-08-01,107.137875369,-1.02668886618,-1.02668886618
01179,"Vegetables, tubers, plantains, cooking bananas and pulses ground and other preparations",2024-09-01,108.801928578,1.55318854604,1.55318854604
01179,"Vegetables, tubers, plantains, cooking bananas and pulses ground and other preparations",2024-10-01,147.294180878,35.3782812528,35.3782812528
01179,"Vegetables, tubers, plantains, cooking bananas and pulses ground and other preparations",2024-11-01,257.298567496,74.6834572564,74.6834572564
01179,"Vegetables, tubers, plantains, cooking bananas and pulses ground and other preparations",2024-12-01,258.283356293,0.382741655493,0.382741655493
01179,"Vegetables, tubers, plantains, cooking bananas and pulses ground and other preparations",2025-01-01,176.667479942,-31.5993556544,-31.5993556544
01179,"Vegetables, tubers, plantains, cooking bananas and pulses ground and other preparations",2025-02-01,75.7046219839,-57.1485244432,-57.1485244432
01179,"Vegetables, tubers, plantains, cooking bananas and pulses ground and other preparations",2025-03-01,87.2871170912,15.2995877976,15.2995877976
01179,"Vegetables, tubers, plantains, cooking bananas and pulses ground and other preparations",2025-04-01,201.489262074,130.835051939,130.835051939
01179,"Vegetables, tubers, plantains, cooking bananas and pulses ground and other preparations",2025-05-01,347.2275076,72.3305272084,72.3305272084
01179,"Vegetables, tubers, plantains, cooking bananas and pulses ground and other preparations",2025-06-01,705.005861024,103.038597344,103.038597344
01179,"Vegetables, tubers, plantains, cooking bananas and pulses ground and other preparations",2025-07-01,773.157773418,9.66685756273,9.66685756273
01179,"Vegetables, tubers, plantains, cooking bananas and pulses ground and other preparations",2025-08-01,539.761429242,-30.1874148072,-30.1874148072
01179,"Vegetables, tubers, plantains, cooking bananas and pulses ground and other preparations",2025-09-01,270.606843038,-49.8654723407,-49.8654723407
01179,"Vegetables, tubers, plantains, cooking bananas and pulses ground and other preparations",2025-10-01,186.75607469,-30.986196582,-30.986196582
01179,"Vegetables, tubers, plantains, cooking bananas and pulses ground and other preparations",2025-11-01,131.249932093,-29.7211979255,-29.7211979255
01179,"Vegetables, tubers, plantains, cooking bananas and pulses ground and other preparations",2025-12-01,117.540595004,-10.4452146149,-10.4452146149
01179,"Vegetables, tubers, plantains, cooking bananas and pulses ground and other preparations",2026-01-01,113.856881474,-3.1339925834,-3.1339925834
01179,"Vegetables, tubers, plantains, cooking bananas and pulses ground and other preparations",2026-02-01,95.8378422478,-15.8260431809,-15.8260431809
011792,Canned vegetables,2022-12-01,107.025428374,,
011792,Canned vegetables,2023-01-01,106.499050348,-0.491825199446,-0.491825199446
011792,Canned vegetables,2023-02-01,106.770992113,0.25534665717,0.25534665717
011792,Canned vegetables,2023-03-01,107.392296199,0.581903450054,0.581903450054
011792,Canned vegetables,2023-04-01,104.748145868,-2.46214153629,-2.46214153629
011792,Canned vegetables,2023-05-01,105.828483122,1.03136646992,1.03136646992
011792,Canned vegetables,2023-06-01,109.988831903,3.93121838092,3.93121838092
011792,Canned vegetables,2023-07-01,109.837631719,-0.137468669281,-0.137468669281
011792,Canned vegetables,2023-08-01,108.609311725,-1.11830524345,-1.11830524345
011792,Canned vegetables,2023-09-01,110.460758686,1.7046852911,1.7046852911
011792,Canned vegetables,2023-10-01,110.809385814,0.315611745023,0.315611745023
011792,Canned vegetables,2023-11-01,150.915010939,36.1933466465,36.1933466465
011792,Canned vegetables,2023-12-01,172.138872193,14.0634527489,14.0634527489
011792,Canned vegetables,2024-01-01,184.815905879,7.36442241323,7.36442241323
011792,Canned vegetables,2024-02-01,189.215466915,2.38050995368,2.38050995368
011792,Canned vegetables,2024-03-01,213.437194146,12.8011349315,12.8011349315
011792,Canned vegetables,2024-04-01,150.585104425,-29.4475805738,-29.4475805738
011792,Canned vegetables,2024-05-01,154.928322257,2.88422805742,2.88422805742
011792,Canned vegetables,2024-06-01,128.350043604,-17.1552097553,-17.1552097553
011792,Canned vegetables,2024-07-01,110.33737615,-14.0340174011,-14.0340174011
011792,Canned vegetables,2024-08-01,108.988428917,-1.22256598839,-1.22256598839
011792,Canned vegetables,2024-09-01,111.008182505,1.85318167069,1.85318167069
011792,Canned vegetables,2024-10-01,152.732035552,37.5862860791,37.5862860791
011792,Canned vegetables,2024-11-01,261.113891557,70.9620975148,70.9620975148
011792,Canned vegetables,2024-12-01,264.649235714,1.35394717458,1.35394717458
011792,Canned vegetables,2025-01-01,189.477605498,-28.4042498791,-28.4042498791
011792,Canned vegetables,2025-02-01,77.5004052059,-59.0978548615,-59.0978548615
011792,Canned vegetables,2025-03-01,91.3927812192,17.9255527458,17.9255527458
011792,Canned vegetables,2025-04-01,230.00625275,151.66785569,151.66785569
011792,Canned vegetables,2025-05-01,350.660925777,52.4571273978,52.4571273978
011792,Canned vegetables,2025-06-01,782.161577161,123.053531108,123.053531108
011792,Canned vegetables,2025-07-01,863.847829448,10.4436544408,10.4436544408
011792,Canned vegetables,2025-08-01,582.485005773,-32.5708781203,-32.5708781203
011792,Canned vegetables,2025-09-01,296.768203448,-49.0513574587,-49.0513574587
011792,Canned vegetables,2025-10-01,204.592838285,-31.0597173459,-31.0597173459
011792,Canned vegetables,2025-11-01,111.274865514,-45.6115539299,-45.6115539299
011792,Canned vegetables,2025-12-01,110.255064824,-0.91646993725,-0.91646993725
011792,Canned vegetables,2026-01-01,105.788107974,-4.05147541924,-4.05147541924
011792,Canned vegetables,2026-02-01,91.7789408805,-13.2426672162,-13.2426672162
0118,"Sugar, confectionery and desserts",2022-12-01,97.4420869131,,
0118,"Sugar, confectionery and desserts",2023-01-01,97.5331206815,0.0934234593032,0.0934234593032
0118,"Sugar, confectionery and desserts",2023-02-01,97.9193449466,0.395992932818,0.395992932818
0118,"Sugar, confectionery and desserts",2023-03-01,98.4323982837,0.523955033967,0.523955033967
0118,"Sugar, confectionery and desserts",2023-04-01,99.0124403423,0.589279615965,0.589279615965
0118,"Sugar, confectionery and desserts",2023-05-01,98.9637329117,-0.0491932431747,-0.0491932431747
0118,"Sugar, confectionery and desserts",2023-06-01,98.6548763272,-0.312090677511,-0.312090677511
0118,"Sugar, confectionery and desserts",2023-07-01,101.677301663,3.06363501605,3.06363501605
0118,"Sugar, confectionery and desserts",2023-08-01,102.662634273,0.969078244449,0.969078244449
0118,"Sugar, confectionery and desserts",2023-09-01,106.269519026,3.51333742647,3.51333742647
0118,"Sugar, confectionery and desserts",2023-10-01,106.886558147,0.580636033938,0.580636033938
0118,"Sugar, confectionery and desserts",2023-11-01,107.820960625,0.874200175053,0.874200175053
0118,"Sugar, confectionery and desserts",2023-12-01,192.729428971,78.7495008885,78.7495008885
0118,"Sugar, confectionery and desserts",2024-01-01,268.993560549,39.5705689503,39.5705689503
0118,"Sugar, confectionery and desserts",2024-02-01,574.676282611,113.639420006,113.639420006
0118,"Sugar, confectionery and desserts",2024-03-01,660.444308202,14.9245807051,14.9245807051
0118,"Sugar, confectionery and desserts",2024-04-01,183.942473355,-72.1486776295,-72.1486776295
0118,"Sugar, confectionery and desserts",2024-05-01,254.326823463,38.2643273325,38.2643273325
0118,"Sugar, confectionery and desserts",2024-06-01,144.349949165,-43.2423418028,-43.2423418028
0118,"Sugar, confectionery and desserts",2024-07-01,131.05261773,-9.21187122833,-9.21187122833
0118,"Sugar, confectionery and desserts",2024-08-01,123.511680117,-5.7541297098,-5.7541297098
0118,"Sugar, confectionery and desserts",2024-09-01,251.87593491,103.92883869,103.92883869
0118,"Sugar, confectionery and desserts",2024-10-01,477.18558851,89.4526321782,89.4526321782
0118,"Sugar, confectionery and desserts",2024-11-01,613.926775213,28.655766225,28.655766225
0118,"Sugar, confectionery and desserts",2024-12-01,453.892736383,-26.0672844534,-26.0672844534
0118,"Sugar, confectionery and desserts",2025-01-01,233.722240118,-48.5071644943,-48.5071644943
0118,"Sugar, confectionery and desserts",2025-02-01,148.560218551,-36.4372776521,-36.4372776521
0118,"Sugar, confectionery and desserts",2025-03-01,184.552472177,24.2273833309,24.2273833309
0118,"Sugar, confectionery and desserts",2025-04-01,470.101360236,154.725040901,154.725040901
0118,"Sugar, confectionery and desserts",2025-05-01,1147.7123751,144.141470793,144.141470793
0118,"Sugar, confectionery and desserts",2025-06-01,2876.46079949,150.625580232,150.625580232
0118,"Sugar, confectionery and desserts",2025-07-01,3794.08875706,31.9012850004,31.9012850004
0118,"Sugar, confectionery and desserts",2025-08-01,1439.41573217,-62.0616220565,-62.0616220565
0118,"Sugar, confectionery and desserts",2025-09-01,385.802565488,-73.1972801974,-73.1972801974
0118,"Sugar, confectionery and desserts",2025-10-01,243.281545636,-36.9414391195,-36.9414391195
0118,"Sugar, confectionery and desserts",2025-11-01,171.069941451,-29.6823188938,-29.6823188938
0118,"Sugar, confectionery and desserts",2025-12-01,134.506893828,-21.3731572669,-21.3731572669
0118,"Sugar, confectionery and desserts",2026-01-01,120.712259227,-10.2557082455,-10.2557082455
0118,"Sugar, confectionery and desserts",2026-02-01,102.844662616,-14.8018078073,-14.8018078073
01182,Other sugar and sugar substitutes,2022-12-01,101.795075544,,
01182,Other sugar and sugar substitutes,2023-01-01,101.602521009,-0.189158988188,-0.189158988188
01182,Other sugar and sugar substitutes,2023-02-01,102.614298779,0.995819552357,0.995819552357
01182,Other sugar and sugar substitutes,2023-03-01,102.86603719,0.245324885262,0.245324885262
01182,Other sugar and sugar substitutes,2023-04-01,103.723840332,0.833903167072,0.833903167072
01182,Other sugar and sugar substitutes,2023-05-01,103.069956401,-0.630408524151,-0.630408524151
01182,Other sugar and sugar substitutes,2023-06-01,100.87665661,-2.12797197898,-2.12797197898
01182,Other sugar and sugar substitutes,2023-07-01,108.96343183,8.01649806053,8.01649806053
01182,Other sugar and sugar substitutes,2023-08-01,119.54227045,9.70861365335,9.70861365335
01182,Other sugar and sugar substitutes,2023-09-01,130.285975414,8.98736900657,8.98736900657
01182,Other sugar and sugar substitutes,2023-10-01,132.181620608,1.45498791254,1.45498791254
01182,Other sugar and sugar substitutes,2023-11-01,135.151189965,2.24658265137,2.24658265137
01182,Other sugar and sugar substitutes,2023-12-01,404.993780883,199.659796549,199.659796549
01182,Other sugar and sugar substitutes,2024-01-01,641.240153065,58.3333333333,58.3333333333
01182,Other sugar and sugar substitutes,2024-02-01,1597.47546904,149.122807018,149.122807018
01182,Other sugar and sugar substitutes,2024-03-01,1839.34675485,15.1408450704,15.1408450704
01182,Other sugar and sugar substitutes,2024-04-01,354.369558273,-80.7339449541,-80.7339449541
01182,Other sugar and sugar substitutes,2024-05-01,582.17856002,64.2857142857,64.2857142857
01182,Other sugar and sugar substitutes,2024-06-01,240.465057399,-58.6956521739,-58.6956521739
01182,Other sugar and sugar substitutes,2024-07-01,206.715575659,-14.0350877193,-14.0350877193
01182,Other sugar and sugar substitutes,2024-08-01,188.997097746,-8.57142857143,-8.57142857143
01182,Other sugar and sugar substitutes,2024-09-01,596.943958281,215.848214286,215.848214286
01182,Other sugar and sugar substitutes,2024-10-01,1293.02701917,116.607773852,116.607773852
01182,Other sugar and sugar substitutes,2024-11-01,1718.41111194,32.8983143013,32.8983143013
01182,Other sugar and sugar substitutes,2024-12-01,1184.47700338,-31.0713836082,-31.0713836082
01182,Other sugar and sugar substitutes,2025-01-01,464.055373929,-60.8219178082,-60.8219178082
01182,Other sugar and sugar substitutes,2025-02-01,206.715575659,-55.4545454545,-55.4545454545
01182,Other sugar and sugar substitutes,2025-03-01,320.620076533,55.1020408163,55.1020408163
01182,Other sugar and sugar substitutes,2025-04-01,1228.1061411,283.040935673,283.040935673
01182,Other sugar and sugar substitutes,2025-05-01,3362.89478769,173.827699019,173.827699019
01182,Other sugar and sugar substitutes,2025-06-01,7516.29082924,123.506571087,123.506571087
01182,Other sugar and sugar substitutes,2025-07-01,10370.7336033,37.9767472939,37.9767472939
01182,Other sugar and sugar substitutes,2025-08-01,2917.79610318,-71.8650944592,-71.8650944592
01182,Other sugar and sugar substitutes,2025-09-01,441.811397327,-84.858044164,-84.858044164
01182,Other sugar and sugar substitutes,2025-10-01,233.178237478,-47.2222222222,-47.2222222222
01182,Other sugar and sugar substitutes,2025-11-01,164.528723484,-29.4407894737,-29.4407894737
01182,Other sugar and sugar substitutes,2025-12-01,139.600129017,-15.1515151515,-15.1515151515
01182,Other sugar and sugar substitutes,2026-01-01,139.216612179,-0.274725274725,-0.274725274725
01182,Other sugar and sugar substitutes,2026-02-01,133.463859609,-4.13223140496,-4.13223140496
0119,Ready-made food and other food products,2022-12-01,93.0935010533,,
0119,Ready-made food and other food products,2023-01-01,93.0723280314,-0.0227438239455,-0.0227438239455
0119,Ready-made food and other food products,2023-02-01,93.3879778141,0.339144608743,0.339144608743
0119,Ready-made food and other food products,2023-03-01,94.7798730314,1.49044368434,1.49044368434
0119,Ready-made food and other food products,2023-04-01,94.8665499929,0.0914508099122,0.0914508099122
0119,Ready-made food and other food products,2023-05-01,93.5175324935,-1.42201597877,-1.42201597877
0119,Ready-made food and other food products,2023-06-01,93.2876016499,-0.245869237005,-0.245869237005
0119,Ready-made food and other food products,2023-07-01,93.7273826276,0.471424894585,0.471424894585
0119,Ready-made food and other food products,2023-08-01,93.1539767023,-0.611780580267,-0.611780580267
0119,Ready-made food and other food products,2023-09-01,94.8938496254,1.86773875324,1.86773875324
0119,Ready-made food and other food products,2023-10-01,100.614485359,6.02845785707,6.02845785707
0119,Ready-made food and other food products,2023-11-01,107.225918398,6.57105486886,6.57105486886
0119,Ready-made food and other food products,2023-12-01,172.777558623,61.1341373469,61.1341373469
0119,Ready-made food and other food products,2024-01-01,152.478647303,-11.7485809391,-11.7485809391
0119,Ready-made food and other food products,2024-02-01,157.318769244,3.17429490999,3.17429490999
0119,Ready-made food and other food products,2024-03-01,193.677596461,23.1115634785,23.1115634785
0119,Ready-made food and other food products,2024-04-01,198.034134917,2.2493765596,2.2493765596
0119,Ready-made food and other food products,2024-05-01,185.235631809,-6.46277628498,-6.46277628498
0119,Ready-made food and other food products,2024-06-01,182.274171929,-1.59875281641,-1.59875281641
0119,Ready-made food and other food products,2024-07-01,176.642698437,-3.08956196707,-3.08956196707
0119,Ready-made food and other food products,2024-08-01,190.715041705,7.96655813816,7.96655813816
0119,Ready-made food and other food products,2024-09-01,198.09983166,3.8721591588,3.8721591588
0119,Ready-made food and other food products,2024-10-01,179.196262483,-9.5424458557,-9.5424458557
0119,Ready-made food and other food products,2024-11-01,217.511044724,21.3814628216,21.3814628216
0119,Ready-made food and other food products,2024-12-01,317.519106623,45.9783833165,45.9783833165
0119,Ready-made food and other food products,2025-01-01,307.475255856,-3.16322720639,-3.16322720639
0119,Ready-made food and other food products,2025-02-01,222.839557877,-27.5260192057,-27.5260192057
0119,Ready-made food and other food products,2025-03-01,216.259286947,-2.95291867939,-2.95291867939
0119,Ready-made food and other food products,2025-04-01,293.123927782,35.5428161816,35.5428161816
0119,Ready-made food and other food products,2025-05-01,345.095570658,17.7302628513,17.7302628513
0119,Ready-made food and other food products,2025-06-01,414.758195969,20.1864733233,20.1864733233
0119,Ready-made food and other food products,2025-07-01,709.418818705,71.0439541883,71.0439541883
0119,Ready-made food and other food products,2025-08-01,468.786522048,-33.9196382042,-33.9196382042
0119,Ready-made food and other food products,2025-09-01,277.075293965,-40.8952090273,-40.8952090273
0119,Ready-made food and other food products,2025-10-01,169.664713242,-38.7658456249,-38.7658456249
0119,Ready-made food and other food products,2025-11-01,195.192066053,15.0457642744,15.0457642744
0119,Ready-made food and other food products,2025-12-01,184.20957796,-5.62650332831,-5.62650332831
0119,Ready-made food and other food products,2026-01-01,174.247064937,-5.40824919829,-5.40824919829
0119,Ready-made food and other food products,2026-02-01,168.075329985,-3.5419448552,-3.5419448552
01192,Baby food,2022-12-01,99.4620159357,,
01192,Baby food,2023-01-01,100.166190442,0.707983343504,0.707983343504
01192,Baby food,2023-02-01,99.8166814092,-0.348929145555,-0.348929145555
01192,Baby food,2023-03-01,99.2880832155,-0.529568992106,-0.529568992106
01192,Baby food,2023-04-01,99.3228709007,0.0350371203063,0.0350371203063
01192,Baby food,2023-05-01,99.5016271231,0.179974884776,0.179974884776
01192,Baby food,2023-06-01,100.020780894,0.521754051146,0.521754051146
01192,Baby food,2023-07-01,101.439764345,1.41868863506,1.41868863506
01192,Baby food,2023-08-01,102.407885503,0.95438033032,0.95438033032
01192,Baby food,2023-09-01,102.274776039,-0.129979701321,-0.129979701321
01192,Baby food,2023-10-01,101.6438412,-0.616901706463,-0.616901706463
01192,Baby food,2023-11-01,116.394928569,14.5125245118,14.5125245118
01192,Baby food,2023-12-01,162.639471366,39.7307196842,39.7307196842
01192,Baby food,2024-01-01,146.375524229,-10,-10
01192,Baby food,2024-02-01,195.167365639,33.3333333333,33.3333333333
01192,Baby food,2024-03-01,178.903418503,-8.33333333333,-8.33333333333
01192,Baby food,2024-04-01,89.4517092513,-50,-50
01192,Baby food,2024-05-01,89.4517092513,0,0
01192,Baby food,2024-06-01,97.5836828196,9.09090909091,9.09090909091
01192,Baby food,2024-07-01,85.3857224672,-12.5,-12.5
01192,Baby food,2024-08-01,89.4517092513,4.7619047619,4.7619047619
01192,Baby food,2024-09-01,141.293040749,57.9545454545,57.9545454545
01192,Baby food,2024-10-01,154.507497798,9.35251798561,9.35251798561
01192,Baby food,2024-11-01,214.141970632,38.5964912281,38.5964912281
01192,Baby food,2024-12-01,211.413947683,-1.27393193448,-1.27393193448
01192,Baby food,2025-01-01,125.335339986,-40.7156711465,-40.7156711465
01192,Baby food,2025-02-01,114.835985275,-8.37701059625,-8.37701059625
01192,Baby food,2025-03-01,114.835985275,0,0
01192,Baby food,2025-04-01,133.75326674,16.4733044431,16.4733044431
01192,Baby food,2025-05-01,152.670548204,14.1434164008,14.1434164008
01192,Baby food,2025-06-01,203.11663211,33.0424462996,33.0424462996
01192,Baby food,2025-07-01,203.11663211,0,0
01192,Baby food,2025-08-01,261.444916626,28.7166461506,28.7166461506
01192,Baby food,2025-09-01,167.383989343,-35.9773402736,-35.9773402736
01192,Baby food,2025-10-01,95.9187038103,-42.6954129922,-42.6954129922
01192,Baby food,2025-11-01,124.45761641,29.7532300437,29.7532300437
01192,Baby food,2025-12-01,164.96441127,32.5466580738,32.5466580738
01192,Baby food,2026-01-01,160.532531564,-2.68656716418,-2.68656716418
01192,Baby food,2026-02-01,163.205728847,1.66520595968,1.66520595968
011921,Baby formula,2022-12-01,99.8617199562,,
011921,Baby formula,2023-01-01,100.806429654,0.946017851459,0.946017851459
011921,Baby formula,2023-02-01,100.877305335,0.0703086913899,0.07030869139
011921,Baby formula,2023-03-01,100.420784478,-0.452550606667,-0.452550606667
011921,Baby formula,2023-04-01,100.491389017,0.07030869139,0.07030869139
011921,Baby formula,2023-05-01,100.71041204,0.217952030372,0.217952030372
011921,Baby formula,2023-06-01,101.396319343,0.68106890729,0.681068907291
011921,Baby formula,2023-07-01,103.134944384,1.7146825966,1.7146825966
011921,Baby formula,2023-08-01,104.291634387,1.12153064037,1.12153064037
011921,Baby formula,2023-09-01,104.128540556,-0.156382467027,-0.156382467027
011921,Baby formula,2023-10-01,103.355480723,-0.742409169445,-0.742409169446
011921,Baby formula,2023-11-01,115.76835005,12.0098801155,12.0098801155
011921,Baby formula,2023-12-01,154.52404438,33.4769341648,33.4769341648
011921,Baby formula,2024-01-01,139.071639942,-10,-10
011921,Baby formula,2024-02-01,185.428853256,33.3333333333,33.3333333333
011921,Baby formula,2024-03-01,169.976448818,-8.33333333333,-8.33333333333
011921,Baby formula,2024-04-01,84.9882244091,-50,-50
011921,Baby formula,2024-05-01,84.9882244091,0,0
011921,Baby formula,2024-06-01,92.7144266281,9.09090909091,9.09090909091
011921,Baby formula,2024-07-01,81.1251232996,-12.5,-12.5
011921,Baby formula,2024-08-01,84.9882244091,4.7619047619,4.7619047619
011921,Baby formula,2024-09-01,134.242763555,57.9545454545,57.9545454545
011921,Baby formula,2024-10-01,146.797842161,9.35251798561,9.35251798561
011921,Baby formula,2024-11-01,203.456658434,38.5964912281,38.5964912281
011921,Baby formula,2024-12-01,207.06221947,1.77215189873,1.77215189873
011921,Baby formula,2025-01-01,107.614959479,-48.0277185501,-48.0277185501
011921,Baby formula,2025-02-01,108.166831066,0.512820512821,0.512820512821
011921,Baby formula,2025-03-01,108.166831066,0,0
011921,Baby formula,2025-04-01,131.345437723,21.4285714286,21.4285714286
011921,Baby formula,2025-05-01,154.52404438,17.6470588235,17.6470588235
011921,Baby formula,2025-06-01,216.333662132,40,40
011921,Baby formula,2025-07-01,216.333662132,0,0
011921,Baby formula,2025-08-01,287.801032658,33.0357142857,33.0357142857
011921,Baby formula,2025-09-01,172.551849558,-40.0447427293,-40.0447427293
011921,Baby formula,2025-10-01,84.9882244091,-50.7462686567,-50.7462686567
011921,Baby formula,2025-11-01,89.1088655926,4.84848484848,4.84848484848
011921,Baby formula,2025-12-01,131.345437723,47.3988439306,47.3988439306
011921,Baby formula,2026-01-01,127.816754322,-2.68656716418,-2.68656716418
011921,Baby formula,2026-02-01,129.945166532,1.66520595968,1.66520595968
011923,Homogenized baby food,2022-12-01,97.6876117029,,
011923,Homogenized baby food,2023-01-01,97.3239794312,-0.372239903643,-0.372239903643
011923,Homogenized baby food,2023-02-01,95.108258458,-2.27664444689,-2.27664444689
011923,Homogenized baby food,2023-03-01,94.259687674,-0.892215668525,-0.892215668525
011923,Homogenized baby food,2023-04-01,94.1354737615,-0.131778404471,-0.131778404471
011923,Homogenized baby food,2023-05-01,94.1354737615,0,0
011923,Homogenized baby food,2023-06-01,93.9143593374,-0.23488958542,-0.23488958542
011923,Homogenized baby food,2023-07-01,93.9143593374,0,0
011923,Homogenized baby food,2023-08-01,94.0453676868,0.139497676673,0.139497676673
011923,Homogenized baby food,2023-09-01,94.0453676868,0,0
011923,Homogenized baby food,2023-10-01,94.0453676868,0,0
011923,Homogenized baby food,2023-11-01,119.176495728,26.7223454587,26.7223454587
011923,Homogenized baby food,2023-12-01,198.66624932,66.6991868709,66.6991868709
011923,Homogenized baby food,2024-01-01,178.799624388,-10,-10
011923,Homogenized baby food,2024-02-01,238.399499184,33.3333333333,33.3333333333
011923,Homogenized baby food,2024-03-01,218.532874252,-8.33333333333,-8.33333333333
011923,Homogenized baby food,2024-04-01,109.266437126,-50,-50
011923,Homogenized baby food,2024-05-01,109.266437126,0,0
011923,Homogenized baby food,2024-06-01,119.199749592,9.09090909091,9.09090909091
011923,Homogenized baby food,2024-07-01,104.299780893,-12.5,-12.5
011923,Homogenized baby food,2024-08-01,109.266437126,4.7619047619,4.7619047619
011923,Homogenized baby food,2024-09-01,172.591304096,57.9545454545,57.9545454545
011923,Homogenized baby food,2024-10-01,188.732936854,9.35251798561,9.35251798561
011923,Homogenized baby food,2024-11-01,261.577228271,38.5964912281,38.5964912281
011923,Homogenized baby food,2024-12-01,230.732554866,-11.7918037472,-11.7918037472
011923,Homogenized baby food,2025-01-01,204.001344241,-11.5853658537,-11.5853658537
011923,Homogenized baby food,2025-02-01,144.442331095,-29.1954022989,-29.1954022989
011923,Homogenized baby food,2025-03-01,144.442331095,0,0
011923,Homogenized baby food,2025-04-01,144.442331095,0,0
011923,Homogenized baby food,2025-05-01,144.442331095,0,0
011923,Homogenized baby food,2025-06-01,144.442331095,0,0
011923,Homogenized baby food,2025-07-01,144.442331095,0,0
011923,Homogenized baby food,2025-08-01,144.442331095,0,0
011923,Homogenized baby food,2025-09-01,144.442331095,0,0
011923,Homogenized baby food,2025-10-01,144.442331095,0,0
011923,Homogenized baby food,2025-11-01,281.38116447,94.8051948052,94.8051948052
011923,Homogenized baby food,2025-12-01,314.208966992,11.6666666667,11.6666666667
011923,Homogenized baby food,2026-01-01,305.767532058,-2.68656716418,-2.68656716418
011923,Homogenized baby food,2026-02-01,310.859191224,1.66520595968,1.66520595968
01193,"Salt, condiments and sauces",2022-12-01,77.6426551186,,
01193,"Salt, condiments and sauces",2023-01-01,77.2644932269,-0.487054301603,-0.487054301603
01193,"Salt, condiments and sauces",2023-02-01,80.2534099142,3.86842204285,3.86842204285
01193,"Salt, condiments and sauces",2023-03-01,82.5303409396,2.83717667303,2.83717667303
01193,"Salt, condiments and sauces",2023-04-01,81.8744139525,-0.794770722719,-0.794770722719
01193,"Salt, condiments and sauces",2023-05-01,79.2585507315,-3.19497031456,-3.19497031456
01193,"Salt, condiments and sauces",2023-06-01,78.4637242849,-1.00282737857,-1.00282737857
01193,"Salt, condiments and sauces",2023-07-01,77.1646368587,-1.6556535367,-1.6556535367
01193,"Salt, condiments and sauces",2023-08-01,76.2512425227,-1.18369550255,-1.18369550255
01193,"Salt, condiments and sauces",2023-09-01,76.9913794578,0.97065557309,0.97065557309
01193,"Salt, condiments and sauces",2023-10-01,77.0585248054,0.0872115139043,0.0872115139043
01193,"Salt, condiments and sauces",2023-11-01,87.7577718917,13.8845729442,13.8845729442
01193,"Salt, condiments and sauces",2023-12-01,269.644972359,207.260504166,207.260504166
01193,"Salt, condiments and sauces",2024-01-01,155.99184637,-42.1491730385,-42.1491730385
01193,"Salt, condiments and sauces",2024-02-01,122.823673621,-21.2627605357,-21.2627605357
01193,"Salt, condiments and sauces",2024-03-01,152.564170076,24.2139773045,24.2139773045
01193,"Salt, condiments and sauces",2024-04-01,151.699300622,-0.566888971027,-0.566888971027
01193,"Salt, condiments and sauces",2024-05-01,147.734673996,-2.6134771945,-2.6134771945
01193,"Salt, condiments and sauces",2024-06-01,118.219195965,-19.9787072548,-19.9787072548
01193,"Salt, condiments and sauces",2024-07-01,112.358619787,-4.95738118519,-4.95738118519
01193,"Salt, condiments and sauces",2024-08-01,102.087148394,-9.14168526819,-9.14168526819
01193,"Salt, condiments and sauces",2024-09-01,105.089940023,2.94140024087,2.94140024087
01193,"Salt, condiments and sauces",2024-10-01,140.863544675,34.0409411641,34.0409411641
01193,"Salt, condiments and sauces",2024-11-01,169.410692057,20.2658164306,20.2658164306
01193,"Salt, condiments and sauces",2024-12-01,232.680802645,37.3471767455,37.3471767455
01193,"Salt, condiments and sauces",2025-01-01,172.4873913,-25.8695219634,-25.8695219634
01193,"Salt, condiments and sauces",2025-02-01,104.969622634,-39.1435966173,-39.1435966173
01193,"Salt, condiments and sauces",2025-03-01,111.035984607,5.77915955139,5.77915955139
01193,"Salt, condiments and sauces",2025-04-01,252.415613682,127.327757372,127.327757372
01193,"Salt, condiments and sauces",2025-05-01,329.870158757,30.6853224905,30.6853224905
01193,"Salt, condiments and sauces",2025-06-01,353.238656246,7.08415019328,7.08415019328
01193,"Salt, condiments and sauces",2025-07-01,182.402876652,-48.3627079238,-48.3627079238
01193,"Salt, condiments and sauces",2025-08-01,148.219740598,-18.7404588574,-18.7404588574
01193,"Salt, condiments and sauces",2025-09-01,138.726143105,-6.40508305777,-6.40508305777
01193,"Salt, condiments and sauces",2025-10-01,136.955108363,-1.27664094301,-1.27664094301
01193,"Salt, condiments and sauces",2025-11-01,117.162094184,-14.4521912439,-14.4521912439
01193,"Salt, condiments and sauces",2025-12-01,151.754891403,29.5255879985,29.5255879985
01193,"Salt, condiments and sauces",2026-01-01,148.022991796,-2.45916264922,-2.45916264922
01193,"Salt, condiments and sauces",2026-02-01,142.615687189,-3.65301669745,-3.65301669745
011931,Salt,2022-12-01,106.664210004,,
011931,Salt,2023-01-01,106.664210004,0,0
011931,Salt,2023-02-01,126.759921954,18.8401638644,18.8401638644
011931,Salt,2023-03-01,134.267131423,5.92238410488,5.92238410488
011931,Salt,2023-04-01,126.759921954,-5.59124887051,-5.59124887051
011931,Salt,2023-05-01,106.664210004,-15.8533640915,-15.8533640915
011931,Salt,2023-06-01,106.664210004,0,0
011931,Salt,2023-07-01,106.664210004,0,0
011931,Salt,2023-08-01,98.3559119167,-7.78920885183,-7.78920885183
011931,Salt,2023-09-01,106.664210004,8.44717711977,8.44717711977
011931,Salt,2023-10-01,106.664210004,0,0
011931,Salt,2023-11-01,177.77368334,66.6666666667,66.6666666667
011931,Salt,2023-12-01,1386.63473005,680,680
011931,Salt,2024-01-01,604.430523356,-56.4102564103,-56.4102564103
011931,Salt,2024-02-01,355.54736668,-41.1764705882,-41.1764705882
011931,Salt,2024-03-01,533.32105002,50,50
011931,Salt,2024-04-01,551.098418354,3.33333333333,3.33333333333
011931,Salt,2024-05-01,533.32105002,-3.22580645161,-3.22580645161
011931,Salt,2024-06-01,355.54736668,-33.3333333333,-33.3333333333
011931,Salt,2024-07-01,319.992630012,-10,-10
011931,Salt,2024-08-01,248.883156676,-22.2222222222,-22.2222222222
011931,Salt,2024-09-01,248.883156676,0,0
011931,Salt,2024-10-01,404.0310985,62.3376623377,62.3376623377
011931,Salt,2024-11-01,577.080725919,42.8307692308,42.8307692308
011931,Salt,2024-12-01,977.755258371,69.4312796209,69.4312796209
011931,Salt,2025-01-01,575.986734022,-41.0909090909,-41.0909090909
011931,Salt,2025-02-01,164.44065709,-71.450617284,-71.450617284
011931,Salt,2025-03-01,191.995578007,16.7567567568,16.7567567568
011931,Salt,2025-04-01,1072.56788949,458.641975309,458.641975309
011931,Salt,2025-05-01,1558.48262395,45.3038674033,45.3038674033
011931,Salt,2025-06-01,1617.7405184,3.80228136882,3.80228136882
011931,Salt,2025-07-01,530.950734242,-67.1794871795,-67.1794871795
011931,Salt,2025-08-01,331.844208902,-37.5,-37.5
011931,Salt,2025-09-01,323.2248788,-2.5974025974,-2.5974025974
011931,Salt,2025-10-01,362.011864256,12,12
011931,Salt,2025-11-01,213.328420008,-41.0714285714,-41.0714285714
011931,Salt,2025-12-01,213.328420008,0,0
011931,Salt,2026-01-01,225.179998897,5.55555555556,5.55555555556
011931,Salt,2026-02-01,203.169923817,-9.77443609023,-9.77443609023
01194,"Spices, culinary herbs and seeds",2022-12-01,98.567048833,,
01194,"Spices, culinary herbs and seeds",2023-01-01,98.597881215,0.0312806180045,0.0312806180045
01194,"Spices, culinary herbs and seeds",2023-02-01,97.4239977208,-1.19057679508,-1.19057679508
01194,"Spices, culinary herbs and seeds",2023-03-01,99.4254631908,2.05438651335,2.05438651335
01194,"Spices, culinary herbs and seeds",2023-04-01,100.510814407,1.09162299263,1.09162299263
01194,"Spices, culinary herbs and seeds",2023-05-01,99.0060115209,-1.49715520206,-1.49715520206
01194,"Spices, culinary herbs and seeds",2023-06-01,98.5910295127,-0.419148294022,-0.419148294022
01194,"Spices, culinary herbs and seeds",2023-07-01,99.4362181395,0.857267269703,0.857267269703
01194,"Spices, culinary herbs and seeds",2023-08-01,98.5904021066,-0.850611627031,-0.850611627031
01194,"Spices, culinary herbs and seeds",2023-09-01,102.208326467,3.66965169329,3.66965169329
01194,"Spices, culinary herbs and seeds",2023-10-01,114.716271524,12.2376967609,12.2376967609
01194,"Spices, culinary herbs and seeds",2023-11-01,114.716271524,0,0
01194,"Spices, culinary herbs and seeds",2023-12-01,118.909179775,3.65502486719,3.65502486719
01194,"Spices, culinary herbs and seeds",2024-01-01,162.186117916,36.3949513589,36.3949513589
01194,"Spices, culinary herbs and seeds",2024-02-01,156.517780022,-3.49495873417,-3.49495873417
01194,"Spices, culinary herbs and seeds",2024-03-01,207.67604172,32.6852717249,32.6852717249
01194,"Spices, culinary herbs and seeds",2024-04-01,253.67706994,22.1503779827,22.1503779827
01194,"Spices, culinary herbs and seeds",2024-05-01,240.567771199,-5.16771135228,-5.16771135228
01194,"Spices, culinary herbs and seeds",2024-06-01,255.990198379,6.41084510343,6.41084510343
01194,"Spices, culinary herbs and seeds",2024-07-01,251.273515221,-1.84252490472,-1.84252490472
01194,"Spices, culinary herbs and seeds",2024-08-01,286.245609904,13.9179390444,13.9179390444
01194,"Spices, culinary herbs and seeds",2024-09-01,289.052504769,0.980589664451,0.980589664451
01194,"Spices, culinary herbs and seeds",2024-10-01,181.579314287,-37.1812002003,-37.1812002003
01194,"Spices, culinary herbs and seeds",2024-11-01,227.657710058,25.3764565373,25.3764565373
01194,"Spices, culinary herbs and seeds",2024-12-01,419.389799498,84.219457971,84.219457971
01194,"Spices, culinary herbs and seeds",2025-01-01,411.435014358,-1.89675217416,-1.89675217416
01194,"Spices, culinary herbs and seeds",2025-02-01,299.154427065,-27.2899931641,-27.2899931641
01194,"Spices, culinary herbs and seeds",2025-03-01,282.419681294,-5.59401575149,-5.59401575149
01194,"Spices, culinary herbs and seeds",2025-04-01,313.964668578,11.1695428376,11.1695428376
01194,"Spices, culinary herbs and seeds",2025-05-01,404.971620399,28.9863672349,28.9863672349
01194,"Spices, culinary herbs and seeds",2025-06-01,501.789327344,23.9072819101,23.9072819101
01194,"Spices, culinary herbs and seeds",2025-07-01,1019.78430341,103.22957222,103.22957222
01194,"Spices, culinary herbs and seeds",2025-08-01,566.797987872,-44.4198164281,-44.4198164281
01194,"Spices, culinary herbs and seeds",2025-09-01,334.405225252,-41.0009858173,-41.0009858173
01194,"Spices, culinary herbs and seeds",2025-10-01,161.098853014,-51.8252584441,-51.8252584441
01194,"Spices, culinary herbs and seeds",2025-11-01,245.821072276,52.5902063712,52.5902063712
01194,"Spices, culinary herbs and seeds",2025-12-01,199.596214868,-18.8042696992,-18.8042696992
01194,"Spices, culinary herbs and seeds",2026-01-01,185.26085382,-7.18218081323,-7.18218081323
01194,"Spices, culinary herbs and seeds",2026-02-01,177.571130876,-4.15075434711,-4.15075434711
011940,"Spices, culinary herbs and seeds",2022-12-01,98.567048833,,
011940,"Spices, culinary herbs and seeds",2023-01-01,98.597881215,0.0312806180045,0.0312806180045
011940,"Spices, culinary herbs and seeds",2023-02-01,97.4239977208,-1.19057679508,-1.19057679508
011940,"Spices, culinary herbs and seeds",2023-03-01,99.4254631908,2.05438651335,2.05438651335
011940,"Spices, culinary herbs and seeds",2023-04-01,100.510814407,1.09162299263,1.09162299263
011940,"Spices, culinary herbs and seeds",2023-05-01,99.0060115209,-1.49715520206,-1.49715520206
011940,"Spices, culinary herbs and seeds",2023-06-01,98.5910295127,-0.419148294022,-0.419148294022
011940,"Spices, culinary herbs and seeds",2023-07-01,99.4362181395,0.857267269703,0.857267269703
011940,"Spices, culinary herbs and seeds",2023-08-01,98.5904021066,-0.850611627031,-0.850611627031
011940,"Spices, culinary herbs and seeds",2023-09-01,102.208326467,3.66965169329,3.66965169329
011940,"Spices, culinary herbs and seeds",2023-10-01,114.716271524,12.2376967609,12.2376967609
011940,"Spices, culinary herbs and seeds",2023-11-01,114.716271524,0,0
011940,"Spices, culinary herbs and seeds",2023-12-01,118.909179775,3.65502486719,3.65502486719
011940,"Spices, culinary herbs and seeds",2024-01-01,162.186117916,36.3949513589,36.3949513589
011940,"Spices, culinary herbs and seeds",2024-02-01,156.517780022,-3.49495873417,-3.49495873417
011940,"Spices, culinary herbs and seeds",2024-03-01,207.67604172,32.6852717249,32.6852717249
011940,"Spices, culinary herbs and seeds",2024-04-01,253.67706994,22.1503779827,22.1503779827
011940,"Spices, culinary herbs and seeds",2024-05-01,240.567771199,-5.16771135228,-5.16771135228
011940,"Spices, culinary herbs and seeds",2024-06-01,255.990198379,6.41084510343,6.41084510343
011940,"Spices, culinary herbs and seeds",2024-07-01,251.273515221,-1.84252490472,-1.84252490472
011940,"Spices, culinary herbs and seeds",2024-08-01,286.245609904,13.9179390444,13.9179390444
011940,"Spices, culinary herbs and seeds",2024-09-01,289.052504769,0.980589664451,0.980589664451
011940,"Spices, culinary herbs and seeds",2024-10-01,181.579314287,-37.1812002003,-37.1812002003
011940,"Spices, culinary herbs and seeds",2024-11-01,227.657710058,25.3764565373,25.3764565373
011940,"Spices, culinary herbs and seeds",2024-12-01,419.389799498,84.219457971,84.219457971
011940,"Spices, culinary herbs and seeds",2025-01-01,411.435014358,-1.89675217416,-1.89675217416
011940,"Spices, culinary herbs and seeds",2025-02-01,299.154427065,-27.2899931641,-27.2899931641
011940,"Spices, culinary herbs and seeds",2025-03-01,282.419681294,-5.59401575149,-5.59401575149
011940,"Spices, culinary herbs and seeds",2025-04-01,313.964668578,11.1695428376,11.1695428376
011940,"Spices, culinary herbs and seeds",2025-05-01,404.971620399,28.9863672349,28.9863672349
011940,"Spices, culinary herbs and seeds",2025-06-01,501.789327344,23.9072819101,23.9072819101
011940,"Spices, culinary herbs and seeds",2025-07-01,1019.78430341,103.22957222,103.22957222
011940,"Spices, culinary herbs and seeds",2025-08-01,566.797987872,-44.4198164281,-44.4198164281
011940,"Spices, culinary herbs and seeds",2025-09-01,334.405225252,-41.0009858173,-41.0009858173
011940,"Spices, culinary herbs and seeds",2025-10-01,161.098853014,-51.8252584441,-51.8252584441
011940,"Spices, culinary herbs and seeds",2025-11-01,245.821072276,52.5902063712,52.5902063712
011940,"Spices, culinary herbs and seeds",2025-12-01,199.596214868,-18.8042696992,-18.8042696992
011940,"Spices, culinary herbs and seeds",2026-01-01,185.26085382,-7.18218081323,-7.18218081323
011940,"Spices, culinary herbs and seeds",2026-02-01,177.571130876,-4.15075434711,-4.15075434711
01199,Other food products,2022-12-01,97.1751719404,,
01199,Other food products,2023-01-01,97.0233582875,-0.156226791119,-0.156226791119
01199,Other food products,2023-02-01,97.882346887,0.885342060592,0.885342060592
01199,Other food products,2023-03-01,97.5359443336,-0.353896861319,-0.353896861319
01199,Other food products,2023-04-01,95.9454056006,-1.6307205962,-1.6307205962
01199,Other food products,2023-05-01,95.9265630191,-0.0196388575281,-0.0196388575281
01199,Other food products,2023-06-01,96.5752665423,0.676250146713,0.676250146713
01199,Other food products,2023-07-01,97.8883551359,1.35965308786,1.35965308786
01199,Other food products,2023-08-01,97.4795122519,-0.417662431249,-0.417662431249
01199,Other food products,2023-09-01,96.7832002415,-0.714316264347,-0.714316264347
01199,Other food products,2023-10-01,96.672425338,-0.114456747869,-0.114456747869
01199,Other food products,2023-11-01,109.760375626,13.5384523999,13.5384523999
01199,Other food products,2023-12-01,181.47513199,65.3375646311,65.3375646311
01199,Other food products,2024-01-01,123.142453948,-32.1436206725,-32.1436206725
01199,Other food products,2024-02-01,186.363829913,51.3400325703,51.3400325703
01199,Other food products,2024-03-01,230.455658772,23.6590055479,23.6590055479
01199,Other food products,2024-04-01,193.435244208,-16.0640076104,-16.0640076104
01199,Other food products,2024-05-01,157.500002037,-18.5774016099,-18.5774016099
01199,Other food products,2024-06-01,135.2360428,-14.1358469514,-14.1358469514
01199,Other food products,2024-07-01,132.326973091,-2.15110531854,-2.15110531854
01199,Other food products,2024-08-01,132.326973091,0,0
01199,Other food products,2024-09-01,126.138284177,-4.67681589714,-4.67681589714
01199,Other food products,2024-10-01,252.976970819,100.555265571,100.555265571
01199,Other food products,2024-11-01,268.081815015,5.97083764092,5.97083764092
01199,Other food products,2024-12-01,238.213327338,-11.141556795,-11.141556795
01199,Other food products,2025-01-01,361.152156781,51.6087117444,51.6087117444
01199,Other food products,2025-02-01,272.881090432,-24.4415171532,-24.4415171532
01199,Other food products,2025-03-01,270.502338821,-0.87171727685,-0.87171727685
01199,Other food products,2025-04-01,419.884198143,55.2238697721,55.2238697721
01199,Other food products,2025-05-01,342.079094077,-18.5301338821,-18.5301338821
01199,Other food products,2025-06-01,421.873022029,23.3261632568,23.3261632568
01199,Other food products,2025-07-01,1041.11647286,146.784320992,146.784320992
01199,Other food products,2025-08-01,858.542839901,-17.5363312097,-17.5363312097
01199,Other food products,2025-09-01,416.868796632,-51.4446132146,-51.4446132146
01199,Other food products,2025-10-01,303.858308373,-27.1093661058,-27.1093661058
01199,Other food products,2025-11-01,227.418432559,-25.1564211698,-25.1564211698
01199,Other food products,2025-12-01,206.384381897,-9.24905269321,-9.24905269321
01199,Other food products,2026-01-01,194.902237795,-5.56347529661,-5.56347529661
01199,Other food products,2026-02-01,185.162172396,-4.99741075792,-4.99741075792
011990,Other food products,2022-12-01,97.1751719404,,
011990,Other food products,2023-01-01,97.0233582875,-0.156226791119,-0.156226791119
011990,Other food products,2023-02-01,97.882346887,0.885342060592,0.885342060592
011990,Other food products,2023-03-01,97.5359443336,-0.353896861319,-0.353896861319
011990,Other food products,2023-04-01,95.9454056006,-1.6307205962,-1.6307205962
011990,Other food products,2023-05-01,95.9265630191,-0.0196388575281,-0.0196388575281
011990,Other food products,2023-06-01,96.5752665423,0.676250146713,0.676250146713
011990,Other food products,2023-07-01,97.8883551359,1.35965308786,1.35965308786
011990,Other food products,2023-08-01,97.4795122519,-0.417662431249,-0.417662431249
011990,Other food products,2023-09-01,96.7832002415,-0.714316264347,-0.714316264347
011990,Other food products,2023-10-01,96.672425338,-0.114456747869,-0.114456747869
011990,Other food products,2023-11-01,109.760375626,13.5384523999,13.5384523999
011990,Other food products,2023-12-01,181.47513199,65.3375646311,65.3375646311
011990,Other food products,2024-01-01,123.142453948,-32.1436206725,-32.1436206725
011990,Other food products,2024-02-01,186.363829913,51.3400325703,51.3400325703
011990,Other food products,2024-03-01,230.455658772,23.6590055479,23.6590055479
011990,Other food products,2024-04-01,193.435244208,-16.0640076104,-16.0640076104
011990,Other food products,2024-05-01,157.500002037,-18.5774016099,-18.5774016099
011990,Other food products,2024-06-01,135.2360428,-14.1358469514,-14.1358469514
011990,Other food products,2024-07-01,132.326973091,-2.15110531854,-2.15110531854
011990,Other food products,2024-08-01,132.326973091,0,0
011990,Other food products,2024-09-01,126.138284177,-4.67681589714,-4.67681589714
011990,Other food products,2024-10-01,252.976970819,100.555265571,100.555265571
011990,Other food products,2024-11-01,268.081815015,5.97083764092,5.97083764092
011990,Other food products,2024-12-01,238.213327338,-11.141556795,-11.141556795
011990,Other food products,2025-01-01,361.152156781,51.6087117444,51.6087117444
011990,Other food products,2025-02-01,272.881090432,-24.4415171532,-24.4415171532
011990,Other food products,2025-03-01,270.502338821,-0.87171727685,-0.87171727685
011990,Other food products,2025-04-01,419.884198143,55.2238697721,55.2238697721
011990,Other food products,2025-05-01,342.079094077,-18.5301338821,-18.5301338821
011990,Other food products,2025-06-01,421.873022029,23.3261632568,23.3261632568
011990,Other food products,2025-07-01,1041.11647286,146.784320992,146.784320992
011990,Other food products,2025-08-01,858.542839901,-17.5363312097,-17.5363312097
011990,Other food products,2025-09-01,416.868796632,-51.4446132146,-51.4446132146
011990,Other food products,2025-10-01,303.858308373,-27.1093661058,-27.1093661058
011990,Other food products,2025-11-01,227.418432559,-25.1564211698,-25.1564211698
011990,Other food products,2025-12-01,206.384381897,-9.24905269321,-9.24905269321
011990,Other food products,2026-01-01,194.902237795,-5.56347529661,-5.56347529661
011990,Other food products,2026-02-01,185.162172396,-4.99741075792,-4.99741075792
012,NON-ALCOHOLIC BEVERAGES,2022-12-01,96.3068367177,,
012,NON-ALCOHOLIC BEVERAGES,2023-01-01,96.6197674125,0.324930924346,0.324930924346
012,NON-ALCOHOLIC BEVERAGES,2023-02-01,96.0513225672,-0.588331829444,-0.588331829444
012,NON-ALCOHOLIC BEVERAGES,2023-03-01,95.8043577413,-0.257117569348,-0.257117569348
012,NON-ALCOHOLIC BEVERAGES,2023-04-01,95.8754997518,0.0742575934689,0.0742575934689
012,NON-ALCOHOLIC BEVERAGES,2023-05-01,95.5709890509,-0.317610548754,-0.317610548754
012,NON-ALCOHOLIC BEVERAGES,2023-06-01,95.5234050842,-0.049789132888,-0.049789132888
012,NON-ALCOHOLIC BEVERAGES,2023-07-01,95.7210224235,0.206878449424,0.206878449424
012,NON-ALCOHOLIC BEVERAGES,2023-08-01,97.7081799622,2.07598862654,2.07598862654
012,NON-ALCOHOLIC BEVERAGES,2023-09-01,97.91445492,0.211113294578,0.211113294578
012,NON-ALCOHOLIC BEVERAGES,2023-10-01,98.3821302007,0.477636607508,0.477636607508
012,NON-ALCOHOLIC BEVERAGES,2023-11-01,104.033038992,5.74383658846,5.74383658846
012,NON-ALCOHOLIC BEVERAGES,2023-12-01,114.459645477,10.0223992172,10.0223992172
012,NON-ALCOHOLIC BEVERAGES,2024-01-01,128.762131049,12.49565776,12.49565776
012,NON-ALCOHOLIC BEVERAGES,2024-02-01,138.35093508,7.44691311984,7.44691311984
012,NON-ALCOHOLIC BEVERAGES,2024-03-01,180.738272035,30.6375500325,30.6375500325
012,NON-ALCOHOLIC BEVERAGES,2024-04-01,156.148729856,-13.6050554772,-13.6050554772
012,NON-ALCOHOLIC BEVERAGES,2024-05-01,149.138721634,-4.489314917,-4.489314917
012,NON-ALCOHOLIC BEVERAGES,2024-06-01,139.379725154,-6.54356988805,-6.54356988805
012,NON-ALCOHOLIC BEVERAGES,2024-07-01,140.657356493,0.916655085903,0.916655085903
012,NON-ALCOHOLIC BEVERAGES,2024-08-01,139.37251763,-0.913453015059,-0.913453015059
012,NON-ALCOHOLIC BEVERAGES,2024-09-01,132.672195715,-4.80749148264,-4.80749148264
012,NON-ALCOHOLIC BEVERAGES,2024-10-01,143.629740448,8.25911162011,8.25911162011
012,NON-ALCOHOLIC BEVERAGES,2024-11-01,162.591009671,13.2014923676,13.2014923676
012,NON-ALCOHOLIC BEVERAGES,2024-12-01,251.702992659,54.807447944,54.807447944
012,NON-ALCOHOLIC BEVERAGES,2025-01-01,180.338785161,-28.3525462864,-28.3525462864
012,NON-ALCOHOLIC BEVERAGES,2025-02-01,137.680616241,-23.6544617296,-23.6544617296
012,NON-ALCOHOLIC BEVERAGES,2025-03-01,163.766625903,18.9467554503,18.9467554503
012,NON-ALCOHOLIC BEVERAGES,2025-04-01,183.141655476,11.830877913,11.830877913
012,NON-ALCOHOLIC BEVERAGES,2025-05-01,201.565452907,10.0598617958,10.0598617958
012,NON-ALCOHOLIC BEVERAGES,2025-06-01,249.310802037,23.6872680518,23.6872680518
012,NON-ALCOHOLIC BEVERAGES,2025-07-01,275.709224374,10.5885593889,10.5885593889
012,NON-ALCOHOLIC BEVERAGES,2025-08-01,240.364635434,-12.819516293,-12.819516293
012,NON-ALCOHOLIC BEVERAGES,2025-09-01,448.749745832,86.695411753,86.695411753
012,NON-ALCOHOLIC BEVERAGES,2025-10-01,413.285519791,-7.90289607302,-7.90289607302
012,NON-ALCOHOLIC BEVERAGES,2025-11-01,148.764065612,-64.0045299223,-64.0045299223
012,NON-ALCOHOLIC BEVERAGES,2025-12-01,142.25944142,-4.37244314649,-4.37244314649
012,NON-ALCOHOLIC BEVERAGES,2026-01-01,197.28349112,38.6786628364,38.6786628364
012,NON-ALCOHOLIC BEVERAGES,2026-02-01,152.470100385,-22.7152259326,-22.7152259326
0122,Coffee and coffee substitutes,2022-12-01,90.5562559095,,
0122,Coffee and coffee substitutes,2023-01-01,91.4992492676,1.04133430503,1.04133430503
0122,Coffee and coffee substitutes,2023-02-01,91.9826762963,0.528339885412,0.528339885412
0122,Coffee and coffee substitutes,2023-03-01,91.2859588963,-0.757444149378,-0.757444149378
0122,Coffee and coffee substitutes,2023-04-01,90.9578471168,-0.359432911093,-0.359432911093
0122,Coffee and coffee substitutes,2023-05-01,90.2861654104,-0.738453830733,-0.738453830733
0122,Coffee and coffee substitutes,2023-06-01,90.3451637136,0.0653458953694,0.0653458953694
0122,Coffee and coffee substitutes,2023-07-01,90.8690394064,0.579860250667,0.579860250667
0122,Coffee and coffee substitutes,2023-08-01,91.3304118591,0.507733388381,0.507733388381
0122,Coffee and coffee substitutes,2023-09-01,91.6048746291,0.300516295034,0.300516295034
0122,Coffee and coffee substitutes,2023-10-01,91.3626710251,-0.264400344402,-0.264400344402
0122,Coffee and coffee substitutes,2023-11-01,110.20164396,20.6199892404,20.6199892404
0122,Coffee and coffee substitutes,2023-12-01,141.544614345,28.4414726119,28.4414726119
0122,Coffee and coffee substitutes,2024-01-01,148.537081282,4.94011514951,4.94011514951
0122,Coffee and coffee substitutes,2024-02-01,180.226828884,21.3345700139,21.3345700139
0122,Coffee and coffee substitutes,2024-03-01,191.854354765,6.45160654063,6.45160654063
0122,Coffee and coffee substitutes,2024-04-01,139.697895639,-27.1854444951,-27.1854444951
0122,Coffee and coffee substitutes,2024-05-01,129.739509199,-7.12851571192,-7.12851571192
0122,Coffee and coffee substitutes,2024-06-01,125.350159857,-3.38320174703,-3.38320174703
0122,Coffee and coffee substitutes,2024-07-01,122.900871702,-1.9539569456,-1.9539569456
0122,Coffee and coffee substitutes,2024-08-01,122.900871702,0,0
0122,Coffee and coffee substitutes,2024-09-01,101.734956194,-17.2219409144,-17.2219409144
0122,Coffee and coffee substitutes,2024-10-01,140.777722257,38.3769429143,38.3769429143
0122,Coffee and coffee substitutes,2024-11-01,154.773808949,9.94197552528,9.94197552528
0122,Coffee and coffee substitutes,2024-12-01,330.584504067,113.59201942,113.59201942
0122,Coffee and coffee substitutes,2025-01-01,238.337626958,-27.9041745679,-27.9041745679
0122,Coffee and coffee substitutes,2025-02-01,169.197554787,-29.0092978829,-29.0092978829
0122,Coffee and coffee substitutes,2025-03-01,226.057387712,33.6055878566,33.6055878566
0122,Coffee and coffee substitutes,2025-04-01,268.538364549,18.7921205617,18.7921205617
0122,Coffee and coffee substitutes,2025-05-01,311.128761786,15.8600791765,15.8600791765
0122,Coffee and coffee substitutes,2025-06-01,463.526804057,48.9823060386,48.9823060386
0122,Coffee and coffee substitutes,2025-07-01,539.415412409,16.3719999982,16.3719999982
0122,Coffee and coffee substitutes,2025-08-01,408.527427639,-24.2647840161,-24.2647840161
0122,Coffee and coffee substitutes,2025-09-01,586.926813708,43.6688883047,43.6688883047
0122,Coffee and coffee substitutes,2025-10-01,474.912879396,-19.0848214286,-19.0848214286
0122,Coffee and coffee substitutes,2025-11-01,134.937246074,-71.5869474321,-71.5869474321
0122,Coffee and coffee substitutes,2025-12-01,140.384198205,4.03665577064,4.03665577064
0122,Coffee and coffee substitutes,2026-01-01,148.541159532,5.81045547264,5.81045547264
0122,Coffee and coffee substitutes,2026-02-01,147.137858886,-0.944721752974,-0.944721752974
012201,Coffee,2022-12-01,90.5562559095,,
012201,Coffee,2023-01-01,91.4992492676,1.04133430503,1.04133430503
012201,Coffee,2023-02-01,91.9826762963,0.528339885412,0.528339885412
012201,Coffee,2023-03-01,91.2859588963,-0.757444149378,-0.757444149378
012201,Coffee,2023-04-01,90.9578471168,-0.359432911093,-0.359432911093
012201,Coffee,2023-05-01,90.2861654104,-0.738453830733,-0.738453830733
012201,Coffee,2023-06-01,90.3451637136,0.0653458953694,0.0653458953694
012201,Coffee,2023-07-01,90.8690394064,0.579860250667,0.579860250667
012201,Coffee,2023-08-01,91.3304118591,0.507733388381,0.507733388381
012201,Coffee,2023-09-01,91.6048746291,0.300516295034,0.300516295034
012201,Coffee,2023-10-01,91.3626710251,-0.264400344402,-0.264400344402
012201,Coffee,2023-11-01,110.20164396,20.6199892404,20.6199892404
012201,Coffee,2023-12-01,141.544614345,28.4414726119,28.4414726119
012201,Coffee,2024-01-01,148.537081282,4.94011514951,4.94011514951
012201,Coffee,2024-02-01,180.226828884,21.3345700139,21.3345700139
012201,Coffee,2024-03-01,191.854354765,6.45160654063,6.45160654063
012201,Coffee,2024-04-01,139.697895639,-27.1854444951,-27.1854444951
012201,Coffee,2024-05-01,129.739509199,-7.12851571192,-7.12851571192
012201,Coffee,2024-06-01,125.350159857,-3.38320174703,-3.38320174703
012201,Coffee,2024-07-01,122.900871702,-1.9539569456,-1.9539569456
012201,Coffee,2024-08-01,122.900871702,0,0
012201,Coffee,2024-09-01,101.734956194,-17.2219409144,-17.2219409144
012201,Coffee,2024-10-01,140.777722257,38.3769429143,38.3769429143
012201,Coffee,2024-11-01,154.773808949,9.94197552528,9.94197552528
012201,Coffee,2024-12-01,330.584504067,113.59201942,113.59201942
012201,Coffee,2025-01-01,238.337626958,-27.9041745679,-27.9041745679
012201,Coffee,2025-02-01,169.197554787,-29.0092978829,-29.0092978829
012201,Coffee,2025-03-01,226.057387712,33.6055878566,33.6055878566
012201,Coffee,2025-04-01,268.538364549,18.7921205617,18.7921205617
012201,Coffee,2025-05-01,311.128761786,15.8600791765,15.8600791765
012201,Coffee,2025-06-01,463.526804057,48.9823060386,48.9823060386
012201,Coffee,2025-07-01,539.415412409,16.3719999982,16.3719999982
012201,Coffee,2025-08-01,408.527427639,-24.2647840161,-24.2647840161
012201,Coffee,2025-09-01,586.926813708,43.6688883047,43.6688883047
012201,Coffee,2025-10-01,474.912879396,-19.0848214286,-19.0848214286
012201,Coffee,2025-11-01,134.937246074,-71.5869474321,-71.5869474321
012201,Coffee,2025-12-01,140.384198205,4.03665577064,4.03665577064
012201,Coffee,2026-01-01,148.541159532,5.81045547264,5.81045547264
012201,Coffee,2026-02-01,147.137858886,-0.944721752974,-0.944721752974
0124,Water,2022-12-01,100.372598347,,
0124,Water,2023-01-01,100,-0.371215205328,-0.371215205328
0124,Water,2023-02-01,100,0,0
0124,Water,2023-03-01,100,0,0
0124,Water,2023-04-01,100,0,0
0124,Water,2023-05-01,100,0,0
0124,Water,2023-06-01,100,0,0
0124,Water,2023-07-01,100,0,0
0124,Water,2023-08-01,100,0,0
0124,Water,2023-09-01,100,0,0
0124,Water,2023-10-01,174.110112659,74.1101126592,74.1101126592
0124,Water,2023-11-01,175,0.511106062241,0.511106062241
0124,Water,2023-12-01,158.722470734,-9.30144529512,-9.30144529512
0124,Water,2024-01-01,158.722470734,0,0
0124,Water,2024-02-01,175,10.2553401489,10.2553401489
0124,Water,2024-03-01,162.5,-7.14285714286,-7.14285714286
0124,Water,2024-04-01,143.75,-11.5384615385,-11.5384615385
0124,Water,2024-05-01,131.25,-8.69565217391,-8.69565217391
0124,Water,2024-06-01,187.5,42.8571428571,42.8571428571
0124,Water,2024-07-01,212.5,13.3333333333,13.3333333333
0124,Water,2024-08-01,175,-17.6470588235,-17.6470588235
0124,Water,2024-09-01,150,-14.2857142857,-14.2857142857
0124,Water,2024-10-01,212.5,41.6666666667,41.6666666667
0124,Water,2024-11-01,237.5,11.7647058824,11.7647058824
0124,Water,2024-12-01,500,110.526315789,110.526315789
0124,Water,2025-01-01,500,0,0
0124,Water,2025-02-01,317.857142857,-36.4285714286,-36.4285714286
0124,Water,2025-03-01,316.666666667,-0.374531835206,-0.374531835206
0124,Water,2025-04-01,308.333333333,-2.63157894737,-2.63157894737
0124,Water,2025-05-01,450,45.9459459459,45.9459459459
0124,Water,2025-06-01,450,0,0
0124,Water,2025-07-01,450,0,0
0124,Water,2025-08-01,450,0,0
0124,Water,2025-09-01,450,0,0
0124,Water,2025-10-01,450,0,0
0124,Water,2025-11-01,250,-44.4444444444,-44.4444444444
0124,Water,2025-12-01,200,-20,-20
0124,Water,2026-01-01,200,0,0
0124,Water,2026-02-01,200,0,0
012500,Water,2022-12-01,100.372598347,,
012500,Water,2023-01-01,100,-0.371215205328,-0.371215205328
012500,Water,2023-02-01,100,0,0
012500,Water,2023-03-01,100,0,0
012500,Water,2023-04-01,100,0,0
012500,Water,2023-05-01,100,0,0
012500,Water,2023-06-01,100,0,0
012500,Water,2023-07-01,100,0,0
012500,Water,2023-08-01,100,0,0
012500,Water,2023-09-01,100,0,0
012500,Water,2023-10-01,174.110112659,74.1101126592,74.1101126592
012500,Water,2023-11-01,175,0.511106062241,0.511106062241
012500,Water,2023-12-01,158.722470734,-9.30144529512,-9.30144529512
012500,Water,2024-01-01,158.722470734,0,0
012500,Water,2024-02-01,175,10.2553401489,10.2553401489
012500,Water,2024-03-01,162.5,-7.14285714286,-7.14285714286
012500,Water,2024-04-01,143.75,-11.5384615385,-11.5384615385
012500,Water,2024-05-01,131.25,-8.69565217391,-8.69565217391
012500,Water,2024-06-01,187.5,42.8571428571,42.8571428571
012500,Water,2024-07-01,212.5,13.3333333333,13.3333333333
012500,Water,2024-08-01,175,-17.6470588235,-17.6470588235
012500,Water,2024-09-01,150,-14.2857142857,-14.2857142857
012500,Water,2024-10-01,212.5,41.6666666667,41.6666666667
012500,Water,2024-11-01,237.5,11.7647058824,11.7647058824
012500,Water,2024-12-01,500,110.526315789,110.526315789
012500,Water,2025-01-01,500,0,0
012500,Water,2025-02-01,317.857142857,-36.4285714286,-36.4285714286
012500,Water,2025-03-01,316.666666667,-0.374531835206,-0.374531835206
012500,Water,2025-04-01,308.333333333,-2.63157894737,-2.63157894737
012500,Water,2025-05-01,450,45.9459459459,45.9459459459
012500,Water,2025-06-01,450,0,0
012500,Water,2025-07-01,450,0,0
012500,Water,2025-08-01,450,0,0
012500,Water,2025-09-01,450,0,0
012500,Water,2025-10-01,450,0,0
012500,Water,2025-11-01,250,-44.4444444444,-44.4444444444
012500,Water,2025-12-01,200,-20,-20
012500,Water,2026-01-01,200,0,0
012500,Water,2026-02-01,200,0,0
0126,Soft drinks,2022-12-01,96.0503768797,,
0126,Soft drinks,2023-01-01,96.8525816804,0.835191726149,0.835191726149
0126,Soft drinks,2023-02-01,95.0569581833,-1.85397587338,-1.85397587338
0126,Soft drinks,2023-03-01,94.2696260661,-0.828274049815,-0.828274049815
0126,Soft drinks,2023-04-01,94.2696260661,0,0
0126,Soft drinks,2023-05-01,94.0738141025,-0.207714798286,-0.207714798286
0126,Soft drinks,2023-06-01,94.0738141025,0,0
0126,Soft drinks,2023-07-01,93.8784088693,-0.207714798286,-0.207714798286
0126,Soft drinks,2023-08-01,99.0933600625,5.55500594442,5.55500594442
0126,Soft drinks,2023-09-01,99.0933600625,0,0
0126,Soft drinks,2023-10-01,99.0933600625,0,0
0126,Soft drinks,2023-11-01,99.0933600625,0,0
0126,Soft drinks,2023-12-01,99.0933600625,0,0
0126,Soft drinks,2024-01-01,133.574533156,34.796653451,34.796653451
0126,Soft drinks,2024-02-01,133.574533156,0,0
0126,Soft drinks,2024-03-01,177.278411875,32.7187209165,32.7187209165
0126,Soft drinks,2024-04-01,182.062861038,2.69883349712,2.69883349712
0126,Soft drinks,2024-05-01,179.370844582,-1.47861922028,-1.47861922028
0126,Soft drinks,2024-06-01,165.668014151,-7.63938557759,-7.63938557759
0126,Soft drinks,2024-07-01,176.326817848,6.433833201,6.433833201
0126,Soft drinks,2024-08-01,176.326817848,0,0
0126,Soft drinks,2024-09-01,176.326817848,0,0
0126,Soft drinks,2024-10-01,176.326817848,0,0
0126,Soft drinks,2024-11-01,203.12663462,15.1989454006,15.1989454006
0126,Soft drinks,2024-12-01,192.685435502,-5.14024127748,-5.14024127748
0126,Soft drinks,2025-01-01,176.224898916,-8.54269890336,-8.54269890336
0126,Soft drinks,2025-02-01,126.24498042,-28.3614397304,-28.3614397304
0126,Soft drinks,2025-03-01,150.207229305,18.9807537732,18.9807537732
0126,Soft drinks,2025-04-01,150.207229305,0,0
0126,Soft drinks,2025-05-01,150.207229305,0,0
0126,Soft drinks,2025-06-01,150.207229305,0,0
0126,Soft drinks,2025-07-01,150.207229305,0,0
0126,Soft drinks,2025-08-01,150.207229305,0,0
0126,Soft drinks,2025-09-01,650.247745907,332.9004329,332.9004329
0126,Soft drinks,2025-10-01,650.247745907,0,0
0126,Soft drinks,2025-11-01,178.818130125,-72.5,-72.5
0126,Soft drinks,2025-12-01,162.561936477,-9.09090909091,-9.09090909091
0126,Soft drinks,2026-01-01,315.399732976,94.0181938109,94.0181938109
0126,Soft drinks,2026-02-01,207.261783842,-34.2859989493,-34.2859989493
012600,Soft drinks,2022-12-01,96.0503768797,,
012600,Soft drinks,2023-01-01,96.8525816804,0.835191726149,0.835191726149
012600,Soft drinks,2023-02-01,95.0569581833,-1.85397587338,-1.85397587338
012600,Soft drinks,2023-03-01,94.2696260661,-0.828274049815,-0.828274049815
012600,Soft drinks,2023-04-01,94.2696260661,0,0
012600,Soft drinks,2023-05-01,94.0738141025,-0.207714798286,-0.207714798286
012600,Soft drinks,2023-06-01,94.0738141025,0,0
012600,Soft drinks,2023-07-01,93.8784088693,-0.207714798286,-0.207714798286
012600,Soft drinks,2023-08-01,99.0933600625,5.55500594442,5.55500594442
012600,Soft drinks,2023-09-01,99.0933600625,0,0
012600,Soft drinks,2023-10-01,99.0933600625,0,0
012600,Soft drinks,2023-11-01,99.0933600625,0,0
012600,Soft drinks,2023-12-01,99.0933600625,0,0
012600,Soft drinks,2024-01-01,133.574533156,34.796653451,34.796653451
012600,Soft drinks,2024-02-01,133.574533156,0,0
012600,Soft drinks,2024-03-01,177.278411875,32.7187209165,32.7187209165
012600,Soft drinks,2024-04-01,182.062861038,2.69883349712,2.69883349712
012600,Soft drinks,2024-05-01,179.370844582,-1.47861922028,-1.47861922028
012600,Soft drinks,2024-06-01,165.668014151,-7.63938557759,-7.63938557759
012600,Soft drinks,2024-07-01,176.326817848,6.433833201,6.433833201
012600,Soft drinks,2024-08-01,176.326817848,0,0
012600,Soft drinks,2024-09-01,176.326817848,0,0
012600,Soft drinks,2024-10-01,176.326817848,0,0
012600,Soft drinks,2024-11-01,203.12663462,15.1989454006,15.1989454006
012600,Soft drinks,2024-12-01,192.685435502,-5.14024127748,-5.14024127748
012600,Soft drinks,2025-01-01,176.224898916,-8.54269890336,-8.54269890336
012600,Soft drinks,2025-02-01,126.24498042,-28.3614397304,-28.3614397304
012600,Soft drinks,2025-03-01,150.207229305,18.9807537732,18.9807537732
012600,Soft drinks,2025-04-01,150.207229305,0,0
012600,Soft drinks,2025-05-01,150.207229305,0,0
012600,Soft drinks,2025-06-01,150.207229305,0,0
012600,Soft drinks,2025-07-01,150.207229305,0,0
012600,Soft drinks,2025-08-01,150.207229305,0,0
012600,Soft drinks,2025-09-01,650.247745907,332.9004329,332.9004329
012600,Soft drinks,2025-10-01,650.247745907,0,0
012600,Soft drinks,2025-11-01,178.818130125,-72.5,-72.5
012600,Soft drinks,2025-12-01,162.561936477,-9.09090909091,-9.09090909091
012600,Soft drinks,2026-01-01,315.399732976,94.0181938109,94.0181938109
012600,Soft drinks,2026-02-01,207.261783842,-34.2859989493,-34.2859989493
02,"ALCOHOLIC BEVERAGES, TOBACCO AND NARCOTICS",2022-12-01,111.018499191,,
02,"ALCOHOLIC BEVERAGES, TOBACCO AND NARCOTICS",2023-01-01,111.15617599,0.124012484108,0.124012484108
02,"ALCOHOLIC BEVERAGES, TOBACCO AND NARCOTICS",2023-02-01,112.144221692,0.888880615876,0.888880615876
02,"ALCOHOLIC BEVERAGES, TOBACCO AND NARCOTICS",2023-03-01,111.60671009,-0.479303876609,-0.479303876609
02,"ALCOHOLIC BEVERAGES, TOBACCO AND NARCOTICS",2023-04-01,111.735670675,0.115549132218,0.115549132218
02,"ALCOHOLIC BEVERAGES, TOBACCO AND NARCOTICS",2023-05-01,111.745390209,0.00869868525255,0.00869868525255
02,"ALCOHOLIC BEVERAGES, TOBACCO AND NARCOTICS",2023-06-01,112.50586287,0.68054052174,0.68054052174
02,"ALCOHOLIC BEVERAGES, TOBACCO AND NARCOTICS",2023-07-01,114.684332239,1.93631630619,1.93631630619
02,"ALCOHOLIC BEVERAGES, TOBACCO AND NARCOTICS",2023-08-01,113.559260307,-0.981016246367,-0.981016246367
02,"ALCOHOLIC BEVERAGES, TOBACCO AND NARCOTICS",2023-09-01,113.923475189,0.320726712105,0.320726712105
02,"ALCOHOLIC BEVERAGES, TOBACCO AND NARCOTICS",2023-10-01,114.399231784,0.417610675937,0.417610675937
02,"ALCOHOLIC BEVERAGES, TOBACCO AND NARCOTICS",2023-11-01,258.420787953,125.893814078,125.893814078
02,"ALCOHOLIC BEVERAGES, TOBACCO AND NARCOTICS",2023-12-01,212.481501654,-17.776931439,-17.776931439
02,"ALCOHOLIC BEVERAGES, TOBACCO AND NARCOTICS",2024-01-01,272.393063756,28.1961307858,28.1961307858
02,"ALCOHOLIC BEVERAGES, TOBACCO AND NARCOTICS",2024-02-01,893.033729839,227.847455998,227.847455998
02,"ALCOHOLIC BEVERAGES, TOBACCO AND NARCOTICS",2024-03-01,1896.62319536,112.379793952,112.379793952
02,"ALCOHOLIC BEVERAGES, TOBACCO AND NARCOTICS",2024-04-01,2124.72816692,12.0268998143,12.0268998143
02,"ALCOHOLIC BEVERAGES, TOBACCO AND NARCOTICS",2024-05-01,4165.82853403,96.064070637,96.064070637
02,"ALCOHOLIC BEVERAGES, TOBACCO AND NARCOTICS",2024-06-01,4327.7996552,3.88808900438,3.88808900438
02,"ALCOHOLIC BEVERAGES, TOBACCO AND NARCOTICS",2024-07-01,4435.32961571,2.48463351077,2.48463351077
02,"ALCOHOLIC BEVERAGES, TOBACCO AND NARCOTICS",2024-08-01,4412.99254113,-0.503617014212,-0.503617014212
02,"ALCOHOLIC BEVERAGES, TOBACCO AND NARCOTICS",2024-09-01,3859.84633706,-12.5344921597,-12.5344921597
02,"ALCOHOLIC BEVERAGES, TOBACCO AND NARCOTICS",2024-10-01,3859.84633706,0,0
02,"ALCOHOLIC BEVERAGES, TOBACCO AND NARCOTICS",2024-11-01,6926.14236468,79.4408833892,79.4408833892
02,"ALCOHOLIC BEVERAGES, TOBACCO AND NARCOTICS",2024-12-01,8549.8754587,23.4435419968,23.4435419968
02,"ALCOHOLIC BEVERAGES, TOBACCO AND NARCOTICS",2025-01-01,1980.10632188,-76.840524386,-76.840524386
02,"ALCOHOLIC BEVERAGES, TOBACCO AND NARCOTICS",2025-02-01,877.465843392,-55.6859228369,-55.6859228369
02,"ALCOHOLIC BEVERAGES, TOBACCO AND NARCOTICS",2025-03-01,1559.96764415,77.7810106109,77.7810106109
02,"ALCOHOLIC BEVERAGES, TOBACCO AND NARCOTICS",2025-04-01,3794.78617695,143.260569614,143.260569614
02,"ALCOHOLIC BEVERAGES, TOBACCO AND NARCOTICS",2025-05-01,7442.75628895,96.1311110007,96.1311110007
02,"ALCOHOLIC BEVERAGES, TOBACCO AND NARCOTICS",2025-06-01,2534.24784438,-65.9501433878,-65.9501433878
02,"ALCOHOLIC BEVERAGES, TOBACCO AND NARCOTICS",2025-07-01,2863.05270042,12.9744553897,12.9744553897
02,"ALCOHOLIC BEVERAGES, TOBACCO AND NARCOTICS",2025-08-01,2439.1966464,-14.8043399257,-14.8043399257
02,"ALCOHOLIC BEVERAGES, TOBACCO AND NARCOTICS",2025-09-01,855.256284033,-64.936968682,-64.936968682
02,"ALCOHOLIC BEVERAGES, TOBACCO AND NARCOTICS",2025-10-01,428.32330767,-49.9187184396,-49.9187184396
02,"ALCOHOLIC BEVERAGES, TOBACCO AND NARCOTICS",2025-11-01,475.687600973,11.0580704938,11.0580704938
02,"ALCOHOLIC BEVERAGES, TOBACCO AND NARCOTICS",2025-12-01,609.055954392,28.0369623142,28.0369623142
02,"ALCOHOLIC BEVERAGES, TOBACCO AND NARCOTICS",2026-01-01,767.682831189,26.0447132408,26.0447132408
02,"ALCOHOLIC BEVERAGES, TOBACCO AND NARCOTICS",2026-02-01,2938.49749635,282.774939984,282.774939984
023,TOBACCO,2022-12-01,111.018499191,,
023,TOBACCO,2023-01-01,111.15617599,0.124012484108,0.124012484108
023,TOBACCO,2023-02-01,112.144221692,0.888880615876,0.888880615876
023,TOBACCO,2023-03-01,111.60671009,-0.479303876609,-0.479303876609
023,TOBACCO,2023-04-01,111.735670675,0.115549132218,0.115549132218
023,TOBACCO,2023-05-01,111.745390209,0.00869868525255,0.00869868525255
023,TOBACCO,2023-06-01,112.50586287,0.68054052174,0.68054052174
023,TOBACCO,2023-07-01,114.684332239,1.93631630619,1.93631630619
023,TOBACCO,2023-08-01,113.559260307,-0.981016246367,-0.981016246367
023,TOBACCO,2023-09-01,113.923475189,0.320726712105,0.320726712105
023,TOBACCO,2023-10-01,114.399231784,0.417610675937,0.417610675937
023,TOBACCO,2023-11-01,258.420787953,125.893814078,125.893814078
023,TOBACCO,2023-12-01,212.481501654,-17.776931439,-17.776931439
023,TOBACCO,2024-01-01,272.393063756,28.1961307858,28.1961307858
023,TOBACCO,2024-02-01,893.033729839,227.847455998,227.847455998
023,TOBACCO,2024-03-01,1896.62319536,112.379793952,112.379793952
023,TOBACCO,2024-04-01,2124.72816692,12.0268998143,12.0268998143
023,TOBACCO,2024-05-01,4165.82853403,96.064070637,96.064070637
023,TOBACCO,2024-06-01,4327.7996552,3.88808900438,3.88808900438
023,TOBACCO,2024-07-01,4435.32961571,2.48463351077,2.48463351077
023,TOBACCO,2024-08-01,4412.99254113,-0.503617014212,-0.503617014212
023,TOBACCO,2024-09-01,3859.84633706,-12.5344921597,-12.5344921597
023,TOBACCO,2024-10-01,3859.84633706,0,0
023,TOBACCO,2024-11-01,6926.14236468,79.4408833892,79.4408833892
023,TOBACCO,2024-12-01,8549.8754587,23.4435419968,23.4435419968
023,TOBACCO,2025-01-01,1980.10632188,-76.840524386,-76.840524386
023,TOBACCO,2025-02-01,877.465843392,-55.6859228369,-55.6859228369
023,TOBACCO,2025-03-01,1559.96764415,77.7810106109,77.7810106109
023,TOBACCO,2025-04-01,3794.78617695,143.260569614,143.260569614
023,TOBACCO,2025-05-01,7442.75628895,96.1311110007,96.1311110007
023,TOBACCO,2025-06-01,2534.24784438,-65.9501433878,-65.9501433878
023,TOBACCO,2025-07-01,2863.05270042,12.9744553897,12.9744553897
023,TOBACCO,2025-08-01,2439.1966464,-14.8043399257,-14.8043399257
023,TOBACCO,2025-09-01,855.256284033,-64.936968682,-64.936968682
023,TOBACCO,2025-10-01,428.32330767,-49.9187184396,-49.9187184396
023,TOBACCO,2025-11-01,475.687600973,11.0580704938,11.0580704938
023,TOBACCO,2025-12-01,609.055954392,28.0369623142,28.0369623142
023,TOBACCO,2026-01-01,767.682831189,26.0447132408,26.0447132408
023,TOBACCO,2026-02-01,2938.49749635,282.774939984,282.774939984
02301.2,Imported cigarettes,2022-12-01,111.947055794,,
02301.2,Imported cigarettes,2023-01-01,112.096289599,0.133307485118,0.133307485118
02301.2,Imported cigarettes,2023-02-01,113.146171268,0.936589134954,0.936589134954
02301.2,Imported cigarettes,2023-03-01,112.600322387,-0.482428061953,-0.482428061953
02301.2,Imported cigarettes,2023-04-01,112.744067595,0.127659677903,0.127659677903
02301.2,Imported cigarettes,2023-05-01,112.74586955,0.00159826996537,0.00159826996537
02301.2,Imported cigarettes,2023-06-01,113.528242134,0.693925716876,0.693925716876
02301.2,Imported cigarettes,2023-07-01,115.847121256,2.04255705809,2.04255705809
02301.2,Imported cigarettes,2023-08-01,114.693878968,-0.995486357952,-0.995486357952
02301.2,Imported cigarettes,2023-09-01,115.025972643,0.289547862102,0.289547862102
02301.2,Imported cigarettes,2023-10-01,115.524482532,0.433388980131,0.433388980131
02301.2,Imported cigarettes,2023-11-01,264.362393377,128.836682565,128.836682565
02301.2,Imported cigarettes,2023-12-01,216.325923962,-18.170689409,-18.170689409
02301.2,Imported cigarettes,2024-01-01,275.759514317,27.4740952291,27.4740952291
02301.2,Imported cigarettes,2024-02-01,926.243083968,235.887987859,235.887987859
02301.2,Imported cigarettes,2024-03-01,1970.28430191,112.717842218,112.717842218
02301.2,Imported cigarettes,2024-04-01,2180.76594203,10.6828055179,10.6828055179
02301.2,Imported cigarettes,2024-05-01,4301.32573094,97.2392198559,97.2392198559
02301.2,Imported cigarettes,2024-06-01,4414.12658028,2.62246703434,2.62246703434
02301.2,Imported cigarettes,2024-07-01,4456.23740793,0.954001360969,0.95400136097
02301.2,Imported cigarettes,2024-08-01,4414.12658028,-0.944986179952,-0.944986179952
02301.2,Imported cigarettes,2024-09-01,3851.64690078,-12.7427174837,-12.7427174837
02301.2,Imported cigarettes,2024-10-01,3851.64690078,0,0
02301.2,Imported cigarettes,2024-11-01,7079.85648672,83.813746927,83.813746927
02301.2,Imported cigarettes,2024-12-01,8783.99221433,24.0702015754,24.0702015754
02301.2,Imported cigarettes,2025-01-01,2045.75933204,-76.7103694753,-76.7103694753
02301.2,Imported cigarettes,2025-02-01,891.08604991,-56.4422835103,-56.4422835103
02301.2,Imported cigarettes,2025-03-01,1605.64281732,80.1894236228,80.1894236228
02301.2,Imported cigarettes,2025-04-01,3849.11586411,139.724291268,139.724291268
02301.2,Imported cigarettes,2025-05-01,7353.79532739,91.0515450045,91.0515450045
02301.2,Imported cigarettes,2025-06-01,2441.59994973,-66.7980975669,-66.7980975669
02301.2,Imported cigarettes,2025-07-01,2670.76657494,9.38592029545,9.38592029545
02301.2,Imported cigarettes,2025-08-01,2418.45367903,-9.44720883808,-9.44720883808
02301.2,Imported cigarettes,2025-09-01,732.982430674,-69.6921038005,-69.6921038005
02301.2,Imported cigarettes,2025-10-01,329.850625473,-54.9988360336,-54.9988360336
02301.2,Imported cigarettes,2025-11-01,451.977726955,37.0249719269,37.0249719269
02301.2,Imported cigarettes,2025-12-01,616.149115583,36.3228935493,36.3228935493
02301.2,Imported cigarettes,2026-01-01,781.363505061,26.8140268807,26.8140268807
02301.2,Imported cigarettes,2026-02-01,3026.89699266,287.386533035,287.386533035
04,"HOUSING, WATER, ELECTRICITY, GAS AND OTHER FUELS",2022-12-01,108.027901984,,
04,"HOUSING, WATER, ELECTRICITY, GAS AND OTHER FUELS",2023-01-01,108.141026509,0.104717876161,0.104717876161
04,"HOUSING, WATER, ELECTRICITY, GAS AND OTHER FUELS",2023-02-01,108.253085647,0.103623150075,0.103623150075
04,"HOUSING, WATER, ELECTRICITY, GAS AND OTHER FUELS",2023-03-01,106.648422541,-1.48232551246,-1.48232551246
04,"HOUSING, WATER, ELECTRICITY, GAS AND OTHER FUELS",2023-04-01,106.920861559,0.255455272043,0.255455272043
04,"HOUSING, WATER, ELECTRICITY, GAS AND OTHER FUELS",2023-05-01,106.860901813,-0.0560786222041,-0.0560786222041
04,"HOUSING, WATER, ELECTRICITY, GAS AND OTHER FUELS",2023-06-01,106.41926922,-0.413277995269,-0.413277995269
04,"HOUSING, WATER, ELECTRICITY, GAS AND OTHER FUELS",2023-07-01,106.894086913,0.446176427429,0.446176427429
04,"HOUSING, WATER, ELECTRICITY, GAS AND OTHER FUELS",2023-08-01,107.487659447,0.555290335442,0.555290335442
04,"HOUSING, WATER, ELECTRICITY, GAS AND OTHER FUELS",2023-09-01,106.999630838,-0.454032222376,-0.454032222376
04,"HOUSING, WATER, ELECTRICITY, GAS AND OTHER FUELS",2023-10-01,107.054542875,0.0513198380366,0.0513198380367
04,"HOUSING, WATER, ELECTRICITY, GAS AND OTHER FUELS",2023-11-01,198.4433733,85.366606563,85.366606563
04,"HOUSING, WATER, ELECTRICITY, GAS AND OTHER FUELS",2023-12-01,175.899724826,-11.3602425209,-11.3602425209
04,"HOUSING, WATER, ELECTRICITY, GAS AND OTHER FUELS",2024-01-01,131.655280721,-25.1532196248,-25.1532196248
04,"HOUSING, WATER, ELECTRICITY, GAS AND OTHER FUELS",2024-02-01,134.59865473,2.23566726125,2.23566726125
04,"HOUSING, WATER, ELECTRICITY, GAS AND OTHER FUELS",2024-03-01,156.566379519,16.3209096203,16.3209096203
04,"HOUSING, WATER, ELECTRICITY, GAS AND OTHER FUELS",2024-04-01,139.945654137,-10.6157691278,-10.6157691278
04,"HOUSING, WATER, ELECTRICITY, GAS AND OTHER FUELS",2024-05-01,261.244360308,86.6755791156,86.6755791156
04,"HOUSING, WATER, ELECTRICITY, GAS AND OTHER FUELS",2024-06-01,380.260447814,45.5573805943,45.5573805943
04,"HOUSING, WATER, ELECTRICITY, GAS AND OTHER FUELS",2024-07-01,219.762223645,-42.2074462625,-42.2074462625
04,"HOUSING, WATER, ELECTRICITY, GAS AND OTHER FUELS",2024-08-01,188.759145459,-14.1075557356,-14.1075557356
04,"HOUSING, WATER, ELECTRICITY, GAS AND OTHER FUELS",2024-09-01,192.045274959,1.74091140982,1.74091140982
04,"HOUSING, WATER, ELECTRICITY, GAS AND OTHER FUELS",2024-10-01,329.052377891,71.341043387,71.341043387
04,"HOUSING, WATER, ELECTRICITY, GAS AND OTHER FUELS",2024-11-01,328.041968247,-0.307066507118,-0.307066507118
04,"HOUSING, WATER, ELECTRICITY, GAS AND OTHER FUELS",2024-12-01,320.764187692,-2.21855166701,-2.21855166701
04,"HOUSING, WATER, ELECTRICITY, GAS AND OTHER FUELS",2025-01-01,312.245900332,-2.65562294255,-2.65562294255
04,"HOUSING, WATER, ELECTRICITY, GAS AND OTHER FUELS",2025-02-01,157.055863122,-49.7012249145,-49.7012249145
04,"HOUSING, WATER, ELECTRICITY, GAS AND OTHER FUELS",2025-03-01,482.930960865,207.489928275,207.489928275
04,"HOUSING, WATER, ELECTRICITY, GAS AND OTHER FUELS",2025-04-01,1018.13435428,110.823996967,110.823996967
04,"HOUSING, WATER, ELECTRICITY, GAS AND OTHER FUELS",2025-05-01,1105.04976857,8.53673328289,8.53673328289
04,"HOUSING, WATER, ELECTRICITY, GAS AND OTHER FUELS",2025-06-01,1099.83317991,-0.472068209837,-0.472068209837
04,"HOUSING, WATER, ELECTRICITY, GAS AND OTHER FUELS",2025-07-01,1101.79056285,0.177970893948,0.177970893948
04,"HOUSING, WATER, ELECTRICITY, GAS AND OTHER FUELS",2025-08-01,1104.53363641,0.248965061682,0.248965061682
04,"HOUSING, WATER, ELECTRICITY, GAS AND OTHER FUELS",2025-09-01,1405.67714991,27.2643135146,27.2643135146
04,"HOUSING, WATER, ELECTRICITY, GAS AND OTHER FUELS",2025-10-01,300.660128679,-78.611011163,-78.611011163
04,"HOUSING, WATER, ELECTRICITY, GAS AND OTHER FUELS",2025-11-01,308.25601801,2.526403938,2.526403938
04,"HOUSING, WATER, ELECTRICITY, GAS AND OTHER FUELS",2025-12-01,292.923621948,-4.9739162146,-4.9739162146
04,"HOUSING, WATER, ELECTRICITY, GAS AND OTHER FUELS",2026-01-01,289.699441941,-1.10068965621,-1.10068965621
04,"HOUSING, WATER, ELECTRICITY, GAS AND OTHER FUELS",2026-02-01,248.86887187,-14.094114161,-14.094114161
0441,Water supply,2022-12-01,130.68514721,,
0441,Water supply,2023-01-01,131.104066434,0.320556109651,0.320556109651
0441,Water supply,2023-02-01,129.095503746,-1.53203690932,-1.53203690932
0441,Water supply,2023-03-01,123.775293496,-4.12114294881,-4.12114294881
0441,Water supply,2023-04-01,125.111203281,1.07930245797,1.07930245797
0441,Water supply,2023-05-01,124.534728355,-0.460770028028,-0.460770028028
0441,Water supply,2023-06-01,122.295769726,-1.79785884511,-1.79785884511
0441,Water supply,2023-07-01,122.180877461,-0.0939462297192,-0.0939462297192
0441,Water supply,2023-08-01,123.793939155,1.32022434884,1.32022434884
0441,Water supply,2023-09-01,124.233504955,0.355078610983,0.355078610983
0441,Water supply,2023-10-01,124.233504955,0,0
0441,Water supply,2023-11-01,124.233504955,0,0
0441,Water supply,2023-12-01,243.168008001,95.7346434761,95.7346434761
0441,Water supply,2024-01-01,243.168008001,0,0
0441,Water supply,2024-02-01,243.168008001,0,0
0441,Water supply,2024-03-01,243.168008001,0,0
0441,Water supply,2024-04-01,243.168008001,0,0
0441,Water supply,2024-05-01,274.045399315,12.697966138,12.697966138
0441,Water supply,2024-06-01,328.174922816,19.7520278159,19.7520278159
0441,Water supply,2024-07-01,352.51086417,7.41553959861,7.41553959861
0441,Water supply,2024-08-01,352.51086417,0,0
0441,Water supply,2024-09-01,352.51086417,0,0
0441,Water supply,2024-10-01,375.470346333,6.51312753621,6.51312753621
0441,Water supply,2024-11-01,352.51086417,-6.11485897266,-6.11485897266
0441,Water supply,2024-12-01,352.51086417,0,0
0441,Water supply,2025-01-01,302.162830575,-14.2826899006,-14.2826899006
0441,Water supply,2025-02-01,340.531364483,12.697966138,12.697966138
0441,Water supply,2025-03-01,352.51086417,3.51788438211,3.51788438211
0441,Water supply,2025-04-01,352.51086417,0,0
0441,Water supply,2025-05-01,397.272574335,12.697966138,12.697966138
0441,Water supply,2025-06-01,362.504937758,-8.75158237026,-8.75158237026
0441,Water supply,2025-07-01,372.979916678,2.88960999663,2.88960999663
0441,Water supply,2025-08-01,388.678959006,4.2090851615,4.2090851615
0441,Water supply,2025-09-01,388.678959006,0,0
0441,Water supply,2025-10-01,381.52338859,-1.84099762806,-1.84099762806
0441,Water supply,2025-11-01,352.51086417,-7.60438947838,-7.60438947838
0441,Water supply,2025-12-01,352.51086417,0,0
0441,Water supply,2026-01-01,352.51086417,0,0
0441,Water supply,2026-02-01,352.51086417,0,0
04411,Water supply through network systems,2022-12-01,130.68514721,,
04411,Water supply through network systems,2023-01-01,131.104066434,0.320556109651,0.320556109651
04411,Water supply through network systems,2023-02-01,129.095503746,-1.53203690932,-1.53203690932
04411,Water supply through network systems,2023-03-01,123.775293496,-4.12114294881,-4.12114294881
04411,Water supply through network systems,2023-04-01,125.111203281,1.07930245797,1.07930245797
04411,Water supply through network systems,2023-05-01,124.534728355,-0.460770028028,-0.460770028028
04411,Water supply through network systems,2023-06-01,122.295769726,-1.79785884511,-1.79785884511
04411,Water supply through network systems,2023-07-01,122.180877461,-0.0939462297192,-0.0939462297192
04411,Water supply through network systems,2023-08-01,123.793939155,1.32022434884,1.32022434884
04411,Water supply through network systems,2023-09-01,124.233504955,0.355078610983,0.355078610983
04411,Water supply through network systems,2023-10-01,124.233504955,0,0
04411,Water supply through network systems,2023-11-01,124.233504955,0,0
04411,Water supply through network systems,2023-12-01,243.168008001,95.7346434761,95.7346434761
04411,Water supply through network systems,2024-01-01,243.168008001,0,0
04411,Water supply through network systems,2024-02-01,243.168008001,0,0
04411,Water supply through network systems,2024-03-01,243.168008001,0,0
04411,Water supply through network systems,2024-04-01,243.168008001,0,0
04411,Water supply through network systems,2024-05-01,274.045399315,12.697966138,12.697966138
04411,Water supply through network systems,2024-06-01,328.174922816,19.7520278159,19.7520278159
04411,Water supply through network systems,2024-07-01,352.51086417,7.41553959861,7.41553959861
04411,Water supply through network systems,2024-08-01,352.51086417,0,0
04411,Water supply through network systems,2024-09-01,352.51086417,0,0
04411,Water supply through network systems,2024-10-01,375.470346333,6.51312753621,6.51312753621
04411,Water supply through network systems,2024-11-01,352.51086417,-6.11485897266,-6.11485897266
04411,Water supply through network systems,2024-12-01,352.51086417,0,0
04411,Water supply through network systems,2025-01-01,302.162830575,-14.2826899006,-14.2826899006
04411,Water supply through network systems,2025-02-01,340.531364483,12.697966138,12.697966138
04411,Water supply through network systems,2025-03-01,352.51086417,3.51788438211,3.51788438211
04411,Water supply through network systems,2025-04-01,352.51086417,0,0
04411,Water supply through network systems,2025-05-01,397.272574335,12.697966138,12.697966138
04411,Water supply through network systems,2025-06-01,362.504937758,-8.75158237026,-8.75158237026
04411,Water supply through network systems,2025-07-01,372.979916678,2.88960999663,2.88960999663
04411,Water supply through network systems,2025-08-01,388.678959006,4.2090851615,4.2090851615
04411,Water supply through network systems,2025-09-01,388.678959006,0,0
04411,Water supply through network systems,2025-10-01,381.52338859,-1.84099762806,-1.84099762806
04411,Water supply through network systems,2025-11-01,352.51086417,-7.60438947838,-7.60438947838
04411,Water supply through network systems,2025-12-01,352.51086417,0,0
04411,Water supply through network systems,2026-01-01,352.51086417,0,0
04411,Water supply through network systems,2026-02-01,352.51086417,0,0
0452,Gas,2022-12-01,113.799110112,,
0452,Gas,2023-01-01,113.799110112,0,0
0452,Gas,2023-02-01,114.200544086,0.35275668915,0.35275668915
0452,Gas,2023-03-01,113.399087247,-0.701797741184,-0.701797741184
0452,Gas,2023-04-01,113.799110112,0.35275668915,0.35275668915
0452,Gas,2023-05-01,113.799110112,0,0
0452,Gas,2023-06-01,113.799110112,0,0
0452,Gas,2023-07-01,114.200544086,0.35275668915,0.35275668915
0452,Gas,2023-08-01,114.200544086,0,0
0452,Gas,2023-09-01,113.799110112,-0.351516690511,-0.351516690511
0452,Gas,2023-10-01,114.200544086,0.35275668915,0.35275668915
0452,Gas,2023-11-01,606.984900103,431.507888131,431.507888131
0452,Gas,2023-12-01,375.372240853,-38.1578947368,-38.1578947368
0452,Gas,2024-01-01,135.772938181,-63.829787234,-63.829787234
0452,Gas,2024-02-01,141.097367129,3.92156862745,3.92156862745
0452,Gas,2024-03-01,253.290691396,79.5148247978,79.5148247978
0452,Gas,2024-04-01,151.746225026,-40.0900900901,-40.0900900901
0452,Gas,2024-05-01,766.717768551,405.263157895,405.263157895
0452,Gas,2024-06-01,1357.72938181,77.0833333333,77.0833333333
0452,Gas,2024-07-01,492.889994069,-63.6974789916,-63.6974789916
0452,Gas,2024-08-01,342.92650195,-30.4253472222,-30.4253472222
0452,Gas,2024-09-01,365.388936575,6.55021834061,6.55021834061
0452,Gas,2024-10-01,1085.47041229,197.072599532,197.072599532
0452,Gas,2024-11-01,1101.01584323,1.43213769544,1.43213769544
0452,Gas,2024-12-01,1063.52140474,-3.40544041451,-3.40544041451
0452,Gas,2025-01-01,1066.21689689,0.25344973247,0.25344973247
0452,Gas,2025-02-01,189.796876188,-82.1990369181,-82.1990369181
0452,Gas,2025-03-01,1945.84583683,925.225428314,925.225428314
0452,Gas,2025-04-01,4839.90591398,148.730183161,148.730183161
0452,Gas,2025-05-01,5271.18465879,8.91089108911,8.91089108911
0452,Gas,2025-06-01,5271.18465879,0,0
0452,Gas,2025-07-01,5271.18465879,0,0
0452,Gas,2025-08-01,5271.18465879,0,0
0452,Gas,2025-09-01,6708.78047483,27.2727272727,27.2727272727
0452,Gas,2025-10-01,742.757838284,-88.9285714286,-88.9285714286
0452,Gas,2025-11-01,879.329440807,18.3870967742,18.3870967742
0452,Gas,2025-12-01,858.96350008,-2.31607629428,-2.31607629428
0452,Gas,2026-01-01,885.661708092,3.10818888225,3.10818888225
0452,Gas,2026-02-01,652.126797708,-26.3684099979,-26.3684099979
04522,Liquefied hydrocarbons,2022-12-01,113.799110112,,
04522,Liquefied hydrocarbons,2023-01-01,113.799110112,0,0
04522,Liquefied hydrocarbons,2023-02-01,114.200544086,0.35275668915,0.35275668915
04522,Liquefied hydrocarbons,2023-03-01,113.399087247,-0.701797741184,-0.701797741184
04522,Liquefied hydrocarbons,2023-04-01,113.799110112,0.35275668915,0.35275668915
04522,Liquefied hydrocarbons,2023-05-01,113.799110112,0,0
04522,Liquefied hydrocarbons,2023-06-01,113.799110112,0,0
04522,Liquefied hydrocarbons,2023-07-01,114.200544086,0.35275668915,0.35275668915
04522,Liquefied hydrocarbons,2023-08-01,114.200544086,0,0
04522,Liquefied hydrocarbons,2023-09-01,113.799110112,-0.351516690511,-0.351516690511
04522,Liquefied hydrocarbons,2023-10-01,114.200544086,0.35275668915,0.35275668915
04522,Liquefied hydrocarbons,2023-11-01,606.984900103,431.507888131,431.507888131
04522,Liquefied hydrocarbons,2023-12-01,375.372240853,-38.1578947368,-38.1578947368
04522,Liquefied hydrocarbons,2024-01-01,135.772938181,-63.829787234,-63.829787234
04522,Liquefied hydrocarbons,2024-02-01,141.097367129,3.92156862745,3.92156862745
04522,Liquefied hydrocarbons,2024-03-01,253.290691396,79.5148247978,79.5148247978
04522,Liquefied hydrocarbons,2024-04-01,151.746225026,-40.0900900901,-40.0900900901
04522,Liquefied hydrocarbons,2024-05-01,766.717768551,405.263157895,405.263157895
04522,Liquefied hydrocarbons,2024-06-01,1357.72938181,77.0833333333,77.0833333333
04522,Liquefied hydrocarbons,2024-07-01,492.889994069,-63.6974789916,-63.6974789916
04522,Liquefied hydrocarbons,2024-08-01,342.92650195,-30.4253472222,-30.4253472222
04522,Liquefied hydrocarbons,2024-09-01,365.388936575,6.55021834061,6.55021834061
04522,Liquefied hydrocarbons,2024-10-01,1085.47041229,197.072599532,197.072599532
04522,Liquefied hydrocarbons,2024-11-01,1101.01584323,1.43213769544,1.43213769544
04522,Liquefied hydrocarbons,2024-12-01,1063.52140474,-3.40544041451,-3.40544041451
04522,Liquefied hydrocarbons,2025-01-01,1066.21689689,0.25344973247,0.25344973247
04522,Liquefied hydrocarbons,2025-02-01,189.796876188,-82.1990369181,-82.1990369181
04522,Liquefied hydrocarbons,2025-03-01,1945.84583683,925.225428314,925.225428314
04522,Liquefied hydrocarbons,2025-04-01,4839.90591398,148.730183161,148.730183161
04522,Liquefied hydrocarbons,2025-05-01,5271.18465879,8.91089108911,8.91089108911
04522,Liquefied hydrocarbons,2025-06-01,5271.18465879,0,0
04522,Liquefied hydrocarbons,2025-07-01,5271.18465879,0,0
04522,Liquefied hydrocarbons,2025-08-01,5271.18465879,0,0
04522,Liquefied hydrocarbons,2025-09-01,6708.78047483,27.2727272727,27.2727272727
04522,Liquefied hydrocarbons,2025-10-01,742.757838284,-88.9285714286,-88.9285714286
04522,Liquefied hydrocarbons,2025-11-01,879.329440807,18.3870967742,18.3870967742
04522,Liquefied hydrocarbons,2025-12-01,858.96350008,-2.31607629428,-2.31607629428
04522,Liquefied hydrocarbons,2026-01-01,885.661708092,3.10818888225,3.10818888225
04522,Liquefied hydrocarbons,2026-02-01,652.126797708,-26.3684099979,-26.3684099979
0453,Liquid fuels,2022-12-01,123.588039867,,
0453,Liquid fuels,2023-01-01,123.588039867,0,0
0453,Liquid fuels,2023-02-01,123.588039867,0,0
0453,Liquid fuels,2023-03-01,123.588039867,0,0
0453,Liquid fuels,2023-04-01,123.588039867,0,0
0453,Liquid fuels,2023-05-01,123.588039867,0,0
0453,Liquid fuels,2023-06-01,123.189368771,-0.322580645161,-0.322580645161
0453,Liquid fuels,2023-07-01,123.588039867,0.323624595469,0.323624595469
0453,Liquid fuels,2023-08-01,126.57807309,2.41935483871,2.41935483871
0453,Liquid fuels,2023-09-01,129.368770764,2.20472440945,2.20472440945
0453,Liquid fuels,2023-10-01,296.474291737,129.169907069,129.169907069
0453,Liquid fuels,2023-11-01,598.006644518,101.706070707,101.706070707
0453,Liquid fuels,2023-12-01,697.674418605,16.6666666667,16.6666666667
0453,Liquid fuels,2024-01-01,573.089700997,-17.8571428571,-17.8571428571
0453,Liquid fuels,2024-02-01,664.451827243,15.9420289855,15.9420289855
0453,Liquid fuels,2024-03-01,598.006644518,-10,-10
0453,Liquid fuels,2024-04-01,622.92358804,4.16666666667,4.16666666667
0453,Liquid fuels,2024-05-01,951.827242525,52.8,52.8
0453,Liquid fuels,2024-06-01,1370.43189369,43.9790575916,43.9790575916
0453,Liquid fuels,2024-07-01,2292.35880399,67.2727272727,67.2727272727
0453,Liquid fuels,2024-08-01,1245.84717608,-45.652173913,-45.652173913
0453,Liquid fuels,2024-09-01,747.508305648,-40,-40
0453,Liquid fuels,2024-10-01,1128.73754153,51,51
0453,Liquid fuels,2024-11-01,1196.01328904,5.96026490066,5.96026490066
0453,Liquid fuels,2024-12-01,1289.03654485,7.77777777778,7.77777777778
0453,Liquid fuels,2025-01-01,829.235880399,-35.6701030928,-35.6701030928
0453,Liquid fuels,2025-02-01,1775.19379845,114.075854701,114.075854701
0453,Liquid fuels,2025-03-01,1010.13289037,-43.0973175296,-43.0973175296
0453,Liquid fuels,2025-04-01,1071.42857143,6.06808090775,6.06808090775
0453,Liquid fuels,2025-05-01,1420.26578073,32.5581395349,32.5581395349
0453,Liquid fuels,2025-06-01,1544.85049834,8.77192982456,8.77192982456
0453,Liquid fuels,2025-07-01,1943.52159468,25.8064516129,25.8064516129
0453,Liquid fuels,2025-08-01,2325.58139535,19.6581196581,19.6581196581
0453,Liquid fuels,2025-09-01,2120.20537602,-8.83116883117,-8.83116883117
0453,Liquid fuels,2025-10-01,1299.30534582,-38.7179487179,-38.7179487179
0453,Liquid fuels,2025-11-01,768.865685809,-40.8248655111,-40.8248655111
0453,Liquid fuels,2025-12-01,777.408637874,1.11111111111,1.11111111111
0453,Liquid fuels,2026-01-01,653.820598007,-15.8974358974,-15.8974358974
0453,Liquid fuels,2026-02-01,576.965669989,-11.7547425474,-11.7547425474
04530,Liquid fuels,2022-12-01,123.588039867,,
04530,Liquid fuels,2023-01-01,123.588039867,0,0
04530,Liquid fuels,2023-02-01,123.588039867,0,0
04530,Liquid fuels,2023-03-01,123.588039867,0,0
04530,Liquid fuels,2023-04-01,123.588039867,0,0
04530,Liquid fuels,2023-05-01,123.588039867,0,0
04530,Liquid fuels,2023-06-01,123.189368771,-0.322580645161,-0.322580645161
04530,Liquid fuels,2023-07-01,123.588039867,0.323624595469,0.323624595469
04530,Liquid fuels,2023-08-01,126.57807309,2.41935483871,2.41935483871
04530,Liquid fuels,2023-09-01,129.368770764,2.20472440945,2.20472440945
04530,Liquid fuels,2023-10-01,296.474291737,129.169907069,129.169907069
04530,Liquid fuels,2023-11-01,598.006644518,101.706070707,101.706070707
04530,Liquid fuels,2023-12-01,697.674418605,16.6666666667,16.6666666667
04530,Liquid fuels,2024-01-01,573.089700997,-17.8571428571,-17.8571428571
04530,Liquid fuels,2024-02-01,664.451827243,15.9420289855,15.9420289855
04530,Liquid fuels,2024-03-01,598.006644518,-10,-10
04530,Liquid fuels,2024-04-01,622.92358804,4.16666666667,4.16666666667
04530,Liquid fuels,2024-05-01,951.827242525,52.8,52.8
04530,Liquid fuels,2024-06-01,1370.43189369,43.9790575916,43.9790575916
04530,Liquid fuels,2024-07-01,2292.35880399,67.2727272727,67.2727272727
04530,Liquid fuels,2024-08-01,1245.84717608,-45.652173913,-45.652173913
04530,Liquid fuels,2024-09-01,747.508305648,-40,-40
04530,Liquid fuels,2024-10-01,1128.73754153,51,51
04530,Liquid fuels,2024-11-01,1196.01328904,5.96026490066,5.96026490066
04530,Liquid fuels,2024-12-01,1289.03654485,7.77777777778,7.77777777778
04530,Liquid fuels,2025-01-01,829.235880399,-35.6701030928,-35.6701030928
04530,Liquid fuels,2025-02-01,1775.19379845,114.075854701,114.075854701
04530,Liquid fuels,2025-03-01,1010.13289037,-43.0973175296,-43.0973175296
04530,Liquid fuels,2025-04-01,1071.42857143,6.06808090775,6.06808090775
04530,Liquid fuels,2025-05-01,1420.26578073,32.5581395349,32.5581395349
04530,Liquid fuels,2025-06-01,1544.85049834,8.77192982456,8.77192982456
04530,Liquid fuels,2025-07-01,1943.52159468,25.8064516129,25.8064516129
04530,Liquid fuels,2025-08-01,2325.58139535,19.6581196581,19.6581196581
04530,Liquid fuels,2025-09-01,2120.20537602,-8.83116883117,-8.83116883117
04530,Liquid fuels,2025-10-01,1299.30534582,-38.7179487179,-38.7179487179
04530,Liquid fuels,2025-11-01,768.865685809,-40.8248655111,-40.8248655111
04530,Liquid fuels,2025-12-01,777.408637874,1.11111111111,1.11111111111
04530,Liquid fuels,2026-01-01,653.820598007,-15.8974358974,-15.8974358974
04530,Liquid fuels,2026-02-01,576.965669989,-11.7547425474,-11.7547425474
0454,Solid fuels,2022-12-01,106.888918696,,
0454,Solid fuels,2023-01-01,116.269202235,8.77573059373,8.77573059373
0454,Solid fuels,2023-02-01,107.644364414,-7.41799002274,-7.41799002274
0454,Solid fuels,2023-03-01,111.088571231,3.19961647399,3.19961647399
0454,Solid fuels,2023-04-01,106.888918696,-3.78045418042,-3.78045418042
0454,Solid fuels,2023-05-01,106.888918696,0,0
0454,Solid fuels,2023-06-01,111.088571231,3.92898776254,3.92898776254
0454,Solid fuels,2023-07-01,106.888918696,-3.78045418042,-3.78045418042
0454,Solid fuels,2023-08-01,111.088571231,3.92898776254,3.92898776254
0454,Solid fuels,2023-09-01,111.088571231,0,0
0454,Solid fuels,2023-10-01,111.088571231,0,0
0454,Solid fuels,2023-11-01,111.088571231,0,0
0454,Solid fuels,2023-12-01,310.724755618,179.709021527,179.709021527
0454,Solid fuels,2024-01-01,327.987242041,5.55555555556,5.55555555556
0454,Solid fuels,2024-02-01,517.874592697,57.8947368421,57.8947368421
0454,Solid fuels,2024-03-01,647.343240871,25,25
0454,Solid fuels,2024-04-01,863.124321161,33.3333333333,33.3333333333
0454,Solid fuels,2024-05-01,1122.06161751,30,30
0454,Solid fuels,2024-06-01,1229.95215765,9.61538461538,9.61538461538
0454,Solid fuels,2024-07-01,712.077564958,-42.1052631579,-42.1052631579
0454,Solid fuels,2024-08-01,474.718376638,-33.3333333333,-33.3333333333
0454,Solid fuels,2024-09-01,431.56216058,-9.09090909091,-9.09090909091
0454,Solid fuels,2024-10-01,431.56216058,0,0
0454,Solid fuels,2024-11-01,388.405944522,-10,-10
0454,Solid fuels,2024-12-01,345.249728464,-11.1111111111,-11.1111111111
0454,Solid fuels,2025-01-01,254.621674742,-26.25,-26.25
0454,Solid fuels,2025-02-01,270.44562063,6.21468926554,6.21468926554
0454,Solid fuels,2025-03-01,270.44562063,0,0
0454,Solid fuels,2025-04-01,270.44562063,0,0
0454,Solid fuels,2025-05-01,270.44562063,0,0
0454,Solid fuels,2025-06-01,270.44562063,0,0
0454,Solid fuels,2025-07-01,270.44562063,0,0
0454,Solid fuels,2025-08-01,270.44562063,0,0
0454,Solid fuels,2025-09-01,270.44562063,0,0
0454,Solid fuels,2025-10-01,270.44562063,0,0
0454,Solid fuels,2025-11-01,1035.74918539,282.978723404,282.978723404
0454,Solid fuels,2025-12-01,517.874592697,-50,-50
0454,Solid fuels,2026-01-01,172.624864232,-66.6666666667,-66.6666666667
0454,Solid fuels,2026-02-01,178.379026373,3.33333333333,3.33333333333
04541,"Coal, coal briquettes and peat",2022-12-01,106.888918696,,
04541,"Coal, coal briquettes and peat",2023-01-01,116.269202235,8.77573059373,8.77573059373
04541,"Coal, coal briquettes and peat",2023-02-01,107.644364414,-7.41799002274,-7.41799002274
04541,"Coal, coal briquettes and peat",2023-03-01,111.088571231,3.19961647399,3.19961647399
04541,"Coal, coal briquettes and peat",2023-04-01,106.888918696,-3.78045418042,-3.78045418042
04541,"Coal, coal briquettes and peat",2023-05-01,106.888918696,0,0
04541,"Coal, coal briquettes and peat",2023-06-01,111.088571231,3.92898776254,3.92898776254
04541,"Coal, coal briquettes and peat",2023-07-01,106.888918696,-3.78045418042,-3.78045418042
04541,"Coal, coal briquettes and peat",2023-08-01,111.088571231,3.92898776254,3.92898776254
04541,"Coal, coal briquettes and peat",2023-09-01,111.088571231,0,0
04541,"Coal, coal briquettes and peat",2023-10-01,111.088571231,0,0
04541,"Coal, coal briquettes and peat",2023-11-01,111.088571231,0,0
04541,"Coal, coal briquettes and peat",2023-12-01,310.724755618,179.709021527,179.709021527
04541,"Coal, coal briquettes and peat",2024-01-01,327.987242041,5.55555555556,5.55555555556
04541,"Coal, coal briquettes and peat",2024-02-01,517.874592697,57.8947368421,57.8947368421
04541,"Coal, coal briquettes and peat",2024-03-01,647.343240871,25,25
04541,"Coal, coal briquettes and peat",2024-04-01,863.124321161,33.3333333333,33.3333333333
04541,"Coal, coal briquettes and peat",2024-05-01,1122.06161751,30,30
04541,"Coal, coal briquettes and peat",2024-06-01,1229.95215765,9.61538461538,9.61538461538
04541,"Coal, coal briquettes and peat",2024-07-01,712.077564958,-42.1052631579,-42.1052631579
04541,"Coal, coal briquettes and peat",2024-08-01,474.718376638,-33.3333333333,-33.3333333333
04541,"Coal, coal briquettes and peat",2024-09-01,431.56216058,-9.09090909091,-9.09090909091
04541,"Coal, coal briquettes and peat",2024-10-01,431.56216058,0,0
04541,"Coal, coal briquettes and peat",2024-11-01,388.405944522,-10,-10
04541,"Coal, coal briquettes and peat",2024-12-01,345.249728464,-11.1111111111,-11.1111111111
04541,"Coal, coal briquettes and peat",2025-01-01,254.621674742,-26.25,-26.25
04541,"Coal, coal briquettes and peat",2025-02-01,270.44562063,6.21468926554,6.21468926554
04541,"Coal, coal briquettes and peat",2025-03-01,270.44562063,0,0
04541,"Coal, coal briquettes and peat",2025-04-01,270.44562063,0,0
04541,"Coal, coal briquettes and peat",2025-05-01,270.44562063,0,0
04541,"Coal, coal briquettes and peat",2025-06-01,270.44562063,0,0
04541,"Coal, coal briquettes and peat",2025-07-01,270.44562063,0,0
04541,"Coal, coal briquettes and peat",2025-08-01,270.44562063,0,0
04541,"Coal, coal briquettes and peat",2025-09-01,270.44562063,0,0
04541,"Coal, coal briquettes and peat",2025-10-01,270.44562063,0,0
04541,"Coal, coal briquettes and peat",2025-11-01,1035.74918539,282.978723404,282.978723404
04541,"Coal, coal briquettes and peat",2025-12-01,517.874592697,-50,-50
04541,"Coal, coal briquettes and peat",2026-01-01,172.624864232,-66.6666666667,-66.6666666667
04541,"Coal, coal briquettes and peat",2026-02-01,178.379026373,3.33333333333,3.33333333333
07,TRANSPORT,2022-12-01,99.1346170891,,
07,TRANSPORT,2023-01-01,99.4651068979,0.333374777152,0.333374777152
07,TRANSPORT,2023-02-01,99.5051282435,0.0402365681728,0.0402365681728
07,TRANSPORT,2023-03-01,104.652396039,5.1728668528,5.1728668528
07,TRANSPORT,2023-04-01,104.569179983,-0.0795166281425,-0.0795166281426
07,TRANSPORT,2023-05-01,104.363484125,-0.196707918354,-0.196707918354
07,TRANSPORT,2023-06-01,101.275776786,-2.95860890912,-2.95860890912
07,TRANSPORT,2023-07-01,101.233123058,-0.0421164172392,-0.0421164172392
07,TRANSPORT,2023-08-01,101.673583477,0.435095160896,0.435095160896
07,TRANSPORT,2023-09-01,105.207428956,3.47567712121,3.47567712121
07,TRANSPORT,2023-10-01,225.246914717,114.097917753,114.097917753
07,TRANSPORT,2023-11-01,256.350239117,13.8085462519,13.8085462519
07,TRANSPORT,2023-12-01,269.197601643,5.01164444795,5.01164444795
07,TRANSPORT,2024-01-01,379.253931538,40.8831019384,40.8831019384
07,TRANSPORT,2024-02-01,402.293852138,6.07506440513,6.07506440513
07,TRANSPORT,2024-03-01,454.32729169,12.9341871062,12.9341871062
07,TRANSPORT,2024-04-01,443.739117865,-2.33051679236,-2.33051679236
07,TRANSPORT,2024-05-01,482.186482016,8.66440721659,8.66440721659
07,TRANSPORT,2024-06-01,386.618176497,-19.8197811602,-19.8197811602
07,TRANSPORT,2024-07-01,426.698287109,10.3668459086,10.3668459086
07,TRANSPORT,2024-08-01,435.995611875,2.17889901313,2.17889901313
07,TRANSPORT,2024-09-01,421.902125544,-3.2324835268,-3.2324835268
07,TRANSPORT,2024-10-01,410.453273293,-2.71362753535,-2.71362753535
07,TRANSPORT,2024-11-01,421.955452256,2.80231142276,2.80231142276
07,TRANSPORT,2024-12-01,407.645612471,-3.39131529372,-3.39131529372
07,TRANSPORT,2025-01-01,334.071175226,-18.0486272865,-18.0486272865
07,TRANSPORT,2025-02-01,395.284959997,18.3235757258,18.3235757258
07,TRANSPORT,2025-03-01,328.687272252,-16.8480196527,-16.8480196527
07,TRANSPORT,2025-04-01,506.55242434,54.1137935973,54.1137935973
07,TRANSPORT,2025-05-01,401.132116718,-20.8113321655,-20.8113321655
07,TRANSPORT,2025-06-01,565.912359283,41.0787956628,41.0787956628
07,TRANSPORT,2025-07-01,629.200304102,11.1833473472,11.1833473472
07,TRANSPORT,2025-08-01,755.230861934,20.0302760521,20.0302760521
07,TRANSPORT,2025-09-01,706.340736274,-6.47353387217,-6.47353387217
07,TRANSPORT,2025-10-01,564.741634362,-20.0468548167,-20.0468548167
07,TRANSPORT,2025-11-01,404.691434919,-28.3404285614,-28.3404285614
07,TRANSPORT,2025-12-01,248.984402343,-38.4754949428,-38.4754949428
07,TRANSPORT,2026-01-01,241.257204088,-3.10348687805,-3.10348687805
07,TRANSPORT,2026-02-01,221.488439807,-8.19406175055,-8.19406175055
0722,Fuels and lubricants for personal transport equipment,2022-12-01,117.131824609,,
0722,Fuels and lubricants for personal transport equipment,2023-01-01,117.140260434,0.00720199288662,0.00720199288664
0722,Fuels and lubricants for personal transport equipment,2023-02-01,117.144294131,0.00344347557746,0.00344347557744
0722,Fuels and lubricants for personal transport equipment,2023-03-01,117.144294131,0,0
0722,Fuels and lubricants for personal transport equipment,2023-04-01,117.14834534,0.0034583069564,0.00345830695636
0722,Fuels and lubricants for personal transport equipment,2023-05-01,117.127254434,-0.0180035886664,-0.0180035886663
0722,Fuels and lubricants for personal transport equipment,2023-06-01,117.131645803,0.00374922901068,0.00374922901065
0722,Fuels and lubricants for personal transport equipment,2023-07-01,117.14834534,0.0142570670013,0.0142570670013
0722,Fuels and lubricants for personal transport equipment,2023-08-01,117.769351347,0.530102243734,0.530102243734
0722,Fuels and lubricants for personal transport equipment,2023-09-01,119.332431314,1.32723832614,1.32723832614
0722,Fuels and lubricants for personal transport equipment,2023-10-01,259.446028073,117.414516083,117.414516083
0722,Fuels and lubricants for personal transport equipment,2023-11-01,599.924210737,131.232759735,131.232759735
0722,Fuels and lubricants for personal transport equipment,2023-12-01,740.566510061,23.4433444771,23.4433444771
0722,Fuels and lubricants for personal transport equipment,2024-01-01,1945.25115795,162.670689469,162.670689469
0722,Fuels and lubricants for personal transport equipment,2024-02-01,2197.45487251,12.9650977727,12.9650977727
0722,Fuels and lubricants for personal transport equipment,2024-03-01,2767.02239853,25.9194185577,25.9194185577
0722,Fuels and lubricants for personal transport equipment,2024-04-01,2651.10995956,-4.18906760688,-4.18906760688
0722,Fuels and lubricants for personal transport equipment,2024-05-01,3071.96875396,15.8748147315,15.8748147315
0722,Fuels and lubricants for personal transport equipment,2024-06-01,2025.85798236,-34.0534313788,-34.0534313788
0722,Fuels and lubricants for personal transport equipment,2024-07-01,2464.58629145,21.6564197941,21.6564197941
0722,Fuels and lubricants for personal transport equipment,2024-08-01,2566.3500239,4.12903913357,4.12903913357
0722,Fuels and lubricants for personal transport equipment,2024-09-01,2412.08120418,-6.01121508287,-6.01121508287
0722,Fuels and lubricants for personal transport equipment,2024-10-01,2286.75825213,-5.1956356956,-5.1956356956
0722,Fuels and lubricants for personal transport equipment,2024-11-01,2412.66545259,5.50592526932,5.50592526932
0722,Fuels and lubricants for personal transport equipment,2024-12-01,2256.0387004,-6.49185538823,-6.49185538823
0722,Fuels and lubricants for personal transport equipment,2025-01-01,1450.68282045,-35.6977865587,-35.6977865587
0722,Fuels and lubricants for personal transport equipment,2025-02-01,2120.7427904,46.1892813853,46.1892813853
0722,Fuels and lubricants for personal transport equipment,2025-03-01,1391.7336844,-34.3751778525,-34.3751778525
0722,Fuels and lubricants for personal transport equipment,2025-04-01,3338.66694339,139.89265912,139.89265912
0722,Fuels and lubricants for personal transport equipment,2025-05-01,2184.73463756,-34.56266604,-34.56266604
0722,Fuels and lubricants for personal transport equipment,2025-06-01,3988.45179488,82.5600110108,82.5600110108
0722,Fuels and lubricants for personal transport equipment,2025-07-01,4681.22676743,17.3695210117,17.3695210117
0722,Fuels and lubricants for personal transport equipment,2025-08-01,6060.77109101,29.4697179203,29.4697179203
0722,Fuels and lubricants for personal transport equipment,2025-09-01,5525.61886881,-8.82977123142,-8.82977123142
0722,Fuels and lubricants for personal transport equipment,2025-10-01,3975.66038821,-28.0504051654,-28.0504051654
0722,Fuels and lubricants for personal transport equipment,2025-11-01,2223.73161358,-44.0663588828,-44.0663588828
0722,Fuels and lubricants for personal transport equipment,2025-12-01,1474.02970571,-33.7136866381,-33.7136866381
0722,Fuels and lubricants for personal transport equipment,2026-01-01,1389.45121506,-5.73790950889,-5.73790950889
0722,Fuels and lubricants for personal transport equipment,2026-02-01,1173.06619526,-15.5734161409,-15.5734161409
07221,Diesel,2022-12-01,123.582541567,,
07221,Diesel,2023-01-01,123.582541567,0,0
07221,Diesel,2023-02-01,123.582541567,0,0
07221,Diesel,2023-03-01,123.582541567,0,0
07221,Diesel,2023-04-01,123.582541567,0,0
07221,Diesel,2023-05-01,123.582541567,0,0
07221,Diesel,2023-06-01,123.183888207,-0.322580645161,-0.322580645161
07221,Diesel,2023-07-01,123.582541567,0.323624595469,0.323624595469
07221,Diesel,2023-08-01,126.572441766,2.41935483871,2.41935483871
07221,Diesel,2023-09-01,129.363015285,2.20472440945,2.20472440945
07221,Diesel,2023-10-01,296.461101911,129.169907069,129.169907069
07221,Diesel,2023-11-01,597.980039839,101.706070707,101.706070707
07221,Diesel,2023-12-01,697.643379812,16.6666666667,16.6666666667
07221,Diesel,2024-01-01,573.064204846,-17.8571428571,-17.8571428571
07221,Diesel,2024-02-01,664.422266488,15.9420289855,15.9420289855
07221,Diesel,2024-03-01,597.980039839,-10,-10
07221,Diesel,2024-04-01,622.895874832,4.16666666667,4.16666666667
07221,Diesel,2024-05-01,951.784896744,52.8,52.8
07221,Diesel,2024-06-01,1370.37092463,43.9790575916,43.9790575916
07221,Diesel,2024-07-01,2292.25681938,67.2727272727,67.2727272727
07221,Diesel,2024-08-01,1245.79174966,-45.652173913,-45.652173913
07221,Diesel,2024-09-01,909.427977255,-27,-27
07221,Diesel,2024-10-01,1128.6873252,24.1095890411,24.1095890411
07221,Diesel,2024-11-01,1295.62341965,14.7902869757,14.7902869757
07221,Diesel,2024-12-01,1288.97919699,-0.512820512821,-0.512820512821
07221,Diesel,2025-01-01,829.198988577,-35.6701030928,-35.6701030928
07221,Diesel,2025-02-01,1775.11482197,114.075854701,114.075854701
07221,Diesel,2025-03-01,1010.08795063,-43.0973175296,-43.0973175296
07221,Diesel,2025-04-01,1071.38090471,6.06808090775,6.06808090775
07221,Diesel,2025-05-01,1420.20259462,32.5581395349,32.5581395349
07221,Diesel,2025-06-01,1544.78176958,8.77192982456,8.77192982456
07221,Diesel,2025-07-01,1943.43512948,25.8064516129,25.8064516129
07221,Diesel,2025-08-01,2325.47793271,19.6581196581,19.6581196581
07221,Diesel,2025-09-01,2120.11105034,-8.83116883117,-8.83116883117
07221,Diesel,2025-10-01,1299.2475411,-38.7179487179,-38.7179487179
07221,Diesel,2025-11-01,768.831479793,-40.8248655111,-40.8248655111
07221,Diesel,2025-12-01,777.374051791,1.11111111111,1.11111111111
07221,Diesel,2026-01-01,653.791510224,-15.8974358974,-15.8974358974
07221,Diesel,2026-02-01,576.9400014,-11.7547425474,-11.7547425474
07222,Petrol,2022-12-01,116.963592235,,
07222,Petrol,2023-01-01,116.963592235,0,0
07222,Petrol,2023-02-01,116.963592235,0,0
07222,Petrol,2023-03-01,116.963592235,0,0
07222,Petrol,2023-04-01,116.963592235,0,0
07222,Petrol,2023-05-01,116.963592235,0,0
07222,Petrol,2023-06-01,116.963592235,0,0
07222,Petrol,2023-07-01,116.963592235,0,0
07222,Petrol,2023-08-01,117.45931107,0.423823195833,0.423823195833
07222,Petrol,2023-09-01,118.946421304,1.26606415538,1.26606415538
07222,Petrol,2023-10-01,258.962625042,117.713674949,117.713674949
07222,Petrol,2023-11-01,605.006579108,133.626987296,133.626987296
07222,Petrol,2023-12-01,749.329335475,23.8547416426,23.8547416426
07222,Petrol,2024-01-01,2039.84096879,172.222222222,172.222222222
07222,Petrol,2024-02-01,2303.49388313,12.925170068,12.925170068
07222,Petrol,2024-03-01,2914.05852685,26.5060240964,26.5060240964
07222,Petrol,2024-04-01,2789.17030427,-4.28571428571,-4.28571428571
07222,Petrol,2024-05-01,3219.34084871,15.4228855721,15.4228855721
07222,Petrol,2024-06-01,2081.47037632,-35.3448275862,-35.3448275862
07222,Petrol,2024-07-01,2497.76445158,20,20
07222,Petrol,2024-08-01,2664.28208169,6.66666666667,6.66666666667
07222,Petrol,2024-09-01,2518.57915535,-5.46875,-5.46875
07222,Petrol,2024-10-01,2372.876229,-5.78512396694,-5.78512396694
07222,Petrol,2024-11-01,2497.76445158,5.26315789474,5.26315789474
07222,Petrol,2024-12-01,2331.24682148,-6.66666666667,-6.66666666667
07222,Petrol,2025-01-01,1498.65867095,-35.7142857143,-35.7142857143
07222,Petrol,2025-02-01,2160.10370165,44.1358024691,44.1358024691
07222,Petrol,2025-03-01,1425.80720778,-33.9935760171,-33.9935760171
07222,Petrol,2025-04-01,3496.87023222,145.255474453,145.255474453
07222,Petrol,2025-05-01,2247.98800642,-35.7142857143,-35.7142857143
07222,Petrol,2025-06-01,4162.94075264,85.1851851852,85.1851851852
07222,Petrol,2025-07-01,4878.96656209,17.2,17.2
07222,Petrol,2025-08-01,6327.66994401,29.6928327645,29.6928327645
07222,Petrol,2025-09-01,5768.86272818,-8.83116883117,-8.83116883117
07222,Petrol,2025-10-01,4162.94075264,-27.8377567851,-27.8377567851
07222,Petrol,2025-11-01,2325.69623381,-44.1333333333,-44.1333333333
07222,Petrol,2025-12-01,1526.4116093,-34.3675417661,-34.3675417661
07222,Petrol,2026-01-01,1443.15279425,-5.45454545455,-5.45454545455
07222,Petrol,2026-02-01,1216.85960462,-15.6804733728,-15.6804733728
073,PASSENGER TRANSPORT SERVICES,2022-12-01,94.7165262892,,
073,PASSENGER TRANSPORT SERVICES,2023-01-01,95.0486148959,0.350613160929,0.350613160929
073,PASSENGER TRANSPORT SERVICES,2023-02-01,95.071095277,0.0236514556935,0.0236514556935
073,PASSENGER TRANSPORT SERVICES,2023-03-01,103.001988406,8.34206559425,8.34206559425
073,PASSENGER TRANSPORT SERVICES,2023-04-01,102.861799711,-0.136102901854,-0.136102901854
073,PASSENGER TRANSPORT SERVICES,2023-05-01,102.692364211,-0.164721500373,-0.164721500373
073,PASSENGER TRANSPORT SERVICES,2023-06-01,97.9092528897,-4.65770883567,-4.65770883567
073,PASSENGER TRANSPORT SERVICES,2023-07-01,97.7767555033,-0.135326726066,-0.135326726066
073,PASSENGER TRANSPORT SERVICES,2023-08-01,98.3922155426,0.629454348444,0.629454348444
073,PASSENGER TRANSPORT SERVICES,2023-09-01,101.378835087,3.03542259763,3.03542259763
073,PASSENGER TRANSPORT SERVICES,2023-10-01,271.204175547,167.515576908,167.515576908
073,PASSENGER TRANSPORT SERVICES,2023-11-01,271.204175547,0,0
073,PASSENGER TRANSPORT SERVICES,2023-12-01,271.204175547,0,0
073,PASSENGER TRANSPORT SERVICES,2024-01-01,271.204175547,0,0
073,PASSENGER TRANSPORT SERVICES,2024-02-01,271.204175547,0,0
073,PASSENGER TRANSPORT SERVICES,2024-03-01,271.204175547,0,0
073,PASSENGER TRANSPORT SERVICES,2024-04-01,271.204175547,0,0
073,PASSENGER TRANSPORT SERVICES,2024-05-01,271.204175547,0,0
073,PASSENGER TRANSPORT SERVICES,2024-06-01,271.204175547,0,0
073,PASSENGER TRANSPORT SERVICES,2024-07-01,271.204175547,0,0
073,PASSENGER TRANSPORT SERVICES,2024-08-01,271.204175547,0,0
073,PASSENGER TRANSPORT SERVICES,2024-09-01,271.204175547,0,0
073,PASSENGER TRANSPORT SERVICES,2024-10-01,271.204175547,0,0
073,PASSENGER TRANSPORT SERVICES,2024-11-01,271.204175547,0,0
073,PASSENGER TRANSPORT SERVICES,2024-12-01,271.204175547,0,0
073,PASSENGER TRANSPORT SERVICES,2025-01-01,271.204175547,0,0
073,PASSENGER TRANSPORT SERVICES,2025-02-01,271.204175547,0,0
073,PASSENGER TRANSPORT SERVICES,2025-03-01,271.204175547,0,0
073,PASSENGER TRANSPORT SERVICES,2025-04-01,271.204175547,0,0
073,PASSENGER TRANSPORT SERVICES,2025-05-01,271.204175547,0,0
073,PASSENGER TRANSPORT SERVICES,2025-06-01,271.204175547,0,0
073,PASSENGER TRANSPORT SERVICES,2025-07-01,271.204175547,0,0
073,PASSENGER TRANSPORT SERVICES,2025-08-01,271.204175547,0,0
073,PASSENGER TRANSPORT SERVICES,2025-09-01,271.204175547,0,0
073,PASSENGER TRANSPORT SERVICES,2025-10-01,271.204175547,0,0
073,PASSENGER TRANSPORT SERVICES,2025-11-01,271.204175547,0,0
073,PASSENGER TRANSPORT SERVICES,2025-12-01,133.095414237,-50.9242754214,-50.9242754214
073,PASSENGER TRANSPORT SERVICES,2026-01-01,133.095414237,0,0
073,PASSENGER TRANSPORT SERVICES,2026-02-01,133.095414237,0,0
0999,Consumer Price Index,2022-12-01,103.672476609,,
0999,Consumer Price Index,2023-01-01,102.880413216,-0.764005471452,-0.764005471452
0999,Consumer Price Index,2023-02-01,103.857108842,0.949350412011,0.949350412011
0999,Consumer Price Index,2023-03-01,105.67464992,1.75004012487,1.75004012487
0999,Consumer Price Index,2023-04-01,105.971726637,0.281123918575,0.281123918576
0999,Consumer Price Index,2023-05-01,105.71645493,-0.240886616363,-0.240886616363
0999,Consumer Price Index,2023-06-01,105.143515225,-0.541958870055,-0.541958870055
0999,Consumer Price Index,2023-07-01,105.312378031,0.160602206526,0.160602206526
0999,Consumer Price Index,2023-08-01,105.932556518,0.588894200727,0.588894200726
0999,Consumer Price Index,2023-09-01,107.424325972,1.40822567082,1.40822567082
0999,Consumer Price Index,2023-10-01,120.308964811,11.9941537654,11.9941537654
0999,Consumer Price Index,2023-11-01,142.382155886,18.3470875255,18.3470875255
0999,Consumer Price Index,2023-12-01,159.771939598,12.2134572299,12.2134572299
0999,Consumer Price Index,2024-01-01,178.008500332,11.4141198886,11.4141198886
0999,Consumer Price Index,2024-02-01,226.523874792,27.2545268171,27.2545268171
0999,Consumer Price Index,2024-03-01,283.827762161,25.2970630234,25.2970630234
0999,Consumer Price Index,2024-04-01,268.443603003,-5.42024467247,-5.42024467247
0999,Consumer Price Index,2024-05-01,365.688116814,36.2253049515,36.2253049515
0999,Consumer Price Index,2024-06-01,372.683716542,1.9129961862,1.9129961862
0999,Consumer Price Index,2024-07-01,361.918604039,-2.88853846452,-2.88853846452
0999,Consumer Price Index,2024-08-01,369.026111968,1.96384155164,1.96384155164
0999,Consumer Price Index,2024-09-01,411.004921593,11.37556619,11.37556619
0999,Consumer Price Index,2024-10-01,492.553042439,19.8411543419,19.8411543419
0999,Consumer Price Index,2024-11-01,633.472821591,28.6100718115,28.6100718115
0999,Consumer Price Index,2024-12-01,668.51355179,5.53152858421,5.53152858421
0999,Consumer Price Index,2025-01-01,312.365300108,-53.2746495158,-53.2746495158
0999,Consumer Price Index,2025-02-01,208.368153409,-33.2934377356,-33.2934377356
0999,Consumer Price Index,2025-03-01,292.927981848,40.5819349336,40.5819349336
0999,Consumer Price Index,2025-04-01,514.353749616,75.5905142183,75.5905142183
0999,Consumer Price Index,2025-05-01,736.586967103,43.2062987104,43.2062987104
0999,Consumer Price Index,2025-06-01,777.426287539,5.54439899975,5.54439899975
0999,Consumer Price Index,2025-07-01,824.697329246,6.08045321653,6.08045321653
0999,Consumer Price Index,2025-08-01,656.957114792,-20.3396092731,-20.3396092731
0999,Consumer Price Index,2025-09-01,568.367697816,-13.4848097359,-13.4848097359
0999,Consumer Price Index,2025-10-01,338.620525684,-40.4222782214,-40.4222782214
0999,Consumer Price Index,2025-11-01,221.127842993,-34.6974485537,-34.6974485537
0999,Consumer Price Index,2025-12-01,195.60056848,-11.5441249585,-11.5441249585
0999,Consumer Price Index,2026-01-01,198.385969782,1.42402515706,1.42402515706
0999,Consumer Price Index,2026-02-01,273.619461596,37.9227885401,37.9227885401
